1104,-0.3,-0.8,-0.2,-1.0,-0.3,-0.2,-0.3,-0.3,-0.3,-0.8,-0.2,-0.2,-0.2,-0.2,-0.2
1127,1.1,-0.8,-0.9,-0.3,-0.4,0.5,-0.8,-0.4,-0.8,-0.3,-0.8,-0.4,-0.4,-0.4,-0.4
1352,-0.2,0.0,-0.9,-0.7,-0.5,-0.4,-0.4,-0.8,-0.6,-0.6,-0.6,-0.6,-0.6,-0.6,-0.6
1364,1.2,0.5,1.4,1.7,1.1,0.0,1.8,1.4,-0.3,1.5,1.7,1.4,1.0,-0.3,0.7
1367,0.5,1.6,1.8,1.4,2.0,1.3,0.2,-0.4,1.6,1.9,1.3,0.8,0.7,0.0,0.1
1456,1.1,1.3,1.0,0.6,0.9,-0.5,-0.4,0.0,0.2,0.3,-0.1,-0.5,0.0,-0.1,0.0
1556,1.4,1.9,0.8,-0.6,2.2,2.4,1.6,1.2,0.6,1.7,2.0,1.3,1.1,2.2,2.5
1650,0.0,-0.1,-0.7,-0.2,-0.9,-0.4,-0.4,-0.1,-0.4,-0.3,-0.3,-0.3,-0.3,-0.3,-0.3
1687,-0.8,-0.7,-0.1,0.1,-0.5,0.0,-0.1,-0.5,-0.7,-0.5,-0.3,-0.3,-0.3,-0.3,-0.3
1688,-0.7,-0.3,-0.8,0.0,0.0,-0.7,-0.4,-0.6,-0.6,-0.6,-0.6,-0.6,-0.6,-0.6,-0.6
1702,-0.4,-0.8,-0.5,-0.9,-0.2,-0.6,-0.7,-0.4,-0.6,-0.7,-0.2,-0.2,-0.2,-0.2,-0.2
1705,-0.2,-0.7,2.0,0.5,0.5,0.3,1.9,2.3,1.2,2.8,0.7,1.4,2.6,0.2,0.5
1756,1.0,0.4,0.9,-0.5,-0.8,-1.0,-0.9,-0.8,-0.9,-0.5,-0.4,-0.3,-0.3,-0.3,-0.3
1780,1.7,0.5,0.3,1.6,-0.2,-0.5,0.6,1.0,0.2,0.1,0.0,0.2,1.5,1.1,-0.7
1783,2.3,1.3,0.5,0.5,1.4,2.1,1.3,1.3,1.5,2.1,0.4,-0.2,1.6,0.7,1.5
1784,-0.4,0.1,-0.3,-0.9,-0.2,-0.7,-0.1,-0.7,-0.1,-0.6,0.2,0.2,0.2,0.2,0.2
1821,0.0,-0.6,-0.3,-0.7,-0.7,-1.0,-0.4,-0.9,-0.1,-0.9,-0.5,-0.5,-0.5,-0.5,-0.5
1830,0.1,-0.6,-0.8,-0.4,-0.5,-0.8,-0.6,-0.8,-0.5,-0.3,-0.2,-0.2,-0.2,-0.2,-0.2
1894,-0.6,-0.4,-0.5,-0.7,-0.9,-0.5,-0.9,-0.5,-0.1,-0.1,-0.1,-0.1,-0.1,-0.1,-0.1
1935,-0.6,-0.6,-0.5,-0.2,-0.5,0.2,-0.6,-0.8,-1.0,-1.0,-0.4,-1.0,-1.0,-1.0,-1.0
1996,0.2,1.3,-0.1,-0.5,-0.7,-0.1,-0.6,-0.1,0.1,0.6,1.1,0.7,-0.2,-0.2,-0.9
2046,1.5,1.3,1.2,1.0,2.5,2.2,1.6,1.8,1.9,1.4,0.5,-0.3,2.1,1.2,0.3
2058,0.5,-0.4,0.0,-0.2,-0.5,-1.0,-0.2,-0.8,-0.3,-0.3,-0.3,-0.3,-0.3,-0.3,-0.3
2062,-0.5,0.2,-0.6,-0.1,0.1,0.5,-0.2,0.5,0.1,0.7,0.8,-0.2,0.0,-0.1,-0.2
2063,2.4,1.2,0.6,0.7,0.7,2.6,2.0,2.7,2.2,2.7,1.2,0.0,-0.3,0.8,1.6
2124,0.4,-0.2,0.3,1.2,1.1,1.4,0.9,0.0,-0.5,0.8,0.2,-0.3,0.1,0.7,0.3
2133,-0.6,-0.2,-0.3,0.0,-0.5,-0.1,-0.2,-0.2,-0.4,-0.3,-0.2,-0.2,-0.2,-0.2,-0.2
2138,0.5,-0.9,-0.4,-1.0,-0.4,-0.9,-0.9,-0.9,-0.9,-0.9,-0.9,-0.9,-0.9,-0.9,-0.9
2156,0.2,1.5,0.5,0.0,2.4,1.0,0.3,-0.7,-0.3,0.2,1.3,1.5,0.9,-0.1,-0.4
2210,0.0,-0.4,-0.2,-0.4,-0.5,-0.7,-0.6,-0.8,-0.5,-0.2,-0.3,-0.3,-0.3,-0.3,-0.3
2218,1.3,1.5,0.8,-0.6,0.1,-0.3,1.4,1.9,1.4,0.7,2.0,-0.2,-0.6,-0.7,-0.4
2219,1.4,3.1,1.7,1.2,0.4,2.7,1.9,0.2,-0.2,-0.3,1.4,1.5,1.4,0.1,0.2
2290,-0.1,-0.5,0.0,-0.2,-0.1,-1.0,-0.9,-0.4,-0.4,-0.4,-0.4,-0.4,-0.4,-0.4,-0.4
2291,0.9,-0.4,-0.3,-0.9,-0.7,-0.1,-0.7,-0.6,-0.6,-0.7,-0.7,-0.7,-0.7,-0.7,-0.7
2397,0.2,-0.2,-0.8,-0.2,-0.3,-0.6,-0.4,-0.6,-0.6,-0.6,-0.6,-0.6,-0.6,-0.6,-0.6
2399,2.4,1.0,0.3,-0.6,2.9,2.2,-0.2,-0.3,1.3,-0.7,0.5,1.9,1.0,-0.1,0.3
2400,-0.5,1.1,0.2,2.1,1.3,0.1,-0.4,-0.5,1.7,1.1,-0.8,0.5,1.7,0.0,-0.8
2420,1.0,-0.8,1.9,-0.4,1.1,1.7,1.2,0.9,1.5,2.0,2.1,2.0,0.4,0.8,2.5
2551,1.2,3.3,2.1,0.7,1.2,2.0,1.1,0.2,1.7,-0.1,-0.6,1.9,0.5,0.3,-0.3
2587,0.1,1.4,0.7,0.4,0.4,0.5,-0.3,0.1,-0.5,-0.3,-0.2,-0.2,-0.2,-0.2,-0.2
2666,2.8,1.6,0.6,-1.0,-0.2,1.2,0.9,-0.1,-0.9,-0.6,-0.8,-1.0,-0.3,-0.3,-0.3
2674,-0.2,-0.6,-0.3,-0.7,-1.9,-0.3,-0.3,-0.3,-0.3,-0.3,-0.3,-0.3,-0.3,-0.3,-0.3
2739,-0.1,0.2,3.2,1.6,1.6,1.6,3.2,1.2,0.4,2.2,2.5,0.7,0.5,3.0,0.7
2782,0.3,-0.6,-0.6,-1.0,-0.3,-0.8,-0.6,-0.2,-0.4,-0.6,-0.6,-0.6,-0.6,-0.6,-0.6
2847,0.4,-0.4,-0.2,-0.6,-0.6,-0.3,-0.6,-0.1,-0.4,-0.1,-0.4,-0.4,-0.4,-0.4,-0.4
2919,-0.1,-0.7,-0.3,-0.8,-0.7,-0.9,-0.3,-0.8,-0.2,-0.8,-0.1,-0.1,-0.1,-0.1,-0.1
2921,-0.2,-0.2,-0.2,-0.3,-0.8,-0.2,-0.6,-0.3,0.0,0.0,0.0,0.0,0.0,0.0,0.0
2924,0.2,2.1,2.0,1.3,-0.3,-0.2,-0.4,1.7,0.0,-0.4,0.4,0.1,-0.7,-0.3,-0.7
2951,-0.1,-0.4,-0.5,-0.5,-0.8,-0.6,1.0,0.1,0.1,0.0,-0.7,-0.7,-0.7,-0.7,-0.7
2968,1.8,1.2,1.6,0.5,0.0,1.6,0.8,-0.2,1.7,-0.5,-0.1,0.0,0.1,-0.8,-0.2
3018,1.5,1.8,1.4,0.6,0.4,1.5,1.4,0.6,3.5,1.8,1.2,1.4,-0.1,1.8,2.4
302,-0.2,1.8,0.5,-0.8,0.7,1.5,-0.3,-0.7,1.6,0.2,-0.9,1.3,1.0,0.5,1.0
3114,-0.3,1.8,1.4,0.6,2.9,1.1,0.5,-0.6,2.2,-0.8,2.6,2.3,1.6,0.6,1.0
3216,1.6,0.7,-0.1,-0.3,-0.3,-0.6,-0.4,-0.9,-0.2,-0.7,-0.8,-0.3,-0.3,-0.3,-0.3
3219,-0.8,-0.7,-0.4,-0.8,-1.0,-1.0,-0.8,-0.4,-0.7,-0.8,-0.6,-0.6,-0.6,-0.6,-0.6
3221,0.9,2.0,2.2,1.4,1.1,0.6,1.7,0.8,-1.0,0.5,2.4,0.7,-0.1,1.8,0.8
3294,-0.8,-0.2,-0.7,-0.5,-0.8,-0.4,-0.7,-0.2,-0.2,-0.5,0.8,0.8,0.8,0.8,0.8
3382,1.3,2.0,0.5,3.1,1.9,0.9,-0.2,1.1,1.2,1.2,-0.3,2.8,0.8,0.4,2.8
3390,-0.8,-0.8,-0.8,-0.9,-0.7,-1.0,-0.6,-1.0,-1.0,-0.3,-0.5,-0.5,-0.5,-0.5,-0.5
3689,0.6,-0.1,-0.4,0.1,-0.8,-0.8,-0.7,-0.5,0.1,-0.6,-0.3,-0.3,-0.3,-0.3,-0.3
3706,1.0,-0.9,0.2,1.5,0.7,-0.2,-0.2,-0.6,1.0,1.4,1.2,0.6,0.1,-0.3,0.6
3768,0.9,0.5,1.9,0.6,-0.4,1.4,2.3,1.3,1.4,0.1,-0.3,-0.2,0.8,2.3,2.2
3787,0.2,-0.3,-0.5,-0.4,-0.6,-0.5,-0.2,-0.3,-0.2,-0.1,-0.6,-0.3,-0.1,0.0,0.4
3853,0.7,-0.5,0.6,-0.6,0.4,0.2,0.1,-0.4,-0.5,-0.1,-0.1,-0.1,-0.1,-0.1,-0.1
3864,0.4,-0.5,0.1,-0.1,-0.1,-0.4,0.6,1.5,2.2,1.4,0.5,0.2,-0.2,-0.1,-1.0
3867,-0.5,-0.3,-0.5,-0.3,0.0,-1.0,-0.3,-0.6,-0.4,-0.7,-0.7,-0.7,-0.7,-0.7,-0.7
3976,0.1,-0.2,0.6,0.6,0.8,-0.1,-0.7,-0.5,-0.3,-0.7,-0.6,0.3,0.1,-0.6,-0.4
4201,-0.9,-0.3,-0.3,-0.8,-0.4,-0.5,-0.6,-0.5,-0.5,-0.3,-0.3,-0.3,-0.3,-0.3,-0.3
4289,1.2,1.8,2.1,-0.3,3.0,2.8,1.0,0.6,1.1,1.2,2.9,1.9,0.9,1.5,0.7
4315,2.1,1.0,0.4,1.5,1.5,3.1,2.1,1.0,-0.6,2.6,2.1,1.1,1.5,1.3,3.3
436,0.3,1.5,0.8,0.2,0.3,1.6,0.1,-0.1,-0.2,-0.8,-1.0,-0.6,-0.1,-1.0,-0.7
4409,-0.6,-0.6,-0.8,-0.4,-0.8,-0.7,-0.9,-0.9,-0.5,-0.5,-0.5,-0.5,-0.5,-0.5,-0.5
4420,-0.6,-0.3,-0.1,-0.4,-0.9,-0.1,-0.1,-0.1,-0.1,-0.1,-0.1,-0.1,-0.1,-0.1,-0.1
4503,-0.9,-0.5,0.1,-0.2,-0.2,-0.8,-0.4,-0.9,-0.3,-0.2,-0.2,-0.2,-0.2,-0.2,-0.2
4602,-0.2,1.5,1.0,-0.8,1.2,1.4,0.1,-0.6,2.1,1.4,0.2,-0.8,0.5,1.3,0.7
4704,0.0,-0.7,-0.3,-0.8,-0.7,0.0,0.0,-0.9,0.1,0.1,0.1,0.1,0.1,0.1,0.1
4706,0.1,1.7,0.4,-0.5,0.2,0.3,-0.9,-0.3,-0.8,0.2,-0.8,-0.2,-0.2,-0.2,-0.2
472,1.3,2.7,2.5,1.7,1.0,2.2,1.5,0.1,-0.1,2.1,1.7,0.8,2.0,2.2,2.2
473,0.4,0.8,0.0,-0.3,-0.8,-0.4,-0.3,-0.8,-0.7,-0.8,-0.8,-0.9,-0.9,-0.9,-0.9
4756,-0.4,-0.8,-0.3,-0.6,-0.5,-0.9,-0.7,-0.7,-0.7,-0.7,-0.7,-0.7,-0.7,-0.7,-0.7
4781,1.6,0.9,2.4,1.9,1.4,1.4,1.9,0.5,0.2,0.2,0.3,1.5,0.0,-0.4,0.1
483,0.6,0.6,1.3,1.0,0.6,-0.9,-0.8,2.9,0.1,-1.0,-0.7,-0.9,-0.5,-0.8,-0.6
4831,1.2,0.9,-0.4,2.5,1.7,0.9,0.0,0.1,-0.4,2.8,2.6,1.3,0.2,0.0,0.2
4913,-0.7,1.4,0.6,-0.4,-0.2,-0.6,-1.0,-0.4,-0.9,-0.9,-0.9,-0.9,-0.9,-0.9,-0.9
4914,1.3,0.9,1.6,1.5,1.4,0.2,1.5,1.3,1.2,1.8,1.2,0.5,0.8,1.5,1.0
4916,1.4,0.6,1.8,0.5,1.0,0.8,1.2,0.2,1.0,0.9,-0.3,0.2,-1.0,0.0,-0.6
494,-0.1,-0.2,-0.4,-0.2,-0.7,-0.3,-0.5,-0.7,-1.0,-0.5,-0.6,-0.6,-0.6,-0.6,-0.6
5040,1.7,3.2,2.2,1.3,0.3,-0.3,0.2,0.4,1.3,1.4,1.4,2.3,2.1,0.9,0.6
5126,0.9,-0.1,0.0,0.7,-0.4,-0.3,-0.6,-1.0,-0.8,-1.0,-1.0,-0.8,-1.0,-1.0,-0.8
5157,-0.9,-1.0,1.0,1.7,-0.3,-0.6,-0.6,-0.2,0.5,0.4,-0.5,-0.2,0.0,-0.2,0.0
5201,0.6,0.3,-0.1,-0.7,-1.0,0.0,-0.1,0.2,-0.8,-0.4,-0.2,-0.2,-0.2,-0.2,-0.2
5238,0.9,1.3,1.3,1.6,0.5,-1.0,-0.9,0.0,-0.4,0.3,0.2,0.3,0.4,0.3,-0.7
526,0.0,0.1,-0.4,-0.6,-0.3,-0.6,-0.9,-0.7,-0.6,-0.3,-0.6,-0.6,-0.6,-0.6,-0.6
5261,0.0,0.8,-0.9,-0.6,-1.0,-0.2,0.0,-0.2,-0.6,-0.7,-0.4,0.3,-0.4,0.3,0.4
5311,-0.7,-0.8,-0.8,0.0,-0.1,0.1,-0.6,-0.3,-0.8,-1.0,-0.4,-0.4,-0.4,-0.4,-0.4
5342,2.3,1.0,-0.8,1.1,0.4,-0.2,0.0,0.1,0.4,0.2,0.0,0.5,-0.4,0.7,1.3
5346,-0.3,-0.6,-0.7,-1.0,-0.6,-0.9,-0.8,-0.8,-0.7,-0.4,-0.2,-0.2,-0.2,-0.2,-0.2
536,0.3,-0.7,0.2,-0.2,0.1,-0.4,0.2,-0.8,-0.2,-0.5,-0.5,-0.5,-0.5,-0.5,-0.5
5368,-1.0,0.2,-0.6,-0.2,-0.2,-0.2,-0.8,-0.6,-0.4,-0.2,-0.4,-0.4,-0.4,-0.4,-0.4
5371,1.7,1.5,1.0,0.8,0.2,1.6,1.2,0.3,1.0,0.8,1.7,1.2,0.2,-0.1,2.6
5372,1.9,1.2,0.6,2.0,0.4,-0.2,-0.8,0.2,1.7,1.3,-0.1,-0.2,0.1,0.2,0.5
5383,-0.4,-1.0,-0.5,-0.8,-0.2,-0.6,-0.2,-0.4,-0.4,-0.4,-0.4,-0.4,-0.4,-0.4,-0.4
5439,-0.2,0.2,0.0,-0.4,-0.2,-0.1,0.2,-0.1,-0.6,-0.3,-0.2,-0.2,-0.2,-0.2,-0.2
5450,-0.7,-0.4,-0.7,-0.2,-0.3,-0.8,-0.8,-0.8,-0.8,-0.8,-0.8,-0.8,-0.8,-0.8,-0.8
5452,-0.2,-0.6,-0.8,-0.2,-0.8,-0.6,-0.2,-0.7,-0.4,-0.1,-0.6,-0.6,-0.6,-0.6,-0.6
548,2.0,1.5,-0.6,-0.7,3.1,2.1,1.4,0.9,1.9,2.4,2.1,2.8,0.4,0.4,2.2
5564,0.0,1.3,1.2,1.8,1.5,0.1,1.8,0.8,-0.3,1.8,1.5,0.5,-0.1,0.2,0.6
5569,0.7,-0.7,0.7,1.1,0.8,0.6,0.4,0.4,-0.2,0.3,-0.1,0.5,-0.2,-0.3,-0.2
5578,1.0,0.4,2.1,0.7,-0.1,-0.3,1.5,1.3,0.9,1.2,0.5,-0.5,0.4,-0.3,-0.2
562,-0.4,2.5,0.6,-1.0,0.4,2.1,1.7,0.0,-0.2,-0.5,0.1,1.5,0.6,-0.1,0.0
5660,0.2,-0.2,-0.4,-0.7,-0.2,-0.5,-0.8,-0.4,0.1,-0.7,-0.6,-0.6,-0.6,-0.6,-0.6
5668,-0.1,-0.5,-0.1,-0.8,-0.8,-0.4,-0.4,-0.6,-0.2,-0.1,-0.1,-0.1,-0.1,-0.1,-0.1
5671,-0.6,-0.4,-0.1,-0.6,0.4,-0.8,0.0,-0.7,0.0,-0.6,-0.2,-0.2,-0.2,-0.2,-0.2
569,0.1,0.5,0.2,0.6,-0.5,-0.1,-0.3,-0.7,-0.2,0.5,0.5,0.5,0.5,0.5,0.5
5774,-0.7,-0.9,0.0,-0.8,-0.2,-0.2,-0.7,-0.8,-0.2,-0.8,-1.0,-1.0,-1.0,-1.0,-1.0
5785,-1.0,-0.4,-0.6,-0.1,-0.4,-0.2,0.3,0.0,-0.6,-0.6,-0.6,-0.6,-0.6,-0.6,-0.6
5786,0.5,2.1,1.0,0.2,-0.6,0.2,1.7,-0.2,-0.9,0.0,1.2,2.3,2.0,1.7,1.1
5954,3.0,1.4,1.1,0.4,3.0,1.2,0.2,-0.3,1.5,1.4,0.5,0.8,0.3,2.1,1.5
5958,-0.6,-0.3,-0.5,-0.4,-0.2,-0.8,-0.3,-0.6,0.3,-0.6,-0.8,-0.8,-0.8,-0.8,-0.8
6018,0.2,0.1,-0.1,-0.4,0.0,-0.4,-0.3,-0.1,-0.7,-0.7,-0.3,-0.1,-0.1,-0.1,-0.1
6076,-0.3,-0.7,-0.4,-0.7,0.0,-0.4,-0.1,-0.5,-0.1,-0.6,-0.6,-0.6,-0.6,-0.6,-0.6
6084,0.4,-0.3,-0.2,0.2,-0.1,-0.3,0.3,-0.6,-0.4,-0.9,0.1,0.1,0.1,0.1,0.1
609,2.8,2.2,-0.2,-0.5,2.2,1.5,-0.4,-0.6,-0.1,0.5,-0.2,-1.0,-0.3,-0.3,-0.6
614,0.0,1.7,0.4,-0.6,-0.5,0.0,1.0,0.8,0.3,-0.5,-0.2,-0.8,-0.8,-0.8,-0.5
615,0.1,-0.4,0.2,-0.5,0.0,-0.5,-0.7,-0.6,-0.6,-0.6,-0.6,-0.6,-0.6,-0.6,-0.6
617,1.6,2.6,1.2,1.6,2.6,2.2,1.4,0.6,0.0,1.9,0.3,-0.2,-0.5,1.1,1.4
619,0.0,0.0,-0.4,-0.6,-0.5,-0.1,-0.1,-0.2,-1.0,-1.0,-0.2,-0.7,-0.5,-0.3,-0.3
6214,0.6,-0.2,0.3,-0.2,1.3,0.8,-0.5,0.3,0.0,0.2,0.1,0.4,0.4,0.4,0.4
6218,1.7,1.4,2.2,1.6,-0.2,-0.1,0.5,1.7,1.9,-0.2,-0.8,2.2,0.2,1.2,3.4
6229,0.1,1.6,0.2,-0.1,-0.6,-0.2,-0.6,-0.1,-0.7,-0.7,-0.7,-0.7,-0.7,-0.7,-0.7
624,0.7,1.9,1.1,-1.0,1.5,-1.0,0.3,1.8,1.9,1.1,0.2,-0.2,1.4,2.9,1.8
6270,-0.6,-0.5,-0.1,0.2,-0.3,-0.1,-0.5,-0.1,-0.5,-0.5,-0.5,-0.5,-0.5,-0.5,-0.5
6287,1.3,1.5,1.9,1.1,0.0,0.4,2.9,1.5,-0.3,2.8,0.9,-0.1,1.3,3.3,3.3
6309,-0.7,-0.2,-0.8,0.8,-0.7,-0.7,0.2,-0.1,-0.3,-0.6,-0.1,-0.1,-0.1,-0.1,-0.1
6378,0.2,-0.9,-1.0,-0.8,-0.3,-0.9,-0.9,-1.3,-0.8,-0.4,-0.8,-0.8,-0.8,-0.8,-0.8
646,-0.4,-1.0,-0.2,-0.6,-0.9,-0.2,-1.0,-0.9,-0.9,-0.9,-0.9,-0.9,-0.9,-0.9,-0.9
648,-0.1,-0.9,-0.6,-1.0,-0.8,-0.5,-0.9,-0.2,-0.2,-0.2,-0.2,-0.2,-0.2,-0.2,-0.2
6490,0.0,-0.2,-0.1,-0.7,-0.3,-0.6,0.1,-0.1,-0.1,-0.1,-0.1,-0.1,-0.1,-0.1,-0.1
6506,-0.3,-0.9,-0.1,-0.9,-0.1,-1.0,-0.7,-1.0,-0.3,-0.5,-0.3,-0.3,-0.3,-0.3,-0.3
6507,-0.1,-0.3,-0.2,0.1,-0.1,-0.6,-0.5,-0.5,-0.7,-0.6,-0.3,-0.3,-0.3,-0.3,-0.3
6518,0.3,-0.5,-0.7,-0.9,-0.3,-0.6,-0.5,-0.7,-0.4,-0.3,-0.3,-0.3,-0.3,-0.3,-0.3
6533,-1.0,-0.4,-1.0,-0.5,-0.6,-0.9,-1.0,-0.5,-0.5,-0.5,-0.5,-0.5,-0.5,-0.5,-0.5
6628,1.4,2.3,1.9,2.1,1.9,1.3,1.4,1.7,2.1,1.6,0.8,0.1,2.7,2.2,1.6
665,0.5,1.1,0.7,-0.1,0.8,1.8,0.6,1.0,1.1,1.5,0.5,2.1,1.7,0.7,0.5
6796,-0.4,0.1,-0.3,0.1,-0.8,0.1,0.2,0.0,0.0,0.0,0.0,0.0,0.0,0.0,0.0
6832,0.4,-0.3,-0.3,-0.3,-0.3,-0.3,-0.3,-0.3,-0.3,-0.3,-0.3,-0.3,-0.3,-0.3,-0.3
723,0.7,2.1,1.5,-0.8,-0.8,0.3,1.6,0.6,-1.0,-1.0,-0.5,0.0,0.8,0.5,1.0
773,0.5,0.8,1.2,1.0,1.5,0.5,-1.0,0.4,1.3,1.2,0.3,1.3,0.9,0.2,1.5
787,0.4,-0.2,2.9,1.9,1.3,1.7,1.6,1.1,0.9,1.8,0.8,-0.3,1.8,0.7,0.9
861,-0.2,-0.9,-1.0,-0.8,-0.7,-1.0,-0.7,-0.9,-0.9,-0.6,-0.6,-0.6,-0.6,-0.6,-0.6
995,-0.5,-0.5,-0.5,-0.3,-0.8,-0.6,-1.0,-0.8,-0.4,-0.8,-0.8,-0.8,-0.8,-0.8,-0.8
10324,-0.3,-1.0,0.2,-0.7,0.0,-0.9,-0.5,-1.0,-0.8,-0.8,-0.8,-0.8,-0.8,-0.8,-0.8
10382,-0.1,-0.5,-0.2,-0.3,-0.2,-0.2,-0.8,-0.5,-0.1,0.3,-0.4,-0.2,-0.2,-0.3,-0.1
10510,-0.1,0.1,-0.1,-0.2,-0.3,-0.6,-0.1,-0.2,-0.6,-0.5,-0.5,-0.5,-0.5,-0.5,-0.5
10567,0.3,1.5,1.4,2.0,0.9,-0.1,1.8,1.1,0.7,1.5,0.8,0.3,-0.3,1.8,1.4
10681,0.9,1.5,0.5,0.3,0.4,-0.9,-0.2,-0.6,-0.3,-0.4,0.0,-1.0,-1.0,-0.6,-0.2
10804,-0.7,-0.7,-0.2,0.7,1.3,0.9,0.8,0.2,-0.5,-0.3,0.2,-0.3,0.1,-0.3,-0.3
10810,0.2,0.1,0.0,0.0,0.0,0.0,-0.2,0.2,-0.2,0.0,0.0,0.0,0.0,0.0,0.0
10811,-0.3,-0.2,-0.5,-0.2,-0.3,-0.3,-0.3,-0.3,-0.3,-0.3,-0.3,-0.3,-0.3,-0.3,-0.3
10820,0.3,0.5,0.6,-0.2,-0.6,-0.2,0.1,-0.5,-0.8,0.0,-0.5,-0.4,-0.4,-0.1,-1.0
10822,0.3,-0.1,-1.0,-0.5,-0.6,-0.2,-0.3,-0.5,-0.6,-0.3,-0.5,-0.4,-0.3,0.0,0.0
10880,-0.3,0.3,-1.0,-0.7,-0.1,-0.2,-0.3,-0.5,-0.1,-0.3,-0.7,-0.8,-0.5,-0.4,-0.5
10987,0.4,0.0,0.2,-1.0,0.1,-0.2,-0.4,-0.3,-0.4,-0.6,-0.6,-0.6,-0.6,-0.6,-0.6
10992,-0.1,-0.7,-0.2,-0.6,-0.3,-0.4,-0.2,-0.6,-0.6,-0.6,-0.6,-0.6,-0.6,-0.6,-0.6
10996,-0.4,-0.5,-0.3,-0.7,-0.7,-0.8,-0.2,-0.4,-0.3,-0.3,-0.6,-0.1,-0.3,-0.6,-0.5
11001,-0.6,-0.5,-0.1,-0.5,-0.1,-1.4,0.0,-0.4,-0.5,-0.3,-0.1,-0.6,-0.5,-0.2,-0.2
11021,1.0,-0.3,-0.6,0.0,-0.5,-0.6,-0.2,-0.9,-0.9,-0.3,-0.3,-0.3,-0.3,-0.3,-0.3
11087,0.0,-0.6,-0.4,-0.1,0.1,-0.3,-0.2,-0.2,-0.3,-0.5,0.0,-0.2,-0.8,-0.7,-0.5
11099,-1.0,-0.2,-0.5,2.8,1.5,0.0,-0.5,-0.5,-0.3,0.7,1.3,2.5,0.1,-0.2,1.0
11105,1.0,2.3,1.5,1.1,1.6,1.3,0.8,2.2,1.3,0.6,1.4,0.8,1.2,1.9,0.7
11162,-0.3,-0.1,0.2,0.6,1.2,1.4,0.3,-0.5,0.2,1.4,0.3,-0.7,0.3,0.8,1.0
11189,-0.2,0.2,0.5,-0.3,0.3,-0.3,-0.1,-0.3,-0.2,-0.3,-0.1,-0.3,-0.6,0.0,-0.2
11248,0.9,1.0,1.3,2.1,2.8,1.3,1.2,1.6,0.9,0.5,1.6,2.1,1.5,1.3,0.3
11348,-0.9,-0.2,-0.1,-0.6,-0.8,-0.5,0.1,-0.1,-0.4,-0.6,-1.0,-1.0,-0.8,-0.5,-1.0
11350,-0.4,-0.3,0.0,-0.2,-0.2,-0.2,-0.2,-0.2,-0.2,-0.2,-0.2,-0.2,-0.2,-0.2,-0.2
5653,-0.6,0.8,1.5,1.3,0.1,-0.5,1.0,1.5,1.5,0.3,-0.3,-0.1,-0.1,0.7,-0.3
6186,-0.6,2.1,0.5,1.4,1.7,-0.8,0.5,1.9,1.5,-0.8,-0.7,0.3,1.5,0.6,1.7
6305,2.1,1.5,1.7,-0.2,2.1,1.0,0.3,0.2,1.6,2.2,2.3,2.0,1.3,2.3,2.1
6618,1.5,1.2,2.0,1.2,0.0,1.9,2.4,0.7,3.0,2.2,1.5,-0.3,1.4,2.8,3.5
6707,2.8,2.0,0.9,1.8,1.8,1.3,1.0,0.4,-0.2,1.5,0.9,-0.2,-0.5,-0.2,-0.4
6743,0.7,1.0,-0.6,0.8,-0.4,0.5,-0.8,0.1,-0.1,-0.1,-0.7,-0.7,-0.7,-0.7,-0.7
6804,-0.5,-0.8,0.0,-0.5,-0.2,-0.6,-0.7,-0.8,-1.0,-0.7,-0.7,-0.7,-0.7,-0.7,-0.7
6895,0.0,0.7,0.2,-0.2,0.0,-0.7,-0.6,-0.4,-1.0,-0.8,-0.7,-0.7,-0.7,-0.7,-0.7
6922,-0.5,-0.4,-0.5,-0.2,-0.4,-0.4,-1.0,-0.6,-0.6,0.1,-0.7,-0.7,-0.7,-0.7,-0.7
6974,-0.1,0.0,0.8,-0.7,0.2,-0.3,-0.4,-1.0,-0.6,-0.1,-0.9,-0.8,-0.8,-0.8,-0.8
6975,-0.2,0.7,1.3,1.2,0.6,0.4,0.4,0.3,0.1,-0.6,-0.5,0.3,-0.4,-0.7,-0.7
6982,0.0,-0.1,-0.2,-0.5,-0.4,-0.6,-0.3,-0.9,-0.6,-0.5,-0.5,-0.5,-0.5,-0.5,-0.5
6990,0.1,-1.0,-1.0,-0.3,-1.0,-0.2,-0.8,-0.6,-0.7,-0.6,-0.6,-0.6,-0.6,-0.6,-0.6
7076,0.7,1.4,0.9,1.1,0.3,-0.6,0.0,-0.3,-0.2,-0.2,-0.8,-0.5,-0.7,-0.8,-0.8
7134,1.7,0.9,0.0,1.6,0.8,0.0,0.8,1.0,-0.3,0.9,0.8,0.2,-0.3,0.8,0.3
7142,-0.8,-0.7,-0.8,-0.3,0.3,-0.5,-0.6,-0.5,-0.5,-0.4,-0.4,-0.4,-0.4,-0.4,-0.4
7169,0.2,-0.3,-0.3,-0.9,-0.8,-1.0,-0.8,-0.7,1.6,0.9,0.9,0.9,0.9,0.9,0.9
7175,0.8,-0.2,-0.9,-0.7,-0.9,-0.7,-1.0,-0.5,-0.5,-0.5,-0.5,-0.5,-0.5,-0.5,-0.5
7176,1.3,1.4,1.2,2.1,1.0,-0.1,0.1,-0.3,-0.4,0.4,0.1,0.0,-0.1,-0.4,-0.7
7180,2.4,2.1,2.0,1.2,0.9,2.2,2.5,1.5,1.3,1.7,1.3,1.0,0.3,3.6,1.9
7225,0.0,-0.3,0.1,-0.7,0.0,-0.4,-0.2,-0.3,-0.5,-0.6,-0.6,-0.6,-0.6,-0.6,-0.6
7240,0.0,0.0,0.4,-0.8,-0.1,0.2,0.1,-0.5,-0.9,-0.7,-0.5,-0.5,-0.5,-0.5,-0.5
7272,1.5,0.8,0.1,-0.1,0.1,-0.9,-0.9,-0.5,-0.5,-0.7,0.1,-1.0,-1.0,-1.0,-1.0
7285,1.1,1.1,0.7,0.7,1.2,0.6,-0.9,0.0,-1.0,-0.4,-0.7,-0.7,-0.7,-0.7,-0.7
7297,0.0,0.0,-1.0,-0.6,-0.4,-0.5,-1.0,-0.3,-0.1,-0.4,-1.0,-1.0,-1.0,-1.0,-1.0
7306,1.1,1.7,1.9,1.0,0.6,-0.6,0.3,0.6,-0.4,0.0,-0.7,-0.5,-0.7,-0.1,-0.8
7307,0.3,1.5,0.6,0.7,1.2,0.5,1.3,0.8,1.8,1.4,0.2,1.0,2.2,1.3,0.2
7367,-0.6,-0.7,0.6,-0.2,0.3,-1.0,-0.8,-1.0,-0.8,-0.8,-0.9,-1.0,-0.7,-0.8,-0.9
7376,0.1,-0.5,-0.8,-0.6,-0.5,-1.0,-0.3,-0.3,-0.5,-0.8,-1.0,-1.0,-1.0,-1.0,-1.0
7378,0.9,2.0,1.1,0.5,0.8,1.4,1.2,1.0,0.1,0.2,1.2,0.5,0.5,-0.8,0.4
7461,-0.6,-0.8,-0.8,-0.7,-0.8,-0.2,-0.2,-0.2,-1.0,-0.5,-0.6,-0.6,-0.6,-0.6,-0.6
7463,0.2,1.9,1.2,-0.1,-0.5,0.0,1.3,1.0,0.4,-0.5,-0.4,-0.5,-0.3,-0.2,-0.2
7472,-0.1,0.0,-0.1,-0.4,-0.6,-0.4,-0.9,-1.0,-0.5,-0.7,-0.1,-0.1,-0.1,-0.1,-0.1
7479,-0.8,-0.8,-0.6,-0.7,-0.1,-0.6,-0.2,-1.0,-0.2,-1.0,0.2,0.2,0.2,0.2,0.2
7481,-0.3,-0.4,-0.5,-0.9,-0.4,0.5,0.5,-0.6,-0.7,-0.7,-0.8,-0.1,-0.1,-0.1,-0.1
7591,-0.5,-0.2,-1.0,-0.1,-0.5,-1.0,-0.4,-0.3,-0.7,-0.7,-0.7,-0.7,-0.7,-0.7,-0.7
7623,0.0,0.0,-0.3,-1.0,-0.6,-0.8,-0.1,-0.6,-0.3,-0.6,-0.7,-0.7,-0.7,-0.7,-0.7
7626,-0.5,0.5,0.0,-0.3,-0.2,-0.6,-0.2,-0.9,-0.5,-0.3,-1.0,-1.0,-1.0,-1.0,-1.0
7736,-0.3,-0.5,-0.8,-0.2,-0.2,-0.3,-1.0,-0.8,-0.8,-0.9,-0.7,-0.7,-0.7,-0.7,-0.7
7737,-1.0,-0.7,-0.8,-0.4,-0.7,-0.6,-1.0,-0.8,-0.9,-0.3,-0.1,-0.1,-0.1,-0.1,-0.1
7742,-0.2,-0.7,-0.6,-0.5,-0.3,-0.2,-0.9,-0.9,-0.5,-1.0,-1.0,-1.0,-1.0,-1.0,-1.0
7746,1.5,2.0,1.7,2.6,3.1,2.5,1.8,1.4,1.3,1.9,1.4,1.1,1.9,1.4,-0.1
7758,0.5,-0.6,0.2,-0.8,-0.5,-0.8,-0.5,-1.0,-0.6,-0.2,-0.2,-0.2,-0.2,-0.2,-0.2
7768,-0.7,-0.8,-0.8,-0.5,-0.2,-0.5,-0.8,-1.0,-1.0,-0.3,-1.0,-1.0,-1.0,-1.0,-1.0
7809,0.0,-0.2,-0.4,-0.2,-0.7,-0.5,-0.3,-0.5,-0.7,-0.8,-0.7,-0.3,-0.1,-0.8,0.0
7815,0.2,-0.2,1.5,0.9,2.1,2.1,2.0,2.4,1.7,1.3,1.2,1.5,1.2,1.3,0.9
7965,2.8,1.9,1.7,0.4,-0.9,0.7,1.9,2.7,1.8,1.1,0.4,-0.2,2.0,1.1,-0.2
7981,0.6,2.8,3.4,2.1,1.1,0.8,3.0,2.5,1.4,2.6,2.6,1.2,-0.1,1.8,1.6
7994,0.7,-0.5,0.2,-0.9,0.0,-0.1,0.1,-0.7,-0.7,-0.7,-0.7,-0.7,-0.7,-0.7,-0.7
8059,0.1,-0.3,2.3,0.5,-0.7,-0.5,0.6,0.3,-0.3,-0.2,-0.3,-0.8,-0.8,-0.9,-0.9
8100,-0.1,-0.4,-0.8,-0.3,0.2,0.0,-0.5,-0.4,-0.3,-0.3,-0.3,-0.3,-0.3,-0.3,-0.3
8147,-0.3,-0.5,-0.3,-0.5,-0.3,-0.4,-0.1,-0.3,-0.7,-0.1,-0.3,-0.3,-0.3,-0.3,-0.3
8179,0.6,2.0,0.3,0.4,0.4,-0.5,-0.4,-1.0,-1.0,-0.6,-0.3,-0.6,-0.6,-0.6,-0.6
8187,0.0,-0.1,-0.2,-0.4,-0.1,-0.2,0.3,-0.8,0.0,-0.7,-0.7,-0.7,-0.7,-0.7,-0.7
8216,-0.7,-0.5,-0.7,-0.8,-1.0,-0.7,-0.7,-0.7,-0.7,-0.7,-0.7,-0.7,-0.7,-0.7,-0.7
8217,-0.5,0.0,0.0,-1.0,-0.6,-1.0,-0.4,-0.3,-0.3,-0.3,-0.3,-0.3,-0.3,-0.3,-0.3
8231,-0.1,0.0,-0.4,-0.6,-0.8,-0.5,-0.8,-0.8,-0.8,-0.8,-0.8,-0.8,-0.8,-0.8,-0.8
8307,-0.6,-0.9,-0.1,-0.7,-0.1,-0.9,-0.2,-0.2,-0.7,-1.0,-0.2,-0.2,-0.2,-0.2,-0.2
8332,1.5,1.9,1.4,0.7,-0.6,0.6,0.0,-0.5,-0.7,0.2,-0.9,-0.6,-0.7,-0.7,-0.7
8356,-0.5,0.3,-0.6,0.0,-0.8,-0.9,-1.0,0.4,-0.9,-0.7,-0.5,-0.5,-0.5,-0.5,-0.5
8377,0.8,-0.2,0.0,0.1,0.6,-0.2,0.8,-0.1,0.3,0.0,0.0,0.0,0.0,0.0,0.0
8404,-0.7,-0.5,-0.3,-0.7,-0.4,-0.5,-0.7,-0.3,-0.3,-0.3,-0.3,-0.3,-0.3,-0.3,-0.3
8442,-0.3,-0.4,-0.1,-0.5,-0.4,-0.7,-0.5,-0.9,-0.7,-0.6,-0.6,-0.6,-0.6,-0.6,-0.6
8463,0.7,1.4,2.4,2.4,1.5,1.4,0.6,-0.8,-0.7,-0.9,-0.3,-1.0,0.0,1.7,1.5
8517,-0.2,-0.2,-0.1,-0.9,-0.7,-1.0,-0.8,-0.7,-0.7,-0.7,-0.7,-0.7,-0.7,-0.7,-0.7
8588,1.3,0.6,-0.1,-0.7,-0.6,-0.2,-0.2,-0.3,0.6,-0.2,-0.3,-0.7,-0.7,-0.7,-0.7
8598,-0.8,-0.8,0.0,-1.0,-0.5,-1.0,-0.3,0.2,1.0,0.2,0.0,1.1,1.8,0.9,0.5
8625,-0.5,-0.3,-0.3,-0.7,-0.3,0.1,0.0,-0.6,-0.1,0.0,0.0,0.0,0.0,0.0,0.0
8689,-0.3,0.2,0.0,-0.1,-0.6,-0.4,-0.6,-0.4,-0.6,-0.3,-0.6,-0.6,-0.6,-0.6,-0.6
8720,-0.4,0.1,-0.1,-0.3,-0.7,-0.4,-0.3,-0.2,-0.1,-0.5,-0.5,-0.5,-0.5,-0.5,-0.5
8731,0.0,-0.4,0.0,-0.3,-0.7,-1.0,-0.3,-1.0,0.3,-0.7,-0.7,-0.7,-0.7,-0.7,-0.7
8735,-0.4,-0.3,-0.7,0.3,0.0,-0.3,-0.4,-0.6,-0.6,-0.6,-0.6,-0.6,-0.6,-0.6,-0.6
8816,-0.2,0.6,0.6,0.1,-0.1,-0.2,-0.2,0.2,-0.4,-0.4,-0.4,-0.4,-0.4,-0.4,-0.4
8837,1.4,1.5,1.9,1.2,0.5,0.5,1.8,0.5,0.2,0.0,1.1,1.0,1.6,1.9,1.2
8953,-0.6,-0.7,0.0,-0.2,-0.9,-1.1,-0.9,-0.8,-0.5,-0.9,-0.7,-0.7,-0.7,-0.7,-0.7
8981,-0.2,-0.5,0.2,0.0,1.2,0.7,0.9,1.1,0.2,1.0,1.3,0.8,2.4,1.2,1.1
8989,0.5,2.2,1.6,0.5,0.1,-0.5,-0.3,-0.1,0.0,-0.3,0.0,0.1,-0.6,-0.6,-0.7
9023,-0.3,-1.0,-0.9,-0.8,-0.4,-0.6,-0.4,-0.5,-0.5,-0.7,-0.7,-0.7,-0.7,-0.7,-0.7
9031,2.0,0.9,-0.5,-0.1,-0.1,-0.1,1.8,1.1,0.5,0.3,2.1,1.6,0.6,2.5,2.0
9040,-0.3,-1.0,0.0,-0.8,-0.4,-0.8,-1.0,-1.0,-0.9,-0.3,-0.4,-0.4,-0.4,-0.4,-0.4
9093,0.3,0.1,-1.0,-0.4,-0.2,1.5,0.0,0.0,0.7,-0.5,0.4,0.0,-0.7,-0.7,-0.7
9098,-0.3,-0.8,-0.5,-0.7,-0.5,-1.0,-1.0,-1.0,-1.0,-1.0,-1.0,-1.0,-1.0,-1.0,-1.0
9111,-0.6,-0.6,-0.4,-0.9,-0.7,-0.5,-0.9,-0.8,-0.8,-0.8,-0.8,-0.8,-0.8,-0.8,-0.8
9136,0.0,-0.4,-0.3,-0.8,-0.9,-0.1,-0.2,-0.2,-0.2,-0.2,-0.2,-0.2,-0.2,-0.2,-0.2
9142,-0.3,-0.8,-0.1,-1.0,-1.0,-0.5,-0.9,-0.9,-0.5,-0.5,-0.5,-0.5,-0.5,-0.5,-0.5
9154,0.0,0.0,0.2,-0.9,-0.2,-0.5,-0.6,-0.4,-0.7,-0.7,-0.5,-0.5,-0.5,-0.5,-0.5
9165,0.0,0.1,-0.6,0.0,0.0,-0.1,-0.6,-0.2,-0.2,-0.2,-0.2,-0.2,-0.2,-0.2,-0.2
9247,1.5,0.2,0.9,1.6,0.8,0.2,2.0,0.7,0.6,1.5,1.5,0.5,0.4,0.4,1.4
9252,0.8,0.8,0.5,0.4,0.4,0.0,-0.6,-0.5,-0.8,-0.6,-0.5,-0.7,-0.7,0.0,-0.1
9273,0.6,1.8,0.9,-0.1,1.2,1.5,0.5,0.3,-0.3,-0.4,0.0,-0.1,0.4,-0.1,-0.2
9275,0.0,2.8,2.0,0.7,-1.0,0.0,1.9,0.4,0.0,0.7,1.5,1.8,1.1,-0.3,-0.5
9276,-0.1,-0.6,0.1,-0.8,0.0,-0.4,0.3,-0.7,-0.7,-0.7,-0.7,-0.7,-0.7,-0.7,-0.7
9282,0.2,0.0,-0.1,-0.4,-0.1,-1.0,-0.7,-0.2,0.1,-0.8,-0.8,-0.8,-0.8,-0.8,-0.8
9285,1.3,1.0,2.0,0.8,-0.6,0.6,1.7,0.8,0.4,0.2,2.1,-0.1,-0.7,-0.1,0.1
9286,1.3,2.7,1.8,1.0,2.1,1.6,0.5,2.6,0.3,-0.7,0.7,-0.7,0.5,-0.1,-0.7
9288,0.9,-0.8,-0.6,-0.9,-0.6,-0.5,-0.4,-0.5,-1.0,-0.7,-0.8,-0.8,-0.8,-0.8,-0.8
9295,1.7,1.7,2.0,1.1,1.7,2.5,0.9,-0.3,0.5,-0.4,0.3,-0.5,-0.3,-0.7,-0.2
9306,-0.2,-0.4,-0.5,-0.2,-0.5,-0.1,-0.5,0.0,-0.6,-0.1,-0.5,-0.5,-0.5,-0.5,-0.5
9307,0.1,0.2,1.7,0.6,0.0,0.5,0.8,0.8,0.7,0.1,0.2,0.7,-0.4,-0.4,-0.4
9312,0.5,-0.3,-0.3,-0.2,-0.3,-0.5,-0.2,-0.2,-0.5,-0.5,-0.5,-0.5,-0.5,-0.5,-0.5
9315,-0.7,-0.4,0.2,-0.1,-0.8,-0.3,-0.6,0.0,-0.6,-0.6,-0.6,-0.6,-0.6,-0.6,-0.6
9348,-0.2,-0.1,-0.4,-0.7,-0.7,-0.1,-0.9,-0.9,-0.5,-0.9,-0.8,-0.8,-0.8,-0.8,-0.8
9349,-0.2,1.6,1.8,0.7,0.2,1.6,1.4,0.4,-0.2,-0.3,0.2,1.8,1.1,0.5,0.1
9350,0.8,-0.5,0.0,-0.2,0.5,0.7,1.5,1.4,0.5,0.3,0.5,-0.2,0.5,-0.2,0.8
9390,1.1,1.8,1.3,0.6,0.1,2.3,1.8,1.0,0.2,2.3,1.4,0.9,1.9,0.4,-0.3
9397,0.5,-0.2,0.4,0.1,0.1,-0.3,-0.2,-0.8,-0.2,-0.6,-0.3,-0.3,-0.3,-0.3,-0.3
9398,-0.7,-0.3,-0.9,-0.6,-0.3,-0.4,-0.1,-0.7,-0.5,-0.4,-0.8,-0.8,-0.8,-0.8,-0.8
9422,2.2,1.1,0.6,0.0,-0.1,0.7,1.6,1.4,1.1,0.8,0.9,1.5,1.7,1.1,0.6
9430,0.0,0.1,-0.6,-0.6,-0.6,-0.9,-0.8,-1.0,-0.4,-0.1,-0.9,-0.9,-0.9,-0.9,-0.9
9474,1.2,2.1,1.3,1.2,1.4,1.0,0.9,1.3,1.8,1.6,0.7,0.4,2.0,1.0,0.6
9478,1.8,1.1,0.7,0.9,1.9,0.9,0.9,1.2,0.6,-0.3,1.9,0.8,0.3,-0.3,0.7
9487,-0.2,-0.5,-0.6,-0.9,-0.3,0.5,0.0,-1.0,-1.0,-1.0,-1.0,-1.0,-1.0,-1.0,-1.0
9492,0.2,2.5,0.6,0.1,0.9,1.8,0.6,-0.4,-0.9,2.2,0.3,-0.7,-0.4,0.0,-0.2
9558,0.6,3.3,1.8,0.5,-0.8,0.4,1.9,1.3,-0.1,-0.2,0.5,1.1,2.5,2.0,0.6
9583,0.6,2.4,1.4,0.5,0.0,-0.6,0.4,0.8,0.2,-0.6,0.8,1.2,2.1,0.3,-0.1
9649,1.2,-0.4,0.5,1.7,-0.6,0.8,0.5,0.4,-0.4,0.1,-0.1,0.8,-0.3,0.4,0.4
9654,0.0,-0.1,-0.3,-0.8,-0.5,-0.6,-1.0,-0.7,-0.2,-0.2,-0.3,-0.3,-0.3,-0.3,-0.3
9655,-0.1,0.1,-0.1,-0.3,-0.1,-0.6,-0.2,-0.5,0.1,-0.3,0.1,0.1,0.1,0.1,0.1
9675,1.5,1.1,-0.8,-0.9,-0.1,-0.9,-0.9,-0.7,-0.7,-0.7,-0.7,-0.7,-0.7,-0.7,-0.7
9681,1.7,2.3,2.7,1.3,0.1,0.1,0.4,1.1,1.5,0.6,-0.1,-0.4,0.2,0.0,0.9
9721,1.6,0.0,0.3,3.2,2.6,1.5,1.1,0.6,1.9,2.3,0.5,0.3,0.0,2.3,1.7
9734,2.3,1.4,-0.1,-1.0,2.1,0.6,-0.3,1.6,0.5,-0.3,1.4,2.2,1.3,0.3,0.4
9735,0.7,2.9,2.2,0.6,0.2,0.3,0.1,1.8,1.1,0.6,0.8,1.0,1.4,1.5,1.5
9741,0.4,0.0,0.2,0.9,0.5,-0.1,0.6,0.0,-0.3,-0.3,-0.1,-0.1,-0.1,-0.1,-0.1
9746,0.4,0.0,0.2,-0.5,-0.2,-0.7,-0.7,-0.6,-0.3,-0.7,-0.4,-0.9,-0.9,-0.9,-0.9
9748,2.3,1.0,1.5,0.6,0.5,2.3,1.7,1.2,1.4,1.3,0.1,2.1,1.6,1.4,0.4
9758,1.1,2.0,0.2,-0.3,-0.2,0.5,0.1,-0.4,-0.5,-0.7,-0.6,-0.5,-0.8,-0.5,-0.7
9763,-0.7,1.2,1.5,0.4,-0.3,1.5,1.8,1.2,1.4,-0.3,0.6,1.4,2.5,1.0,-0.3
9798,0.2,1.3,0.7,1.7,0.6,0.6,0.7,-0.3,-0.3,-0.5,-0.4,-0.5,-0.8,-0.7,-0.6
9821,1.1,1.3,0.4,1.7,0.7,-0.6,-0.7,-0.5,1.9,-0.3,0.1,-0.8,0.9,1.0,1.6
9827,1.1,1.5,1.8,1.3,0.4,-0.3,1.1,0.6,1.3,0.9,0.8,0.5,0.2,-0.2,-0.3
9947,0.0,0.2,-0.8,-0.3,-0.3,-0.2,0.1,-0.5,-0.8,-0.3,0.0,-0.1,-0.1,0.1,0.0
9981,0.2,2.5,1.5,-0.3,1.8,1.5,1.2,1.6,1.6,2.1,2.3,0.8,1.8,1.0,-0.3
9996,1.4,1.6,1.2,0.2,0.5,0.3,-0.6,-0.4,-0.5,0.2,-0.4,-0.5,-0.4,-0.7,-0.3
10444,1.4,1.8,2.9,2.7,1.6,2.1,2.3,1.4,1.4,1.7,3.3,2.4,1.4,1.0,1.4
10520,1.9,1.2,0.8,0.9,2.3,0.9,0.1,2.1,0.5,-0.5,-0.4,-0.4,0.3,-0.3,0.9
10870,-0.1,2.8,2.7,1.6,0.3,-0.4,0.3,1.8,1.2,0.6,0.0,1.2,2.0,1.1,0.3
10999,1.1,1.3,2.0,-0.3,-0.2,-1.0,-1.0,-0.6,0.0,-0.6,-0.3,-0.5,-0.2,-0.2,-0.2
11049,1.7,3.0,0.4,0.6,1.7,1.7,2.2,0.8,2.1,1.7,0.5,3.1,2.4,0.9,0.7
11112,-0.6,-0.5,0.2,-0.6,0.2,-0.7,-0.5,-0.7,-0.3,-0.1,-0.1,-0.1,-0.1,-0.1,-0.1
11142,0.6,2.1,0.2,0.5,1.9,0.5,-0.6,0.1,1.7,1.0,1.0,0.3,3.1,-0.4,0.9
11179,-0.5,0.2,-0.4,-0.3,0.1,-0.1,0.1,-0.2,0.0,-0.2,-0.2,-0.9,-0.9,-0.9,-0.9
11181,-0.1,0.1,1.8,0.9,0.3,0.5,-0.5,-0.3,-0.5,-0.4,-0.8,-0.3,-1.0,-1.0,-1.0
11186,0.0,0.7,0.5,0.4,0.3,-0.4,-0.6,-0.8,-0.1,0.0,-0.6,-0.7,-0.4,-0.5,-0.3
11249,-0.2,-0.1,0.1,0.2,-0.2,-0.2,-0.4,-0.2,-0.1,-0.5,-0.5,-0.1,-0.3,-0.3,-0.8
11250,1.7,1.0,1.9,2.8,2.0,2.4,2.1,0.8,1.4,1.7,0.6,0.6,1.6,1.9,1.6
11336,0.3,0.0,-0.2,-0.2,0.1,-0.1,-0.3,0.6,0.3,0.0,0.0,0.0,0.0,0.0,0.0
11337,-0.2,-1.0,0.0,-0.8,-0.7,0.0,-0.7,0.2,-0.3,0.5,0.5,0.5,0.5,0.5,0.5
11344,-0.9,-0.2,-1.0,-0.3,-1.1,-0.8,-0.9,-1.0,-0.6,-0.9,-1.0,-1.0,-1.0,-1.0,-1.0
11346,1.4,1.4,2.1,1.4,0.8,0.5,0.2,-0.2,-0.4,0.5,-0.5,-0.1,0.2,0.7,1.5
11347,0.1,-0.8,-0.4,0.2,-0.8,0.0,-0.2,0.1,0.0,0.0,0.0,0.0,0.0,0.0,0.0
11366,0.2,2.0,1.4,0.7,0.6,1.5,1.5,1.7,2.2,1.7,-0.1,-0.2,1.2,0.5,0.7
11371,-1.0,2.1,-0.2,1.3,2.2,1.2,0.8,0.5,0.5,1.6,1.5,0.2,-0.1,0.4,1.5
11393,0.0,-0.1,0.1,-0.3,-0.4,-0.9,0.1,-0.8,-0.8,-0.7,-0.1,-0.1,-0.1,-0.1,-0.1
11449,0.1,-0.5,0.5,1.0,2.2,0.0,2.6,0.4,0.4,1.5,0.9,0.5,0.8,0.2,1.4
11455,-0.5,-0.6,0.1,-0.2,-0.7,-0.4,-0.9,-0.7,-0.7,-0.4,-0.6,-0.9,-0.7,-0.5,-0.4
11456,-0.5,-0.4,-0.3,-0.4,-0.2,-0.8,-0.3,-0.3,-0.3,-0.5,-0.5,-0.5,-0.5,-0.5,-0.5
11503,0.8,1.6,1.4,0.9,-0.2,-0.6,0.4,0.4,-0.3,-0.3,0.7,1.4,-0.2,-0.6,0.3
11528,-0.3,0.0,0.3,0.3,0.3,0.4,0.3,0.4,-0.5,-0.4,-0.5,0.0,-0.2,-0.6,0.0
11550,-0.1,-0.5,-0.1,-0.9,-0.1,-0.8,0.1,-0.9,-0.4,-0.3,-0.2,-0.2,-0.2,-0.2,-0.2
11575,-0.2,-0.6,-0.5,-0.5,0.2,0.2,-0.1,-0.3,-0.2,-0.2,0.4,0.0,-0.3,-0.6,-0.3
11578,1.9,-0.5,1.7,3.7,2.9,3.3,2.7,3.4,3.0,3.8,2.6,0.9,0.4,1.4,2.2
11602,-0.1,1.0,-1.5,-0.7,-0.8,-1.0,-1.0,-0.9,-0.7,-0.6,-0.3,-0.8,-0.8,-0.8,-0.8
11653,1.1,0.0,0.5,-0.5,-0.9,-0.7,-0.6,0.8,0.2,-0.2,-0.6,-1.0,-0.2,-0.9,-0.8
11654,1.7,1.2,0.6,2.0,1.9,0.7,-0.1,1.4,1.4,0.8,1.1,1.0,1.1,-0.1,-0.2
11658,-0.2,1.0,0.8,1.7,-0.3,0.6,-0.2,0.1,0.1,0.2,0.4,0.9,1.2,1.3,1.0
11668,1.6,0.8,-0.2,0.1,-0.4,-0.9,-0.3,-0.6,-0.5,-0.2,-0.3,-0.3,-0.3,-0.3,-0.3
11698,0.7,3.0,1.5,0.0,-0.3,0.1,-0.7,-0.5,-0.9,-0.5,-0.3,-0.1,0.1,-0.2,-0.8
11740,-0.9,-0.3,-1.0,-0.4,-0.9,-0.8,0.1,-0.5,-1.0,-0.2,-0.6,-0.6,-0.6,-0.6,-0.6
11741,-0.2,0.6,-0.2,0.0,-0.3,0.0,-0.1,0.2,-0.4,-0.1,-0.5,-0.5,-0.5,-0.5,-0.5
11750,-0.3,0.5,0.0,-0.1,-0.4,-0.1,0.0,-1.0,-0.9,-1.0,-0.5,-0.5,-0.5,-0.5,-0.5
11767,0.6,2.2,0.9,0.3,0.7,1.1,2.2,1.2,0.5,0.2,0.5,0.8,0.6,-0.3,0.0
11768,1.5,3.0,0.7,1.0,1.6,1.3,2.5,1.9,2.7,1.8,2.9,0.8,2.8,2.0,2.3
11798,1.2,1.1,1.4,1.5,0.8,0.1,-0.5,-0.1,-0.2,0.0,-0.2,-0.4,-0.4,-0.5,-0.4
11805,1.4,1.1,1.1,0.7,1.5,-0.1,-0.4,-0.6,-0.8,-0.2,0.0,-0.9,0.0,0.8,0.0
11824,-0.2,-0.1,-0.6,-0.3,0.1,0.1,-1.0,-0.5,-0.6,0.0,-0.6,-0.1,0.0,-0.7,-0.5
11847,0.9,0.0,-0.2,-0.3,0.1,0.0,0.5,-0.4,-0.3,0.0,0.2,0.4,-0.2,-1.0,-0.5
11890,-0.2,-0.8,-0.5,-0.8,-0.6,-0.5,-0.3,-0.5,1.9,1.3,-0.4,-0.5,-0.8,-1.0,-1.0
11891,1.6,1.6,1.9,1.0,2.1,1.8,0.8,1.6,1.6,1.4,1.6,2.0,2.0,0.2,1.6
11894,-0.6,-0.3,0.1,-0.1,0.0,-0.4,0.1,0.0,-0.1,-0.6,-0.6,-0.6,-0.6,-0.6,-0.6
11895,1.2,1.2,0.6,0.0,0.7,1.0,2.0,1.7,1.4,1.5,0.4,-0.2,0.0,0.7,0.5
11900,1.2,0.6,-0.3,0.0,1.3,1.0,1.0,1.4,1.6,0.5,-0.6,-0.3,-0.3,0.2,0.5
11901,0.4,-0.5,-0.3,-1.0,-0.2,-0.1,0.0,-0.5,-0.2,0.0,-0.4,-0.2,-0.5,-0.5,-0.1
11909,1.9,0.6,0.3,0.0,0.3,0.6,0.9,0.6,0.1,-0.8,-0.2,-1.0,0.0,0.0,0.0
11957,0.2,1.1,1.1,1.7,0.2,-0.8,-1.0,-1.0,-0.4,-0.1,0.3,0.4,0.0,0.3,-0.5
11962,-1.1,-0.6,0.0,-0.8,-0.6,-0.9,-0.7,-0.9,-0.9,-0.9,-0.9,-0.9,-0.9,-0.9,-0.9
11983,2.2,1.0,0.6,0.7,1.5,0.8,0.2,0.1,1.6,1.5,-0.2,1.0,1.2,1.8,0.8
11991,0.9,-0.7,-0.2,-0.2,0.0,-0.7,-0.5,-0.5,-0.5,-0.7,-0.7,-0.7,-0.7,-0.7,-0.7
12000,1.3,2.3,2.2,0.8,0.2,-0.4,-1.0,0.0,1.0,1.0,0.7,0.7,0.8,0.5,0.4
12015,1.4,2.3,2.1,2.1,1.7,1.3,2.1,2.0,2.0,2.3,3.1,2.2,2.3,2.2,1.2
12030,1.0,1.9,1.3,0.5,0.6,-0.3,0.9,0.5,0.8,0.1,0.0,0.0,0.5,0.5,0.6
12056,-0.2,-0.1,0.6,-0.1,-0.3,-0.2,-0.5,-0.3,-0.1,-0.5,-0.3,-0.3,-0.4,0.0,-0.2
12072,0.6,0.5,-0.5,0.0,-0.6,-0.5,-0.9,-0.3,-1.0,0.0,-0.2,-0.2,-0.2,-0.2,-0.2
12084,1.1,1.3,1.9,0.7,0.7,0.7,0.9,1.1,1.2,1.3,1.3,0.4,0.3,0.7,1.1
12087,-0.2,-0.7,-0.3,-0.3,-0.4,-0.6,-0.2,-0.5,-1.0,0.7,-0.2,-0.2,-0.2,-0.2,-0.2
12091,-0.2,-0.2,-0.1,-0.8,-0.3,-0.7,-0.5,-1.0,0.0,-0.2,-0.6,-0.6,-0.6,-0.6,-0.6
12094,-0.2,0.0,-0.5,-0.3,-0.1,0.1,-0.6,-0.4,-0.2,-0.2,-0.8,-0.8,-0.7,-0.3,-0.5
12100,-0.2,0.3,0.0,0.0,-0.5,-0.6,-0.6,-0.6,-0.6,-0.6,-0.6,-0.6,-0.6,-0.6,-0.6
12102,-1.0,-0.5,-0.6,-0.3,-0.2,0.3,-0.1,-0.1,-0.1,-0.1,-0.1,-0.1,-0.1,-0.1,-0.1
12127,0.2,0.5,0.2,0.1,0.1,0.1,-0.3,-0.3,-0.3,-0.3,-0.3,-0.3,-0.3,-0.3,-0.3
12178,0.0,0.3,0.2,0.4,0.1,0.4,0.5,0.1,-0.9,-0.3,-0.4,0.3,0.1,0.3,-0.7
12180,0.3,1.2,0.9,1.8,1.1,1.5,1.0,0.9,1.6,1.1,1.0,-0.1,1.3,1.9,1.0
12182,0.3,-0.3,0.0,-0.9,-0.8,-0.9,-0.9,-0.7,-0.2,-0.2,-0.2,-0.2,-0.2,-0.2,-0.2
12185,1.9,-0.1,0.2,0.0,0.6,0.3,0.5,0.1,-0.3,-0.1,-0.3,-0.2,-0.2,0.8,-0.3
12195,1.8,1.5,1.1,1.2,0.9,1.5,0.5,0.0,0.7,1.2,1.0,0.6,0.3,0.7,0.6
12255,0.1,-0.2,-0.2,-0.7,-0.3,-0.3,-0.5,-0.4,0.1,-1.0,-1.0,-1.0,-1.0,-1.0,-1.0
12265,-0.2,1.3,0.8,0.5,0.9,1.0,1.4,0.8,1.1,1.0,1.4,1.4,0.2,0.3,0.1
12269,0.2,0.1,-0.8,-0.9,-0.4,-0.5,-0.5,-0.7,-0.1,-0.1,0.0,0.0,0.0,0.0,0.0
12281,0.0,-0.1,-0.4,-0.7,-0.5,-0.7,-0.5,-1.0,-0.8,-0.7,-0.7,-0.7,-0.7,-0.7,-0.7
12339,0.0,1.0,0.6,-0.1,-0.3,-0.3,-0.1,-0.2,-0.4,-0.1,-0.3,-0.1,0.1,-0.5,-0.1
12342,-0.3,-0.9,-0.5,-0.2,0.1,0.2,-0.6,-1.0,-0.4,-0.4,-0.4,-0.4,-0.4,-0.4,-0.4
12343,-0.3,-0.5,-0.2,-0.6,-0.5,-0.6,-0.6,-0.5,-0.9,-0.5,-0.6,-0.4,-0.3,-0.5,-0.2
12347,-0.9,-0.8,-0.2,-0.5,-0.8,-0.9,-1.0,-0.5,-1.0,-0.8,-1.0,-0.6,-0.9,-0.5,-0.4
12386,0.0,-0.3,0.2,0.5,0.2,0.4,0.2,-0.4,0.0,-0.4,-0.2,-0.6,0.0,0.0,0.2
12390,-0.1,0.0,0.1,-0.9,-0.1,-0.6,0.1,-0.3,-0.1,-0.5,0.1,0.1,0.1,0.1,0.1
12409,0.0,-0.3,-0.8,-0.8,-0.9,-0.3,0.0,-0.6,-0.5,-0.4,-0.5,-0.8,-0.3,-0.2,-0.4
12410,-0.3,-0.2,-0.8,-0.5,-0.4,-0.3,-0.5,-1.0,-0.3,-0.2,-0.9,-0.6,-1.0,-0.3,-0.7
12465,-0.6,-0.8,-0.3,-0.5,-0.2,-0.5,-0.2,-0.4,-0.2,0.0,-0.3,-0.4,-0.2,-0.1,-0.3
12471,-0.9,1.3,0.9,2.5,2.0,0.9,-0.2,1.3,-0.6,0.1,1.4,1.2,-0.8,0.8,1.2
12529,0.2,0.0,-0.7,0.1,0.0,-0.9,-0.5,0.1,-0.6,0.5,0.5,0.5,0.5,0.5,0.5
12550,1.3,1.1,2.9,2.0,0.9,0.2,-0.7,-0.5,-0.5,-0.8,-0.2,-0.5,-0.5,-0.5,-0.1
12573,-0.3,-0.8,-0.5,-0.2,-0.3,-0.4,-0.6,-0.6,-1.0,-0.3,-0.8,0.0,0.0,0.0,0.0
12590,-0.6,-0.6,-0.3,-0.6,-0.7,-0.3,-0.6,-0.3,-1.0,-0.6,-0.6,-0.6,-0.6,-0.6,-0.6
12634,0.2,-0.1,-1.0,-0.7,-0.2,-0.6,-0.4,-0.5,-0.8,-0.5,-1.0,-1.0,-1.0,-1.0,-1.0
12645,-0.5,-0.1,-0.2,-0.5,-0.7,-0.5,-0.4,-0.8,-0.6,-0.1,0.4,0.4,0.4,0.4,0.4
12649,0.0,-1.0,-0.9,0.1,-0.4,0.1,-0.8,-0.7,-0.1,-0.1,-0.7,-0.7,-0.7,-0.7,-0.7
12671,1.4,2.4,1.4,-0.1,-0.9,-0.3,-0.6,0.3,0.0,0.3,-0.6,-0.9,-0.2,-0.4,-0.6
12694,0.4,0.3,-0.5,-0.1,0.0,0.1,0.1,-0.7,0.4,-0.2,0.0,0.0,0.0,0.0,0.0
12761,0.0,-0.7,0.1,-0.8,0.2,-0.2,-0.2,-0.3,0.3,-0.2,-0.3,-0.3,-0.3,-0.3,-0.3
12794,0.4,1.4,1.8,1.3,0.6,-1.4,-0.2,0.2,1.8,0.8,0.0,2.2,-0.1,0.3,0.4
12852,-0.5,-0.5,-1.0,-0.3,-1.0,0.2,0.0,-0.2,0.1,0.1,0.1,0.1,0.1,0.1,0.1
12866,0.3,0.7,0.0,0.2,0.0,0.3,0.7,-0.2,-0.3,0.0,-0.3,-0.3,-0.3,-0.3,-0.3
12883,0.1,-0.4,-0.1,-1.0,0.0,-0.6,-0.5,-0.1,-0.7,-0.8,-0.6,-0.6,-0.6,-0.6,-0.6
12889,2.6,0.6,0.3,1.6,0.9,0.4,-0.8,1.9,1.5,0.6,0.0,0.5,0.1,0.0,0.0
12895,-0.5,-0.7,-0.3,0.2,-0.4,0.0,0.0,-0.6,-0.8,-0.1,-0.3,0.0,-0.5,-0.7,0.0
12910,0.7,0.9,1.8,0.8,1.6,-0.5,-0.3,-0.1,-0.1,0.1,-0.9,-0.4,-0.3,-0.7,-0.6
12922,0.2,0.0,0.7,-0.2,1.2,0.9,0.5,0.7,0.0,-0.1,0.0,0.1,0.2,0.0,-0.3
12944,-0.1,1.3,1.6,-0.1,-0.6,-0.3,1.9,0.8,3.2,2.6,1.9,0.9,0.7,0.5,-0.2
12983,-0.8,0.2,-0.2,0.0,-1.0,0.1,0.1,-0.7,-0.3,-0.7,-0.8,-0.8,-0.8,-0.8,-0.8
12996,0.5,0.9,2.0,1.4,1.4,0.7,-0.4,-0.2,2.0,0.9,-0.3,-0.2,2.1,1.2,0.9
12997,-0.2,0.4,0.0,0.2,0.5,0.1,0.1,0.4,0.2,0.1,-0.2,-0.2,-0.2,-0.2,-0.2
12998,0.5,0.0,0.2,-0.6,-0.2,-0.3,0.0,-0.5,-0.5,-0.5,-0.5,-0.5,-0.5,-0.5,-0.5
13013,0.2,0.0,0.5,-0.2,1.0,-0.1,0.5,1.1,1.4,1.8,0.4,-0.1,0.4,0.2,2.0
13066,1.7,1.9,0.0,1.1,1.0,1.4,1.3,1.6,0.6,-0.8,-0.1,-0.6,-0.2,0.3,1.2
13076,-0.7,-0.8,-0.5,-0.8,-0.1,-0.3,-0.1,-0.8,-0.5,-0.2,-0.2,-0.2,-0.2,-0.2,-0.2
13080,1.5,1.0,0.2,-0.7,1.2,1.5,1.3,0.8,0.5,0.5,0.6,0.0,-0.5,-0.7,-0.5
13084,3.7,3.5,1.2,2.1,0.3,2.7,0.3,0.6,0.3,0.6,1.7,0.7,-0.2,-0.6,-0.4
13157,-1.0,-0.4,-0.6,-0.1,-0.3,-0.4,-0.5,0.0,-0.6,-0.7,0.2,-0.5,-0.6,-0.6,-0.6
13172,0.3,-0.7,-0.4,-0.9,-0.4,-0.8,-0.8,-0.7,-0.5,0.0,-0.7,1.5,-0.9,-0.1,-0.4
13176,-0.3,-0.2,-0.1,-0.7,0.5,0.1,0.0,0.2,0.0,0.1,0.2,0.0,-0.8,-0.5,0.5
13177,-0.5,-0.4,-0.3,-0.3,-1.2,-0.5,-0.3,-0.8,-0.4,-0.8,-0.3,-0.3,-0.3,-0.3,-0.3
13188,0.1,-0.4,-0.2,0.3,-0.3,-0.4,-0.3,0.3,-0.4,0.0,-0.3,-0.3,-0.3,-0.3,-0.3
13238,-0.1,0.0,0.4,0.2,-0.3,-0.6,-0.5,0.4,-0.1,-0.2,0.2,0.2,0.2,0.2,0.2
13267,-0.2,0.2,0.1,0.0,-0.3,-0.7,-0.7,-0.7,-0.7,-0.7,-0.7,-0.7,-0.7,-0.7,-0.7
13299,0.9,-0.1,0.9,1.8,0.4,2.2,2.1,0.1,1.5,0.7,-0.5,0.0,0.1,-0.1,-0.9
13311,1.5,0.5,0.9,0.5,0.9,0.2,-0.7,-0.7,-0.3,-0.8,-0.6,-0.7,0.3,-0.9,-0.9
13377,0.8,-0.3,-0.3,-0.8,0.0,-0.7,-0.7,-0.5,-0.4,-0.5,-0.5,-0.5,-0.5,-0.5,-0.5
13380,0.2,-0.3,-0.1,-0.7,0.0,-0.3,-0.4,-0.3,-0.5,-0.4,-0.2,-0.2,-0.2,-0.2,-0.2
13384,0.8,1.6,1.2,0.8,-0.5,-0.3,-0.1,0.4,0.9,0.5,0.1,1.0,1.3,1.3,1.7
13405,0.5,1.6,0.5,0.3,-0.9,1.0,1.2,1.2,1.0,1.2,1.6,1.0,0.1,1.3,1.7
13414,1.1,1.1,1.1,1.0,0.6,0.5,0.4,0.4,-0.7,-0.7,-0.1,-0.1,-0.6,0.1,-0.2
13415,2.4,1.7,0.6,1.4,2.3,3.2,2.1,1.7,0.2,2.9,2.3,1.4,1.7,1.5,1.3
13458,0.8,0.7,-0.4,0.1,0.3,0.2,-0.2,-0.4,-0.5,-0.5,-0.5,-0.5,-0.5,-0.5,-0.5
13486,-0.7,0.4,-0.9,-0.4,-0.7,-0.1,-0.7,0.1,-1.0,-0.5,0.0,-0.2,-0.2,-0.2,-0.2
13496,0.1,0.3,-0.4,0.6,0.3,-1.0,0.3,-0.5,-0.2,-0.5,0.0,0.0,0.0,0.0,0.0
13504,1.3,1.9,1.9,1.2,0.6,0.4,0.0,0.9,1.1,1.4,1.4,0.8,1.3,1.1,0.7
13540,-0.3,-0.6,-0.4,-0.5,-0.5,-0.5,-0.5,-0.1,-0.7,-0.6,-0.6,-0.6,-0.6,-0.6,-0.6
13554,0.5,1.1,0.5,1.2,1.0,0.5,0.3,0.0,0.6,0.7,0.4,0.2,0.2,0.4,0.4
13568,2.1,0.8,-0.2,0.9,0.5,0.0,-0.3,0.2,0.3,-0.7,-0.3,-1.0,-1.0,-1.0,-0.7
13625,-0.1,1.6,0.7,-0.3,-0.5,-0.2,-0.2,-0.3,-0.3,-0.6,-0.1,-1.0,-0.9,-0.7,-0.3
13628,0.9,-0.2,-0.2,-0.3,-0.8,-0.7,-0.4,-0.9,-0.2,-0.2,-0.2,-0.2,-0.2,-0.2,-0.2
13633,0.5,-0.1,-0.5,-0.7,-0.5,-0.5,-0.7,-0.6,-1.0,-0.8,-0.8,-0.8,-0.8,-0.8,-0.8
13661,-0.3,-0.2,-0.6,-0.5,-0.8,-0.5,-1.0,-1.0,-1.0,-1.0,-1.0,-1.0,-1.0,-1.0,-1.0
13668,-0.3,-0.2,-0.5,-0.2,-0.9,-0.9,-0.9,-0.9,-0.9,-0.9,-0.9,-0.9,-0.9,-0.9,-0.9
13694,-0.4,-0.1,-0.3,-0.3,0.1,-1.0,0.0,-0.1,0.2,-0.3,-0.3,-0.3,-0.3,-0.3,-0.3
13798,0.8,3.1,2.4,1.3,3.3,2.0,0.4,-0.5,-0.4,1.5,0.9,-0.4,-0.5,1.5,2.0
13801,2.0,1.3,0.3,0.6,1.0,1.5,1.2,0.6,0.8,0.9,1.2,1.2,0.8,0.2,0.8
13815,0.6,-0.3,-0.2,-0.9,-0.7,-0.9,-0.5,-0.6,0.0,-0.4,-0.4,-0.4,-0.4,-0.4,-0.4
13920,-0.1,0.3,-0.8,-0.2,0.2,0.0,0.2,-0.8,-0.8,0.1,0.1,0.1,0.1,0.1,0.1
13921,-0.7,-0.4,0.0,-0.8,-0.3,-0.3,-0.4,-0.1,-0.6,-0.7,-0.7,-0.7,-0.7,-0.7,-0.7
12682,1.0,1.8,2.8,2.9,2.4,1.9,2.5,2.9,1.4,0.4,2.4,2.0,1.1,0.8,1.9
13472,1.1,1.5,0.9,0.4,2.3,-0.2,1.4,1.3,1.7,0.8,0.5,1.6,2.5,0.1,1.0
13550,2.2,1.3,2.2,1.8,1.1,3.4,2.0,1.3,0.6,1.4,2.1,1.0,0.8,2.5,2.7
13639,0.4,0.5,0.0,0.1,0.2,-0.5,0.0,-0.6,0.0,0.2,0.2,0.2,0.2,0.2,0.2
13641,0.2,1.5,1.1,1.0,2.4,1.5,0.0,-0.1,1.7,0.6,0.2,1.1,0.9,1.1,0.5
13642,0.3,3.2,2.9,1.3,1.1,1.6,2.2,2.0,1.2,0.4,0.2,1.8,1.0,0.2,-0.3
13770,0.3,0.8,2.3,1.5,0.7,0.7,1.9,0.8,0.3,0.7,1.5,1.1,2.4,2.0,0.7
13806,0.1,0.1,0.1,0.2,0.4,0.2,-0.2,0.5,-0.4,-0.5,-0.5,-0.5,-0.5,-0.5,-0.5
13818,-0.4,0.1,1.3,0.7,1.8,0.3,0.5,0.6,0.5,-0.6,-0.7,-0.8,-0.7,-0.7,-0.6
13904,1.2,0.8,1.5,1.2,0.4,-0.3,1.6,1.0,-0.4,-0.3,-0.4,0.4,0.7,1.6,0.9
13923,0.8,0.1,-0.8,0.3,0.2,-0.5,-0.3,-0.5,-0.8,-0.4,-0.7,-0.7,-0.7,-0.7,-0.7
14029,0.1,0.8,-0.6,-0.4,-1.0,0.4,-2.0,0.2,-0.7,-0.7,-0.9,-0.9,-0.9,-0.9,-0.9
14030,0.8,-0.1,-0.1,-0.2,-0.2,-0.5,-0.2,-0.1,-0.3,-0.3,-0.3,-0.3,-0.3,-0.3,-0.3
14037,1.1,2.1,1.8,0.0,1.0,1.1,2.0,2.2,0.7,1.1,2.4,0.8,0.3,0.6,1.9
14079,0.3,-0.7,-0.5,-0.2,0.1,-0.1,-0.1,-0.7,0.2,-0.9,0.1,0.1,0.1,0.1,0.1
14122,0.6,2.3,1.3,1.5,-0.2,-0.3,-0.1,-0.3,-0.2,-0.2,-0.7,-0.1,-0.6,-0.4,-1.0
14184,1.8,2.3,1.3,1.6,2.1,1.5,0.2,0.6,2.1,0.9,-0.2,0.1,0.3,1.0,0.6
14199,0.1,-0.5,-0.6,-0.6,0.1,-0.6,-0.4,-0.8,-0.3,-0.1,-0.1,-0.1,-0.1,-0.1,-0.1
14211,0.0,2.7,0.1,1.5,0.2,1.9,0.0,-1.0,-0.5,-0.7,-0.7,0.4,-1.0,-0.6,-0.9
14256,0.2,-0.1,-0.4,-0.6,0.1,0.1,0.4,-0.2,-0.2,-0.1,-0.1,-0.1,-0.1,-0.1,-0.1
14316,0.0,-0.8,-0.1,-0.5,-0.8,0.2,-0.8,-0.5,-1.0,-0.6,-0.2,-0.2,-0.2,-0.2,-0.2
14324,0.0,-0.8,-0.4,0.1,-0.5,-0.4,-0.4,-0.4,-0.4,-0.4,-0.4,-0.4,-0.4,-0.4,-0.4
14325,-0.5,-0.4,-0.5,0.1,0.1,-0.4,-1.0,-0.3,-0.2,-0.5,-0.5,-0.5,-0.5,-0.5,-0.5
14327,-0.4,-0.6,0.0,-0.1,0.0,-1.0,-0.6,0.0,-0.3,-0.9,-0.2,-0.2,-0.2,-0.2,-0.2
14340,0.7,-0.2,0.1,-0.9,-0.4,-0.3,0.3,-0.3,-1.0,-0.4,-0.2,-0.2,-0.2,-0.2,-0.2
14403,-0.7,-0.7,-0.8,-0.1,-0.9,0.0,-0.9,-1.0,-0.2,-1.0,-1.0,-1.0,-1.0,-1.0,-1.0
14410,-0.1,1.3,0.7,2.8,2.4,1.9,-0.9,0.0,-0.3,0.4,0.0,-0.6,-0.8,-0.5,-1.0
14429,0.2,-0.8,-0.3,-0.7,-0.8,-0.8,0.6,0.1,0.0,0.3,-0.5,-0.5,-0.5,-0.5,-0.5
14430,-0.1,-0.8,-0.3,-0.8,-0.8,-0.2,-0.9,0.0,0.2,-0.2,0.3,0.3,0.3,0.3,0.3
14434,0.0,0.0,0.0,0.0,0.0,0.0,0.0,0.0,0.0,0.0,0.0,0.0,0.0,0.0,0.0
14443,-0.6,-0.3,-0.8,-0.4,-1.0,-0.2,-0.2,-0.4,-0.4,-0.4,-0.4,-0.4,-0.4,-0.4,-0.4
14448,0.3,1.4,1.5,1.2,-0.4,-0.4,0.4,0.9,0.5,0.7,0.1,0.0,-0.9,-0.5,-0.7
14493,1.3,2.2,2.1,-0.2,0.3,1.3,0.9,1.1,2.3,1.0,0.2,1.2,1.9,1.0,0.9
14496,-0.1,0.6,0.1,-0.7,-0.3,-0.7,-0.2,-0.6,-0.4,-0.3,-0.5,-0.5,-0.5,-0.5,-0.5
14527,-0.2,-0.4,-1.0,-0.1,-0.4,-0.4,-0.4,-0.4,-0.4,-0.4,-0.4,-0.4,-0.4,-0.4,-0.4
14529,1.8,1.8,0.6,0.8,0.5,2.0,0.0,1.6,1.0,2.1,2.6,0.1,0.2,1.8,1.3
14541,-0.6,-0.8,-0.8,-0.5,-0.6,-0.4,-0.5,0.0,-0.9,-0.3,-0.3,-0.3,-0.3,-0.3,-0.3
14547,-0.1,-0.1,-0.6,-0.2,-0.5,-0.5,-0.4,-0.2,-0.3,-0.1,-0.2,-0.3,-0.1,-0.5,-0.5
14554,-0.7,-0.9,-0.8,-0.3,-0.3,-0.1,0.1,-0.3,0.1,-0.6,0.1,0.1,0.1,0.1,0.1
14605,1.1,1.0,1.3,0.9,0.9,0.4,-0.7,0.1,0.0,-0.1,-0.9,-0.7,-0.4,-0.1,-0.1
14611,1.0,1.5,1.2,0.8,2.6,2.0,1.3,0.8,2.5,0.1,1.0,2.6,1.7,1.0,1.0
14626,-0.1,-0.7,-0.5,-0.1,-0.3,-0.7,0.0,-0.2,-0.2,-0.2,-0.2,-0.2,-0.2,-0.2,-0.2
14636,-0.7,-0.8,-0.1,-0.3,0.0,-0.7,-0.6,-0.4,0.4,-0.4,-0.4,-0.4,-0.4,-0.4,-0.4
14646,-0.4,0.2,0.3,-0.4,0.1,-0.2,0.3,-0.3,-1.0,-0.1,-0.1,-0.1,-0.1,-0.1,-0.1
14677,-0.2,0.5,-0.7,-0.1,-0.4,-0.1,-0.8,-0.3,-0.8,-0.8,-0.8,-0.8,-0.8,-0.8,-0.8
14682,0.0,0.4,3.3,2.1,0.8,0.3,1.1,-0.1,0.5,1.9,1.8,1.7,1.4,1.2,0.5
14703,0.8,-0.8,-0.3,-0.3,-0.3,-0.3,-0.3,-0.3,-0.3,-0.3,-0.3,-0.3,-0.3,-0.3,-0.3
14783,-1.0,-0.5,0.0,0.2,-0.6,0.2,-0.1,-0.6,-0.2,-0.5,-0.5,-0.5,-0.5,-0.5,-0.5
14787,-0.6,1.7,1.3,-0.2,-0.2,-0.4,0.1,-0.5,-0.1,-0.9,-0.5,-0.6,-0.6,-1.0,-0.3
14836,-0.2,-0.2,0.4,-0.6,0.5,-0.6,0.1,-0.3,0.1,-0.4,0.0,0.0,0.0,0.0,0.0
14841,0.5,0.0,0.1,-0.2,0.1,0.5,0.2,0.0,-0.3,0.2,-0.1,0.0,-0.1,0.5,0.8
14915,-0.5,-0.5,-1.0,-0.5,-0.8,0.0,0.2,-0.2,-0.8,-0.6,-0.6,-0.6,-0.6,-0.6,-0.6
14918,0.5,-0.3,0.5,0.3,0.7,0.8,0.6,0.4,0.0,0.4,0.4,0.8,1.1,0.5,0.5
14926,-1.0,-0.8,-0.1,-0.8,-0.3,-0.7,-0.3,-0.5,0.0,-1.0,-1.0,-1.0,-1.0,-1.0,-1.0
14977,1.8,1.3,1.8,2.7,2.3,1.3,1.5,0.9,1.7,2.4,1.5,0.2,-0.6,-0.5,-0.2
15029,0.5,-0.3,-0.4,0.7,-0.7,-0.4,-0.3,-1.0,-1.0,-1.0,-1.0,-1.0,-1.0,-1.0,-1.0
15042,2.0,0.8,1.5,1.0,0.6,0.3,0.0,0.0,-0.2,0.0,-0.5,0.2,-0.1,0.0,0.6
15058,0.2,0.1,-0.8,-0.4,-0.5,-0.4,-0.8,-0.2,-0.8,-0.2,-0.2,-0.2,-0.2,-0.2,-0.2
15150,0.7,2.9,1.6,3.3,2.4,3.0,1.9,0.7,2.7,2.0,1.0,1.4,2.4,2.5,1.5
15154,1.7,0.7,0.6,1.3,1.3,1.3,1.6,0.2,0.1,0.1,1.1,0.7,1.1,0.7,1.0
15156,0.3,1.9,-0.1,-0.1,-1.0,-0.7,-0.3,-1.0,-1.0,-0.6,-0.3,-0.8,-0.2,-0.6,-0.4
15158,0.4,-0.5,-0.8,-0.7,-0.9,0.8,-0.3,-0.7,-0.8,-1.0,-1.0,-1.0,-1.0,-1.0,-1.0
15164,-0.3,1.1,0.1,0.2,0.4,0.0,-0.4,1.7,0.4,0.2,-0.1,-1.0,-0.9,-0.6,-0.2
15175,2.0,1.7,0.9,0.1,-0.2,-0.8,-0.5,-0.6,-0.4,-0.5,-0.5,-0.2,-0.5,-1.0,-1.0
15180,0.2,0.2,0.2,-0.1,-0.1,0.3,0.2,0.1,0.6,-0.4,-0.7,0.4,0.1,0.0,-0.4
15247,2.1,0.3,1.7,1.6,2.2,0.9,-0.5,-0.6,-0.7,0.1,1.3,0.8,0.6,1.1,0.4
15248,-0.5,-0.9,0.1,-0.8,-0.3,0.0,-0.2,1.5,0.8,1.3,0.7,-0.1,-0.2,0.0,0.0
15256,0.1,1.9,1.0,0.3,1.5,2.6,0.5,1.2,0.2,2.1,1.8,0.8,1.2,1.5,1.0
15273,-0.3,-0.8,-0.3,0.3,0.3,0.3,0.3,0.3,0.3,0.3,0.3,0.3,0.3,0.3,0.3
15277,2.0,0.8,1.1,0.5,1.0,0.0,0.8,1.2,0.6,0.0,0.1,0.3,-0.1,0.0,0.8
15329,-0.2,-1.0,-0.8,-0.4,-0.2,-0.7,-0.4,-0.7,-0.1,-0.4,-0.4,-0.4,-0.4,-0.4,-0.4
15333,1.5,0.8,1.4,2.3,1.7,0.5,2.7,2.1,1.3,2.1,0.8,0.4,2.5,0.6,2.0
15352,0.6,1.0,0.8,0.8,0.3,-0.2,-0.5,-0.3,-0.5,0.0,-0.6,-0.6,-0.6,-0.6,-0.6
15357,2.9,0.6,0.9,2.3,1.7,1.1,-0.4,0.6,-0.5,1.5,1.5,1.3,1.0,0.1,-0.1
15413,-0.4,-0.3,-0.1,-0.7,-0.2,-0.2,-0.7,-0.7,-0.7,-0.7,-0.7,-0.7,-0.7,-0.7,-0.7
15424,-0.3,0.6,0.5,-0.8,0.3,-0.6,0.0,-0.6,-0.8,-0.7,-0.5,-0.5,-0.5,-0.5,-0.5
15442,1.3,1.2,1.3,0.4,2.2,1.7,0.8,-0.5,0.2,0.3,0.1,-0.8,-0.2,0.2,-0.2
15471,0.8,2.4,1.4,1.2,1.9,1.7,1.0,0.8,1.9,2.3,2.1,1.7,2.7,0.9,0.7
15476,-0.7,-0.6,0.3,-0.6,-0.2,-0.6,-0.7,-1.0,-0.2,-0.9,-0.9,-0.9,-0.9,-0.9,-0.9
15489,0.2,-0.2,-0.4,-0.1,-0.1,-0.5,-0.7,-0.5,-0.2,-0.4,-0.4,-0.4,-0.4,-0.4,-0.4
15500,2.1,0.5,2.4,0.8,0.2,0.1,1.5,0.5,0.6,0.8,1.5,0.9,0.5,0.5,0.4
15506,0.2,3.9,2.0,0.5,-0.7,0.6,2.8,3.3,1.4,0.8,0.0,3.0,1.1,0.1,0.3
15513,1.1,0.8,2.8,0.9,0.6,0.2,0.2,0.0,-0.1,0.5,0.0,-0.1,0.4,-0.5,0.1
15517,0.6,2.1,1.0,0.8,2.9,1.8,2.0,1.6,1.1,0.9,2.2,2.1,0.5,2.0,1.5
15551,0.5,-0.8,-0.7,-0.7,-0.8,-0.8,-0.7,-0.3,-0.3,1.0,1.2,1.0,0.5,-0.1,0.1
15560,2.0,1.1,0.5,1.4,1.5,0.7,-1.0,-1.0,-0.4,-0.2,0.7,0.2,-0.2,0.2,0.0
15570,0.8,2.6,1.8,1.1,1.3,1.9,1.8,0.5,1.9,1.0,0.6,2.2,1.9,1.2,0.8
15585,1.5,0.4,0.6,0.5,1.5,1.3,0.9,1.2,1.0,1.0,0.9,1.2,0.7,1.1,1.6
15645,-0.1,0.6,2.7,2.3,1.6,1.9,1.2,1.2,2.5,0.1,0.3,1.1,1.5,0.2,0.3
15665,-0.4,0.0,-0.1,0.2,-0.5,-0.3,0.1,-0.1,0.0,0.0,0.0,-0.4,-0.9,-0.9,-0.4
15668,-0.5,-0.4,-0.3,-0.8,-0.6,-0.8,-0.4,-0.7,-0.2,-0.2,-0.2,-0.2,-0.2,-0.2,-0.2
15678,2.8,1.2,-0.3,0.2,-0.6,0.4,0.8,0.7,0.1,0.4,0.1,0.5,0.0,0.3,0.1
15722,-0.1,-0.4,-0.8,-0.9,-0.6,0.6,-0.1,1.4,1.7,1.5,1.4,-0.1,0.8,2.1,1.4
15757,-0.2,-0.3,-0.5,-0.7,-0.6,-0.6,-0.2,-0.8,-0.4,-0.6,-0.6,-0.6,-0.6,-0.6,-0.6
15758,0.2,-0.1,0.0,-0.3,-0.1,0.0,0.0,0.0,-0.3,-0.8,-0.7,-0.5,0.1,0.1,0.1
15759,-0.3,-0.1,-1.0,-0.5,-0.2,0.0,-0.1,0.1,-0.5,-0.8,-0.8,-0.8,-0.8,-0.8,-0.8
15765,-0.3,-0.4,-0.3,-0.5,-0.4,-0.7,-0.4,-0.7,-0.2,-0.5,-0.5,-0.5,-0.5,-0.5,-0.5
15822,-0.4,0.0,0.0,-0.3,-0.4,-0.3,-0.4,-0.4,-0.4,-0.4,-0.4,-0.4,-0.4,-0.4,-0.4
15846,0.5,2.4,1.1,0.2,1.7,1.7,1.5,2.1,2.7,2.0,1.1,0.9,1.0,1.9,2.7
15867,2.3,2.0,1.0,0.5,1.6,1.0,1.1,0.6,0.5,1.0,0.7,-0.3,-0.3,0.3,0.8
15951,0.8,-0.7,0.0,0.1,1.0,0.9,-0.3,1.1,2.3,0.8,0.1,0.2,-0.7,-0.2,0.6
15966,-0.4,0.7,0.3,-0.6,0.0,-0.3,0.2,-0.9,-0.8,-0.5,0.1,0.1,0.1,0.1,0.1
16014,-0.1,0.0,-0.2,0.1,0.1,-0.3,0.6,0.0,0.0,0.3,0.3,0.3,0.3,0.3,0.3
16033,-0.7,-0.6,0.0,-0.5,-0.7,-1.0,-0.6,-0.7,-0.5,-0.9,-0.9,-0.9,-0.9,-0.9,-0.9
16035,0.7,0.1,-0.4,-0.6,0.0,-0.4,-0.4,-0.3,0.0,0.3,-0.4,-0.4,-0.4,-0.4,-0.4
16092,-0.6,-0.3,-0.2,-0.7,-0.2,-0.2,-0.6,-0.2,-0.2,-0.2,-0.2,-0.2,-0.2,-0.2,-0.2
16168,-0.6,-0.4,-0.4,-0.9,-0.3,-0.2,-0.4,-0.4,-0.3,-0.1,-0.3,-0.3,-0.3,-0.3,-0.3
16182,0.1,0.0,-0.2,0.1,-0.5,-0.3,-0.7,-0.9,-0.9,-0.9,-0.9,-0.9,-0.9,-0.9,-0.9
16206,-0.5,0.0,0.3,2.1,1.7,-0.4,0.2,-0.3,-0.1,0.2,0.4,-0.6,-0.3,-0.3,-0.5
16245,0.2,0.2,-0.1,-0.1,-0.1,-0.1,-0.1,-0.2,-0.2,-0.2,-0.2,-0.2,-0.2,-0.2,-0.2
16270,-0.6,0.1,-0.2,-0.1,-0.3,-0.4,-0.4,-0.4,-0.4,-0.4,-0.4,-0.4,-0.4,-0.4,-0.4
16272,-0.4,-0.8,-0.7,-0.4,-0.5,-0.4,-0.7,-0.7,-0.7,-0.7,-0.7,-0.7,-0.7,-0.7,-0.7
16274,0.9,-0.1,0.1,0.1,-0.7,-0.1,-0.4,-0.3,-0.4,-0.2,-0.6,-0.6,-0.6,-0.6,-0.6
16292,-0.3,-0.1,0.5,0.3,0.6,0.4,0.0,0.2,0.0,0.3,0.5,0.8,-0.3,0.5,-0.3
16470,1.0,1.8,1.4,1.8,2.6,3.2,1.3,0.1,0.6,2.7,2.5,1.2,0.6,1.1,2.8
16608,-0.3,-0.2,2.0,0.7,3.2,2.8,0.1,-0.1,0.7,0.7,0.7,0.7,1.0,0.9,0.6
16618,0.0,0.0,-0.1,-0.4,-0.2,-0.7,0.2,-0.5,-0.5,-0.5,-0.5,-0.5,-0.5,-0.5,-0.5
15660,0.0,0.0,0.2,0.8,1.1,0.9,0.2,0.1,0.6,0.8,-0.2,0.3,0.6,0.6,-0.1
15797,1.7,1.2,-0.8,3.1,1.2,0.1,2.7,1.5,2.6,2.7,2.6,1.8,2.9,1.0,-1.0
16099,1.2,2.4,1.0,0.2,1.6,2.1,1.2,-0.1,1.8,0.3,-0.4,0.6,2.4,1.1,0.1
16210,-0.7,0.2,1.6,1.1,0.0,0.1,0.3,0.2,1.3,0.9,0.8,0.2,0.4,0.3,-0.3
16355,0.5,1.3,1.8,2.1,1.7,2.0,1.8,1.5,0.7,1.7,1.1,0.5,1.5,0.5,1.3
16530,-0.4,-0.8,0.1,0.0,0.1,-0.1,-0.1,-0.2,-0.4,-0.4,0.4,0.2,-0.6,-0.4,-0.2
16571,0.1,1.0,1.1,0.9,0.8,0.0,-0.1,-0.4,-0.4,0.1,-0.3,-0.4,-0.8,-0.5,-0.6
16574,0.5,2.3,1.5,1.9,1.4,2.4,0.5,-0.3,-0.3,0.5,2.0,1.9,1.0,0.6,0.0
16683,0.4,-0.4,-0.5,-0.1,-0.3,-0.5,-0.6,0.0,-0.2,-0.6,0.1,-0.5,-0.3,-0.3,-0.4
16704,2.1,1.8,2.5,1.5,1.2,-0.3,0.0,-1.0,-0.9,-1.0,-0.8,-0.8,-0.8,-0.5,-0.7
16706,-0.2,-0.1,-0.4,-0.2,0.0,-0.9,-0.2,0.1,-0.4,-0.7,-0.4,-0.4,-0.4,-0.4,-0.4
16727,0.0,-0.1,0.4,-0.6,-1.0,-0.1,-0.5,-0.5,-0.3,0.2,-0.1,-0.1,-0.1,-0.1,-0.1
16755,-0.7,-0.9,0.2,-0.7,-0.6,0.1,0.6,0.3,-0.5,-0.5,-0.5,-0.5,-0.5,-0.5,-0.5
16766,1.0,0.3,0.8,1.1,1.0,1.1,1.1,1.5,0.3,-0.4,-1.0,0.0,-0.3,-0.4,-0.5
16772,0.3,-0.6,0.3,-0.6,0.1,-0.5,-0.3,0.0,-0.4,0.1,-0.5,-0.5,-0.5,-0.5,-0.5
16778,0.0,0.1,0.0,0.0,-0.2,-0.3,-0.3,-0.4,-0.6,0.5,-0.7,-0.7,-0.7,-0.7,-0.7
16790,1.6,0.0,0.1,0.5,1.0,0.0,-0.1,0.3,0.4,-0.3,-0.7,0.2,-0.2,-0.3,-0.6
16792,0.6,0.4,0.5,0.5,0.7,0.5,0.8,0.7,1.1,0.8,0.6,0.8,-0.1,0.3,1.2
16880,-0.2,-0.9,-0.9,-0.4,-0.3,-0.3,-0.5,-0.7,-0.7,-0.7,-0.7,-0.7,-0.7,-0.7,-0.7
16901,1.1,1.0,0.3,1.9,1.4,1.8,0.9,0.9,1.2,1.6,0.8,-0.6,0.0,0.4,1.6
16914,-0.6,-0.5,-0.9,-0.1,-0.5,-0.3,-0.7,0.1,-0.3,-0.4,-0.5,-0.5,-0.5,-0.5,-0.5
16949,-0.6,-0.3,0.0,-0.1,0.0,-0.4,-0.1,0.1,0.3,0.1,0.1,0.1,0.1,0.1,0.1
16985,-0.5,-0.5,-0.7,-0.3,-0.5,-0.2,0.0,-0.5,-0.7,-0.3,-0.3,-0.3,-0.3,-0.3,-0.3
16988,0.8,1.1,0.6,0.5,-0.2,-0.9,-0.7,-0.3,-0.5,-0.7,-0.6,-0.5,-0.3,-0.3,-0.3
17008,0.2,-0.7,1.2,1.8,1.2,1.2,0.8,1.5,1.1,1.0,1.1,1.7,1.7,1.3,1.1
17028,0.4,0.0,0.6,0.2,0.7,0.5,0.3,0.1,-0.1,0.5,0.2,-0.1,0.2,0.3,-0.3
17042,0.0,0.0,0.5,-1.0,0.2,-0.3,0.3,-0.8,-0.1,-0.3,-0.3,-0.3,-0.3,-0.3,-0.3
17080,0.0,-0.4,-0.7,-1.0,-0.9,-0.5,-0.5,-0.5,-0.5,-0.5,-0.5,-0.5,-0.5,-0.5,-0.5
17111,1.7,1.8,1.6,0.7,1.4,0.8,2.0,0.4,-0.4,-0.5,-0.5,-0.6,1.0,2.1,0.8
17115,1.1,0.9,0.1,0.0,-0.3,-0.3,0.1,-0.9,-0.4,-0.4,-0.2,-0.7,-0.3,-0.8,-0.9
17128,2.2,1.7,0.4,1.5,1.8,0.6,-0.6,1.0,0.8,1.0,1.1,0.7,0.7,0.6,0.1
17150,1.9,0.8,0.5,1.9,0.8,1.3,1.4,1.4,1.9,0.9,1.0,0.4,-0.1,-0.2,1.0
17155,-0.6,0.8,0.5,0.3,0.0,0.4,0.6,0.3,0.0,0.5,0.7,-0.3,0.4,0.1,-0.2
17195,0.0,0.6,0.5,-0.1,-0.2,-0.3,-0.4,-0.7,0.3,-0.1,-0.3,0.5,0.2,0.0,0.3
17199,-1.0,-0.2,-0.2,0.9,1.3,2.0,0.6,0.3,0.8,1.0,1.7,-0.4,-0.6,0.3,1.4
17201,0.6,-0.1,-0.3,0.2,0.3,0.4,0.1,0.0,0.5,-0.2,-0.1,0.5,0.0,-0.1,0.2
17218,-0.8,-0.4,-0.6,-0.2,-0.3,-0.3,-0.2,-0.5,-0.1,-0.7,0.2,0.2,0.2,0.2,0.2
17227,2.9,1.9,0.6,1.3,1.2,1.1,0.9,1.7,0.3,0.9,-0.3,-0.8,-0.6,0.1,0.2
17243,0.0,0.0,-0.6,-1.0,-0.2,-0.6,-0.6,-0.5,0.1,-0.7,-0.9,-0.9,-0.9,-0.9,-0.9
17244,0.1,-0.8,0.0,0.0,-0.2,-0.2,-0.2,-0.1,-0.9,-0.4,-0.6,-0.6,-0.6,-0.6,-0.6
17252,2.3,0.8,1.6,2.3,1.2,0.8,0.9,2.1,1.3,0.9,1.4,1.9,0.8,0.1,0.4
17254,-0.4,-0.2,0.3,-0.6,-0.7,0.1,-0.3,-0.1,-0.2,-1.0,-1.0,-1.0,-1.0,-1.0,-1.0
17262,-0.5,-0.3,-0.7,-0.5,-0.3,-0.9,-0.2,-0.3,-0.7,-0.3,-0.3,-0.3,-0.3,-0.3,-0.3
17268,0.2,1.4,2.1,1.1,0.8,0.3,0.9,1.7,1.3,0.5,-0.4,0.2,0.7,0.6,1.5
17277,0.6,1.9,0.7,-0.9,-0.6,-0.5,-0.2,-0.3,-0.8,-0.2,-0.2,-0.2,0.1,-0.5,0.0
17279,-0.1,0.7,0.1,0.0,-0.6,-0.4,-0.9,-0.4,-0.9,-0.9,-0.9,-0.9,-0.9,-0.9,-0.9
17287,-0.4,-0.3,-0.1,0.0,-0.5,-0.6,-0.2,-0.6,0.0,-0.8,0.1,0.1,0.1,0.1,0.1
17302,0.0,0.2,0.3,0.2,0.7,0.1,-0.3,0.0,-0.5,-0.2,-0.2,-0.2,-0.2,-0.2,-0.2
17345,-0.2,-0.3,0.1,-0.8,0.0,0.1,-0.2,-0.2,-0.6,-0.6,-0.6,-0.6,-0.6,-0.6,-0.6
17351,-0.2,-0.3,-0.1,-0.2,0.0,-0.4,-0.3,-0.1,-0.8,0.1,-0.2,-0.5,0.0,-0.2,-0.9
17355,0.4,0.4,-0.3,-0.9,-1.0,-1.0,-0.5,-0.9,-0.6,-0.6,-0.6,-0.6,-0.6,-0.6,-0.6
17356,-0.4,-0.3,-0.9,-0.8,-0.5,-1.0,-0.3,-0.3,-0.1,1.3,0.8,2.1,1.7,0.0,0.3
17444,1.2,0.7,0.3,-0.4,-0.5,0.0,-0.6,0.0,-0.4,-0.2,-0.5,0.0,0.0,0.0,0.0
17445,0.9,-0.9,-0.7,-0.2,-0.3,-0.9,-0.2,-0.5,-0.5,-0.5,-0.5,-0.5,-0.5,-0.5,-0.5
17474,-1.0,-0.2,0.1,-0.1,0.1,-0.6,0.2,0.1,-0.2,-0.4,-0.1,-0.1,-0.1,-0.1,-0.1
17483,0.5,0.4,0.5,1.7,1.0,0.3,1.6,0.8,1.4,0.7,1.1,1.4,0.9,0.5,0.9
17491,1.9,0.7,3.2,2.4,2.0,1.7,1.9,3.0,2.8,2.1,2.7,1.3,1.0,0.8,0.7
17569,-0.1,0.3,-0.1,0.8,-0.1,0.5,0.0,0.1,0.0,0.4,-0.3,-0.3,-0.3,-0.3,-0.3
17570,0.6,2.0,1.0,0.5,0.4,-0.3,-0.2,0.3,0.6,0.6,0.9,0.7,0.3,0.1,0.3
17573,0.0,-0.7,-0.4,-0.4,-0.4,-0.4,-0.4,-0.4,-0.4,-0.4,-0.4,-0.4,-0.4,-0.4,-0.4
17583,0.7,0.6,0.2,-0.3,0.2,-0.4,-0.1,0.5,-0.4,-0.9,0.0,0.0,0.0,0.0,0.0
17621,0.3,1.0,0.8,0.7,0.8,-0.5,-0.3,-0.4,0.9,0.8,-0.9,-0.5,-0.6,-0.6,-0.8
17639,0.6,-0.4,-0.1,-0.5,0.1,-0.4,0.1,0.0,0.4,-0.3,-0.3,-0.3,-0.3,-0.3,-0.3
17651,-0.6,-0.5,-0.4,1.1,1.3,0.5,1.0,1.4,1.1,0.5,1.0,1.3,1.1,0.8,0.0
17671,-0.2,-0.6,-0.6,-0.6,-0.3,-0.1,-0.4,-1.0,-0.1,-0.3,-0.5,-0.5,-0.5,-0.5,-0.5
17703,0.2,-0.9,-0.2,-0.6,-0.4,-0.1,-0.3,-0.5,-0.5,-0.5,-0.5,-0.5,-0.5,-0.5,-0.5
17738,-0.5,-0.1,0.0,-0.3,-0.3,0.4,-0.6,-0.2,-0.2,-0.3,-0.7,-0.7,-0.7,-0.7,-0.7
17825,-0.2,1.0,1.2,0.9,0.5,-0.7,0.0,0.1,-0.5,-0.6,-0.8,-0.2,-0.1,-0.3,-0.4
17840,0.0,-0.4,0.2,1.0,2.5,1.6,-0.3,-0.1,-0.1,-0.6,-0.2,-0.2,-0.6,-0.7,-0.2
17841,1.2,1.9,0.0,-1.0,0.4,0.0,-0.5,-0.4,-0.2,-0.2,-0.3,-0.8,-0.6,-0.2,-0.8
17846,0.0,1.7,0.8,0.6,0.6,0.0,0.3,1.4,1.8,0.8,0.2,2.4,0.9,-0.5,1.1
17848,0.0,3.4,2.3,1.6,1.5,1.8,0.6,-0.9,1.7,2.7,2.0,1.0,0.4,2.5,1.8
17853,0.6,-0.6,-0.4,-0.4,-0.4,-0.4,-0.1,-0.1,-0.1,-0.1,-0.1,-0.1,-0.1,-0.1,-0.1
17859,0.0,-0.2,-0.2,-0.6,0.0,0.5,-0.4,-0.6,-0.6,-0.3,-0.3,-0.3,-0.3,-0.3,-0.3
17912,1.1,0.9,0.2,0.3,-0.1,-0.7,0.4,0.3,-0.1,0.2,0.2,-0.4,0.3,-0.6,-0.6
17913,-0.6,0.4,0.2,-0.7,0.0,-0.1,-0.2,-0.5,-0.7,-0.6,-0.9,-0.9,-0.9,-0.9,-0.9
17919,1.6,1.8,1.0,0.9,0.7,0.4,1.4,1.1,2.1,1.2,0.3,-0.2,-0.6,0.1,-0.1
17946,1.8,1.4,1.1,0.8,0.3,0.5,0.0,0.2,0.4,-0.1,0.0,0.8,0.5,0.3,0.6
17972,-0.9,1.2,0.2,0.7,-0.5,-0.1,0.0,0.1,-0.2,0.1,0.0,-0.2,-1.0,-0.6,-0.7
17975,1.1,1.5,1.6,0.8,0.4,1.0,1.0,0.3,0.3,0.7,0.1,-0.1,-0.2,0.2,0.0
17986,-0.3,-0.2,-0.7,-0.6,-0.2,-0.2,-1.0,0.0,-0.1,-0.2,-0.6,-0.4,-0.4,0.0,-0.5
17987,-0.8,-0.5,-0.2,-0.4,-0.7,-0.2,-0.4,-0.2,-0.1,-0.3,0.2,0.2,0.2,0.2,0.2
18011,0.4,0.4,0.6,0.4,-0.3,-0.6,0.0,0.0,-0.3,-0.8,-0.5,-0.5,-0.5,-0.5,-0.5
18068,0.9,2.8,0.9,1.1,0.8,-0.7,1.9,1.4,0.2,1.1,0.1,1.7,1.0,0.5,0.1
18076,1.7,4.0,4.0,2.0,3.3,1.2,0.9,1.5,2.3,2.3,1.3,1.8,1.3,1.7,1.6
18210,0.1,0.3,-0.3,0.5,0.1,0.1,-0.3,0.0,0.1,-0.3,0.1,0.1,0.1,0.1,0.1
18211,-0.4,-0.7,-0.9,-0.3,-0.3,-0.8,-0.1,-0.6,-0.6,-0.6,-0.6,-0.6,-0.6,-0.6,-0.6
18216,-0.5,0.6,-0.1,0.1,0.1,0.0,0.4,0.5,0.4,-0.7,0.2,0.2,0.2,0.2,0.2
18219,-0.1,-0.4,-0.3,0.4,1.5,2.1,1.2,0.4,-0.7,0.9,0.2,0.1,-0.3,-0.8,0.3
18278,0.4,2.0,0.5,-0.1,-0.7,-0.4,-0.5,-0.5,-0.2,-0.9,-0.6,-0.3,-0.6,-0.4,-0.2
18291,-0.4,-0.7,-0.2,-0.2,-0.8,-0.7,-0.3,-0.6,-0.8,-0.6,-0.4,-0.9,-0.9,-0.9,-0.9
18306,1.8,1.5,1.6,1.0,-0.7,1.4,0.7,0.9,0.5,0.3,-0.9,-0.4,-0.9,-1.0,-0.7
18307,0.8,-0.5,0.0,-0.8,-0.1,-0.6,0.1,-0.2,0.1,-0.1,0.0,0.0,0.0,0.0,0.0
18309,0.1,-0.2,-0.2,-0.7,-0.2,-0.4,-0.6,-0.7,-0.3,-0.4,0.0,0.0,0.0,0.0,0.0
18314,-0.1,0.2,0.0,-0.2,-0.7,-1.0,-1.0,-0.6,-0.1,-0.7,0.0,0.0,0.0,0.0,0.0
18316,0.3,1.4,0.8,0.3,-0.2,0.5,0.0,-0.7,0.0,-0.5,-0.3,-0.5,-0.2,-0.7,-0.7
18376,2.0,0.8,1.2,1.2,1.0,1.2,1.3,0.6,0.2,-0.1,0.6,0.2,1.1,0.9,0.4
18387,-0.1,0.0,-0.5,-0.3,-0.2,-0.1,-0.2,-0.7,-0.3,-0.4,0.0,-0.6,-0.5,-0.8,-0.1
18394,-0.1,0.1,0.0,0.1,0.4,-0.1,0.3,0.0,-0.1,0.0,0.2,0.2,0.2,0.2,0.2
18418,0.0,0.1,0.4,-1.0,-0.3,-0.8,-0.6,-0.2,-0.6,-0.8,-0.8,-0.8,-0.8,-0.8,-0.8
18427,0.8,1.6,0.3,-0.7,0.6,-0.5,1.6,-0.2,0.1,0.2,0.1,-0.2,-0.1,-0.3,0.1
18432,-0.4,-0.8,-0.5,-1.0,-0.4,-0.8,-0.2,1.2,0.8,1.4,1.4,1.5,0.8,0.1,0.3
18476,-0.2,0.0,-0.5,-0.2,-0.1,-0.3,-0.5,-0.2,-0.6,-0.6,-0.6,-0.6,-0.6,-0.6,-0.6
18479,0.0,-0.2,2.2,1.7,0.5,1.4,2.1,0.9,0.2,1.2,0.2,1.5,0.8,0.6,2.1
18488,-0.1,1.0,0.4,-0.4,0.0,-0.7,-0.6,0.7,0.0,0.8,-0.6,-0.6,-0.6,-0.6,-0.6
18537,0.0,0.0,0.0,-0.3,-0.1,-0.6,-0.3,-1.0,-0.5,-0.5,-0.8,-1.0,-0.4,0.0,-0.7
18552,-0.3,-0.4,-0.1,-1.0,-0.4,-0.4,-0.7,-0.4,-0.8,-0.2,-0.2,-0.2,-0.2,-0.2,-0.2
18554,0.2,-0.3,0.0,-0.5,0.0,-0.7,-0.9,-0.6,-0.6,-0.2,-0.2,-0.2,-0.2,-0.2,-0.2
18609,0.2,0.0,-0.7,0.0,-0.3,-0.1,-0.2,0.0,0.0,0.0,0.0,0.0,0.0,0.0,0.0
18610,1.9,1.6,0.9,2.5,1.3,0.7,0.9,1.1,1.0,0.8,0.9,0.4,0.4,-0.3,0.8
18611,0.0,-0.8,-0.2,0.0,-0.2,0.0,-0.5,-1.0,-0.5,-0.6,-0.7,-0.7,-0.7,-0.7,-0.7
18614,-0.1,0.1,0.5,0.1,0.8,-0.8,-0.9,-0.9,-0.9,-0.9,-0.9,-0.9,-0.9,-0.9,-0.9
18698,1.8,1.5,0.6,-0.1,2.8,1.6,2.6,0.4,-0.1,1.2,0.5,0.9,1.7,1.0,-0.2
18704,0.1,0.9,1.5,1.4,0.4,0.4,1.1,1.0,0.7,0.7,0.3,-0.4,0.1,0.2,0.2
18712,0.3,0.8,-0.2,-0.2,-0.2,-0.1,0.2,0.3,-0.2,-0.4,-0.2,-0.2,-0.5,0.2,-0.4
18713,-0.3,0.1,-0.1,-0.6,-0.5,-0.7,-0.5,0.1,0.1,0.1,0.1,0.1,0.1,0.1,0.1
18714,-0.4,-0.2,-0.5,-0.7,-1.0,-0.5,-0.5,-0.8,-0.8,-0.8,-0.8,-0.8,-0.8,-0.8,-0.8
18723,0.6,-0.7,-0.7,0.8,0.4,0.5,0.0,0.8,-0.1,0.0,0.5,0.5,0.5,0.5,0.5
18729,0.5,-0.2,-0.7,-0.1,-0.2,-0.2,-0.9,-0.4,-0.4,-0.1,-0.1,-0.1,-0.1,-0.1,-0.1
18730,-0.6,0.2,-0.1,-0.5,0.2,0.2,0.0,-0.1,-0.1,-0.1,-0.4,-0.2,-0.3,0.0,-0.2
18791,1.9,1.2,1.1,1.4,2.7,2.0,1.4,0.5,1.6,3.1,3.1,0.9,1.4,2.1,-0.2
18810,0.6,2.1,2.9,2.7,2.6,2.8,1.3,0.0,-0.5,0.2,3.4,1.7,0.2,-0.9,-0.5
18815,1.2,-0.2,-0.6,-0.4,0.3,-0.7,-0.7,-0.6,-0.6,-0.5,-0.2,-0.2,-0.2,-0.2,-0.2
18819,3.1,2.0,0.8,3.3,1.9,1.3,-0.1,0.2,1.6,1.0,-0.9,-0.5,-0.7,-0.1,0.6
18820,0.6,0.4,0.2,0.9,0.2,0.4,-0.2,-0.4,-0.3,-0.6,0.2,0.2,0.1,-0.5,-0.4
18835,-0.5,-0.3,-0.7,-0.6,-0.4,-0.3,-0.2,0.0,-0.1,-0.5,0.0,-0.6,-0.2,0.0,-0.8
18850,0.6,2.0,1.5,0.3,0.0,0.3,0.3,0.5,0.2,-0.5,-0.7,0.0,-0.5,0.2,0.1
18911,0.1,-0.6,0.3,0.4,0.1,-0.3,0.3,-0.2,0.2,-0.9,0.2,0.1,0.1,0.1,0.1
18915,-0.3,-0.1,-0.4,0.6,0.0,-0.3,0.0,-0.3,-0.3,-0.3,-0.7,-0.7,-0.7,-0.7,-0.7
18994,1.1,1.2,1.1,1.1,1.2,0.7,1.6,1.1,0.6,1.0,1.5,1.4,0.9,0.8,0.1
18999,1.7,2.1,0.5,1.4,2.3,2.6,0.5,0.8,0.1,0.2,-0.2,0.7,2.2,1.9,1.8
19006,0.0,-0.9,-0.5,-0.5,-0.3,-0.3,-0.3,-0.3,-0.3,-0.3,-0.3,-0.3,-0.3,-0.3,-0.3
19012,0.3,0.5,2.3,1.0,1.0,3.1,2.3,2.1,2.5,1.9,0.4,1.4,1.5,1.6,1.0
19015,0.2,-0.3,-0.1,-0.4,-0.3,-0.3,-0.2,-0.5,-0.8,-0.1,0.1,0.1,0.1,0.1,0.1
19024,-0.2,-1.0,0.2,-0.9,0.0,0.0,-0.7,-0.1,-0.2,-0.8,-0.5,-0.5,-0.5,-0.5,-0.5
19103,-0.5,-0.3,-0.3,-0.8,-0.2,-0.1,-0.5,-0.6,-0.5,0.2,-0.4,-0.4,-0.4,-0.4,-0.4
19104,1.1,-0.2,-0.2,2.0,1.7,1.2,-0.5,-0.2,1.4,1.9,2.3,1.4,0.5,0.2,0.8
19115,0.2,0.4,0.3,-0.1,-0.3,-0.1,-0.5,-0.1,-0.1,0.1,-0.1,0.4,0.5,-0.5,-0.5
19131,0.7,1.3,0.9,0.5,0.6,1.5,1.4,0.5,-0.1,-0.1,0.6,-0.7,-0.2,-0.5,-0.6
19148,0.0,0.0,-0.7,0.3,-0.1,-0.6,-0.6,0.2,-0.5,-0.3,-0.1,-0.9,-0.4,0.2,-0.5
19151,0.0,0.0,0.4,0.4,-0.1,-0.4,-0.5,-0.4,-0.1,-0.1,-0.2,-0.2,-0.2,-0.2,-0.2
19155,-0.5,-0.1,-0.6,0.4,0.2,-0.5,-0.8,0.0,-0.3,-0.2,0.1,-0.2,-0.1,0.2,-0.2
19157,0.7,2.0,1.0,0.9,0.8,-0.2,1.2,2.3,0.5,-0.4,0.8,-0.1,-0.1,1.0,1.2
19158,-0.1,-0.2,0.0,-0.3,-0.7,-0.6,-0.3,-0.2,-0.4,0.0,-0.2,-0.2,-0.2,-0.2,-0.2
19160,-0.1,-0.1,-0.2,-0.5,-0.2,-0.6,-0.4,-0.3,-0.1,-0.9,-0.3,-0.3,-0.3,-0.3,-0.3
19167,-0.5,-0.4,-0.2,-0.5,-0.7,-0.8,-0.5,-0.2,-0.1,-0.5,-0.4,-0.4,-0.4,-0.4,-0.4
19212,1.0,1.5,1.4,0.7,0.3,0.5,1.3,1.5,0.4,-0.6,-0.3,-0.5,-0.3,0.1,0.2
19221,0.2,-0.3,-0.4,-0.8,-0.7,-0.6,-0.2,-0.6,-0.1,-0.4,-0.3,-0.3,-0.3,-0.3,-0.3
19319,0.0,-0.6,-0.5,0.0,0.0,0.0,0.0,0.0,0.0,0.0,0.0,0.0,0.0,0.0,0.0
19324,1.6,0.9,0.2,-1.0,-0.3,-0.7,-0.9,-0.6,-1.0,-0.5,-0.8,-0.5,-0.7,-0.3,-0.3
19329,1.7,1.9,0.6,-0.3,-0.8,0.8,0.1,0.0,0.4,0.6,-0.2,-0.1,0.2,-0.7,-0.7
19333,1.0,0.8,0.2,-0.5,-0.8,-0.4,-0.6,-0.2,-0.6,-0.5,0.2,1.4,0.9,0.1,1.1
19552,0.2,-0.5,0.5,-0.2,-0.3,-0.9,-0.2,-0.1,-0.4,-0.6,-0.6,-0.6,-0.6,-0.6,-0.6
19553,0.2,-0.5,-0.5,-0.3,-0.3,-0.5,-0.2,0.0,-0.2,-0.2,-0.3,-0.1,-0.2,-0.3,-0.6
19571,0.9,-0.5,-0.8,-0.7,0.1,-0.6,-0.3,-0.2,-1.0,-0.7,-0.2,-0.2,-0.2,-0.2,-0.2
19640,0.8,-0.5,-0.6,-0.5,-0.3,-1.0,-0.7,-0.8,-0.7,-0.6,-0.9,-0.9,-0.9,-0.9,-0.9
19645,0.6,0.7,2.4,0.1,-0.2,1.4,2.1,0.0,0.2,-0.7,0.0,0.6,1.7,0.8,-0.8
19661,2.4,2.7,1.1,0.7,2.1,1.1,0.4,-0.4,0.6,1.3,1.4,1.9,0.0,-0.4,-0.2
19663,0.8,1.6,2.1,1.9,0.7,3.6,2.7,0.8,0.4,1.6,1.6,1.8,1.2,0.9,0.5
19669,0.2,-0.7,-0.2,-0.6,-1.0,-0.4,-0.6,-0.5,-0.4,-0.4,-0.4,-0.4,-0.4,-0.4,-0.4
19672,0.5,1.9,0.8,-0.7,-0.5,-0.3,-0.1,-0.5,-0.6,-0.5,-0.7,-0.7,-0.5,-0.1,-0.1
19684,-0.5,-0.5,-0.3,-0.5,-0.9,-0.3,-0.1,-0.6,-0.6,-0.6,-0.6,-0.6,-0.6,-0.6,-0.6
19726,0.1,-0.2,-0.3,0.4,0.0,-0.9,-0.9,-0.6,-0.5,-0.8,-0.8,-0.8,-0.8,-0.8,-0.8
19731,-0.4,-0.4,-0.1,0.7,-0.2,-0.5,-0.3,0.3,-0.4,0.1,0.1,0.1,0.1,0.1,0.1
19739,-0.2,1.0,0.6,1.1,1.6,-0.2,1.5,1.6,0.4,0.0,-0.5,2.0,0.8,2.3,1.4
19742,0.7,-0.2,-0.1,0.4,-0.5,0.0,0.2,-0.2,0.2,0.5,0.7,0.5,0.5,-0.7,-0.2
19743,-0.6,1.4,1.2,1.2,1.3,1.1,0.6,0.6,-0.3,0.0,-0.2,-0.2,-0.1,-0.5,-0.7
19744,-1.0,-1.0,-0.2,-0.9,0.1,-0.5,-0.4,-0.8,-0.3,-0.9,0.0,0.0,0.0,0.0,0.0
19752,2.5,1.6,2.2,2.1,2.1,0.8,0.6,1.7,0.5,0.4,0.2,0.0,0.8,0.6,0.4
19756,-0.2,-0.1,-0.7,0.0,-0.1,-0.8,-0.4,-0.7,-0.1,-0.5,0.1,-0.6,-0.1,-0.1,-0.1
19768,3.4,1.5,1.3,0.3,2.7,1.6,-0.1,-1.0,-0.9,0.4,2.7,1.2,0.4,-0.1,0.6
19770,2.0,1.1,1.9,1.2,0.4,2.7,0.9,0.7,2.1,2.6,1.4,0.9,1.6,1.6,1.2
19773,0.3,-0.3,0.3,-0.8,0.2,-0.1,-0.4,-0.1,0.1,-0.6,-0.8,-0.8,-0.8,-0.8,-0.8
19785,0.0,-0.2,-0.1,0.6,0.1,-0.2,-0.7,-0.7,-1.0,-0.6,-0.8,-0.8,-0.8,-0.8,-0.8
19802,0.1,0.3,0.8,2.5,1.2,0.4,0.2,1.8,1.3,1.9,1.6,1.3,1.3,1.6,2.2
19803,-0.5,1.8,0.3,0.5,1.4,0.1,-0.1,0.2,1.0,0.6,0.5,-0.3,-0.6,0.0,-0.2
19808,0.3,0.0,-0.1,-0.6,-0.6,-0.5,-0.7,-0.3,-0.5,-0.5,-0.5,-0.5,-0.5,-0.5,-0.5
19868,0.3,-0.4,-0.2,0.0,-0.5,-0.3,0.0,0.0,-0.4,-0.4,-0.4,-0.4,-0.4,-0.4,-0.4
19881,-0.2,0.1,-0.1,-0.2,0.0,0.3,0.3,-0.5,0.0,0.0,0.0,0.0,0.2,-0.2,-0.5
19980,-0.1,-0.6,-1.0,-0.8,-0.8,-0.6,-0.7,-0.1,-0.1,-0.1,-0.1,-0.1,-0.1,-0.1,-0.1
20000,-0.1,1.1,0.7,-0.5,-0.3,-0.7,-0.6,-0.3,-0.5,-0.2,-1.0,-0.8,-0.8,-0.8,-0.8
20009,-0.5,-0.5,-1.0,-1.0,-1.0,-0.7,-0.7,-0.7,-0.7,-0.7,-0.7,-0.7,-0.7,-0.7,-0.7
20011,2.1,2.0,1.3,0.3,-0.1,0.5,-0.5,-0.2,0.0,-0.4,0.1,0.1,-0.3,-0.6,-0.5
20012,0.0,-0.2,0.0,-0.8,-0.1,-0.4,-0.6,-0.6,-0.5,-0.2,0.2,0.2,0.2,0.2,0.2
20020,0.7,1.9,0.1,-0.9,-0.6,-0.2,1.0,0.4,1.5,0.5,-0.7,-1.0,-1.0,-0.4,-0.8
20044,-0.8,-0.7,-0.2,-0.3,-0.6,-0.5,-0.3,-0.2,0.2,-0.8,-0.3,-0.3,-0.3,-0.3,-0.3
20077,0.7,2.4,1.3,0.3,-1.0,-0.8,-0.6,-0.9,-0.1,-0.9,-0.7,0.0,-0.5,-0.5,-0.5
20102,1.0,3.1,1.1,2.7,2.4,2.3,2.1,1.9,2.3,1.8,0.6,1.4,2.6,2.5,1.7
20111,0.1,-0.6,-1.0,-0.1,-0.3,-0.2,-0.8,-0.8,-0.5,-0.2,-0.5,-0.5,-0.5,-0.5,-0.5
20142,1.5,0.4,0.2,0.3,-0.3,-0.2,-0.5,-0.1,-0.2,-0.4,0.0,-0.1,0.1,0.2,-0.8
20147,1.2,1.9,0.9,0.6,0.8,2.1,1.5,0.3,-0.2,1.5,0.9,-0.4,1.6,1.2,0.8
20161,-0.1,-0.8,0.1,-0.7,-0.5,-0.7,-0.1,-0.9,-0.5,-0.9,-0.9,-0.9,-0.9,-0.9,-0.9
20264,-1.0,-0.3,-0.1,-0.8,-0.2,-0.3,-0.3,-0.3,-0.3,-0.3,-0.3,-0.3,-0.3,-0.3,-0.3
20265,-0.2,0.0,-0.2,-0.7,0.1,0.3,0.1,-0.1,0.2,0.1,0.1,0.1,0.1,0.1,0.1
20282,-0.8,1.9,1.6,0.7,-0.1,1.6,2.8,2.0,1.9,0.2,-0.3,-0.1,-0.5,2.2,1.8
20355,1.1,0.8,-0.2,0.1,0.3,-0.4,0.4,-0.6,0.0,-0.6,-0.1,0.4,0.3,-0.6,-0.1
20358,1.6,1.1,1.7,2.5,1.8,0.8,1.2,2.0,1.7,1.9,1.3,0.8,2.2,1.2,0.4
20362,1.0,3.5,3.0,1.1,1.0,1.2,1.7,1.1,0.2,-0.4,-0.3,0.7,0.2,0.3,-0.3
20387,-0.3,-0.5,0.0,-0.5,0.0,-0.5,-0.4,-0.3,-0.5,-1.0,-1.0,-1.0,-1.0,-1.0,-1.0
20395,-0.4,-0.3,-0.5,-1.0,-0.7,0.0,0.0,0.0,-0.4,-0.1,-0.8,0.0,-0.6,-0.3,-1.0
20397,-0.8,-0.9,-0.4,-0.7,0.1,-0.4,-0.8,-0.5,-0.5,-0.5,-0.5,-0.5,-0.5,-0.5,-0.5
20403,1.5,0.9,1.8,1.5,0.7,0.4,0.0,1.2,0.1,0.2,1.3,0.2,-0.1,0.4,1.7
20474,3.3,1.6,1.2,1.0,2.2,0.6,-0.3,0.4,2.0,1.0,0.8,1.9,1.1,0.3,0.3
20485,0.6,0.2,-1.0,-0.8,-0.6,-0.3,-0.5,0.0,-1.0,-0.5,-0.5,-0.5,-0.5,-0.5,-0.5
20486,0.3,1.5,-0.9,0.5,-0.6,-0.4,-0.8,-1.0,-0.2,-0.7,-1.0,-0.6,-1.0,-0.9,-1.0
20489,1.0,0.7,2.2,1.3,1.3,0.7,0.5,0.0,1.0,1.1,2.2,2.5,3.2,2.4,1.7
20495,0.1,-0.2,0.3,-0.4,-0.5,-0.3,-0.1,0.1,-0.1,-0.1,-0.2,-0.7,-1.0,-0.7,-0.8
20505,0.0,2.6,0.6,0.5,1.3,0.4,1.8,0.1,-0.4,-1.0,-0.1,-0.8,-0.5,-0.8,-0.4
20516,-0.7,-0.2,-0.4,-0.2,-0.1,-0.1,-0.2,-0.3,-0.5,0.0,0.0,-0.6,-0.5,-0.3,-0.9
20561,-0.1,-0.6,0.1,0.2,-0.8,-0.2,-0.6,-0.1,-0.2,-0.3,-0.3,-0.3,-0.3,-0.3,-0.3
20572,-0.5,-0.4,-0.3,-0.9,-0.2,-1.0,-0.2,-0.8,-0.2,-0.7,-0.4,-0.4,-0.4,-0.4,-0.4
20573,1.5,1.7,1.0,-0.1,1.8,1.9,0.1,0.6,1.2,0.4,1.5,-0.5,0.6,-0.7,0.6
20576,1.3,0.5,-0.1,0.7,0.2,0.1,-0.1,-0.2,-0.1,-0.1,0.3,0.0,-0.2,0.1,0.3
20583,0.7,2.7,1.5,0.7,0.4,0.0,0.6,0.2,-0.8,-0.8,-0.3,-0.6,-0.2,-0.4,-0.9
20616,0.5,2.2,1.2,1.2,0.8,-0.1,-0.7,-0.7,-0.3,-0.7,-0.5,0.4,0.0,-0.1,0.2
20635,-0.7,-0.9,-0.7,-1.0,-0.7,-0.2,-0.2,-0.2,-0.2,-0.2,-0.2,-0.2,-0.2,-0.2,-0.2
20746,-0.2,0.3,0.1,0.1,-0.4,-0.4,-0.5,-0.7,-0.5,-0.8,-0.2,-0.2,-0.2,-0.2,-0.2
20752,-0.9,-1.0,-0.3,-0.6,-0.6,-0.7,-0.4,0.8,0.6,0.0,0.0,0.0,0.0,0.0,0.0
20772,0.1,-0.3,-0.8,-0.4,-0.1,0.0,0.0,0.0,0.0,0.0,0.0,0.0,0.0,0.0,0.0
20791,-0.3,-0.2,-0.6,0.4,-0.7,-0.8,-0.5,-1.0,-1.0,-1.0,-1.0,-1.0,-1.0,-1.0,-1.0
20870,0.2,-0.5,0.3,-0.2,-0.7,-0.7,-0.1,-0.8,0.0,-0.2,-0.2,-0.2,-0.2,-0.2,-0.2
20874,-0.7,-0.6,-0.5,-0.5,0.2,0.0,-0.5,-0.5,-0.5,-0.5,-0.5,-0.5,-0.5,-0.5,-0.5
20880,-0.3,0.2,-0.5,-0.1,0.2,-0.7,-0.1,0.1,0.1,0.1,0.1,0.1,0.1,0.1,0.1
20882,-0.3,2.2,-0.4,0.0,0.3,-0.6,2.9,-0.4,-0.9,-0.2,-0.4,0.5,1.2,1.6,0.4
20883,-0.3,3.9,2.1,2.9,1.3,2.5,2.4,1.9,1.8,2.9,2.4,1.4,1.2,1.7,1.7
20896,0.8,-0.2,0.2,-0.7,0.0,-0.6,-0.4,-0.8,-0.3,-0.5,-0.5,-0.5,-0.5,-0.5,-0.5
20915,0.3,-0.2,0.1,-0.5,0.1,-0.8,-0.1,-0.6,-0.8,-0.2,0.0,-0.2,0.0,-0.5,-0.4
20923,0.5,-0.7,0.2,-0.6,-0.2,-0.8,0.0,-0.7,-0.7,-0.7,-0.7,-0.7,-0.7,-0.7,-0.7
20990,-0.4,-0.2,-0.3,-0.3,-0.4,-0.7,-0.7,-0.4,-0.6,-0.5,-0.7,-0.7,-0.7,-0.7,-0.7
20993,-0.7,-0.3,0.0,-0.8,0.2,-0.6,-0.3,-0.5,0.0,-0.3,0.5,0.5,0.5,0.5,0.5
20997,0.7,-0.1,0.0,-0.5,-0.9,-1.0,-0.8,-0.9,-1.0,-1.0,-1.0,-1.0,-1.0,-1.0,-1.0
21003,2.8,1.4,0.8,1.5,3.0,2.8,1.5,3.2,1.3,3.4,1.3,0.5,1.2,3.6,3.2
21006,-0.6,-0.2,0.4,-0.2,0.3,-0.2,-1.0,-0.2,-0.2,-0.9,-0.1,-0.1,-0.1,-0.1,-0.1
21013,1.7,3.1,1.7,1.4,1.2,0.3,0.3,1.1,1.4,0.6,-0.4,0.0,0.2,0.4,0.0
21020,0.8,0.8,2.0,1.4,1.3,2.0,1.3,2.4,1.0,1.6,1.4,1.0,0.7,0.5,0.7
21060,1.1,2.0,0.8,1.8,1.5,0.3,0.9,2.1,1.4,-0.8,-0.3,0.9,0.9,0.6,-1.0
21108,-0.7,-0.8,-0.2,-0.2,-0.3,-0.9,-0.2,-0.9,-0.7,-1.0,-1.0,-1.0,-1.0,-1.0,-1.0
21113,0.1,0.0,-0.6,-0.1,-0.8,0.2,0.1,-0.7,-0.2,-0.8,-0.8,-0.8,-0.8,-0.8,-0.8
21121,-0.2,-0.6,0.1,-0.8,-0.6,-0.5,0.1,0.1,0.1,0.1,0.1,0.1,0.1,0.1,0.1
21161,-0.9,1.6,0.3,-0.8,-0.1,1.1,0.7,0.3,0.4,1.0,1.1,1.2,0.4,-0.1,0.0
21174,0.0,1.5,0.6,-0.2,-0.1,0.1,0.2,-0.3,0.3,0.8,0.7,0.7,-0.1,0.0,-0.4
21193,-0.2,-0.5,0.2,-0.5,0.0,-0.8,-0.7,-1.0,0.0,-0.4,-0.5,-0.5,-0.5,-0.5,-0.5
21200,0.5,2.3,1.8,1.2,0.9,1.4,3.0,1.5,0.7,0.5,2.1,0.9,0.8,1.4,2.7
21210,0.1,-0.5,0.3,0.1,-0.2,-0.5,-0.5,-0.5,-0.5,-0.5,-0.5,-0.5,-0.5,-0.5,-0.5
21247,1.0,1.2,1.4,1.3,1.4,1.6,1.0,0.1,0.1,-0.2,0.0,-0.2,0.9,0.6,-0.4
21251,-0.5,1.3,1.7,0.8,0.7,-0.4,-0.7,-0.6,0.2,0.2,0.3,0.1,0.5,0.9,0.4
21294,0.1,-0.5,-0.7,-0.2,-0.5,-0.5,-0.5,-0.2,-0.1,0.0,1.0,0.1,0.8,0.5,0.6
21305,0.2,-0.3,-0.2,-0.2,0.2,-0.5,-0.8,-0.6,0.0,-0.6,-0.6,-0.6,-0.6,-0.6,-0.6
21311,0.7,1.9,2.3,1.0,0.7,1.7,1.2,0.7,0.9,1.6,2.4,1.1,1.2,0.6,2.5
21312,-0.4,-0.1,0.0,-0.9,0.0,0.1,0.7,-0.1,-0.2,-0.1,-0.7,-0.7,-0.7,-0.7,-0.7
21314,-0.1,-0.5,-0.4,0.0,0.1,-0.7,-0.5,-0.1,-0.2,0.0,0.0,0.0,0.0,0.0,0.0
21317,0.3,-0.5,-0.3,-0.4,0.1,0.0,-0.8,-0.8,0.1,-0.8,-0.8,-0.8,-0.8,-0.8,-0.8
21328,0.8,2.6,1.6,1.8,2.1,2.0,0.8,1.7,1.8,1.0,0.5,0.3,0.7,0.7,0.3
21361,0.7,2.0,0.2,-0.8,-0.5,-0.7,-0.3,0.9,1.6,0.8,-0.2,-0.8,-0.6,-0.5,-0.5
21364,-0.3,0.1,-0.7,-0.7,0.2,-0.3,0.0,-0.8,-0.2,-0.9,-0.9,-0.9,-0.9,-0.9,-0.9
21366,-0.5,-0.5,0.0,-0.6,-0.7,-0.9,-0.5,-0.7,-0.7,-0.7,-0.7,-0.7,-0.7,-0.7,-0.7
21367,0.2,-0.8,-0.5,-0.7,-0.7,-0.1,-0.1,-0.9,-0.7,-0.8,-0.8,-0.8,-0.8,-0.8,-0.8
21371,0.5,1.1,1.5,0.6,0.2,0.3,0.9,0.3,0.0,0.0,0.1,-0.8,-0.6,-0.3,-0.4
21372,0.0,-0.4,-0.2,0.3,0.0,-0.4,-0.3,-0.2,-0.2,-0.3,-0.5,-0.5,-0.5,-0.5,-0.5
21377,-0.2,0.2,0.0,-0.7,-0.7,-0.7,-0.7,-0.7,-0.7,-0.7,-0.7,-0.7,-0.7,-0.7,-0.7
21391,0.0,0.0,0.2,0.2,0.3,-0.1,0.2,-0.1,-0.2,0.0,-0.1,-0.2,-0.6,-0.2,-0.3
21394,0.9,0.0,0.2,0.1,0.3,-0.1,0.5,-0.3,0.2,-0.2,-0.3,-0.4,0.2,-0.3,-0.3
21395,1.8,0.9,0.6,-0.5,-0.6,-0.6,-0.2,0.2,0.3,0.0,-0.2,-0.5,-0.4,-0.9,-0.7
21417,-0.1,-0.5,-0.3,-0.3,-1.0,-0.5,-0.1,-0.8,-0.8,-0.8,-0.8,-0.8,-0.8,-0.8,-0.8
21421,-0.5,-0.2,-0.6,-0.2,-0.6,-0.7,-0.7,-0.7,-0.7,-0.7,-0.7,-0.7,-0.7,-0.7,-0.7
21450,-1.0,0.2,0.2,0.2,-0.4,-0.4,-0.4,0.3,-0.5,-0.5,0.3,0.3,0.3,0.3,0.3
21472,2.6,2.0,2.1,3.0,3.2,0.3,1.7,1.3,2.8,3.1,2.6,2.5,3.2,2.4,1.2
21473,1.4,1.6,2.0,-0.3,-0.6,-0.8,0.0,0.7,0.4,0.0,-0.3,-0.9,-0.6,-0.7,-1.0
21474,-0.1,0.6,0.0,-0.8,-0.3,-0.3,-0.8,-1.0,-0.8,-1.0,-0.7,-0.7,-0.7,-0.7,-0.7
21479,0.3,0.9,0.2,0.0,-0.3,-0.2,0.1,0.0,0.1,-0.4,-0.4,-0.4,-0.4,-0.4,-0.4
21482,0.2,-0.4,-0.1,-0.8,-0.4,0.0,-0.6,-0.3,-0.4,-0.4,-0.3,-0.3,-0.3,-0.3,-0.3
21498,-1.0,0.2,-0.7,0.2,-0.4,-0.7,-0.7,-0.7,-0.8,-0.4,-0.9,-0.5,-0.5,-0.5,-0.5
21505,1.4,0.8,1.1,1.3,1.3,1.4,0.9,0.1,0.2,0.0,-0.8,-0.9,-0.1,-0.6,-0.5
21513,-0.5,-0.5,-1.0,-1.0,-1.0,-0.6,-0.7,0.4,-0.7,-0.5,-0.5,-0.5,-0.5,-0.5,-0.5
21517,-0.6,-0.6,-0.7,-0.1,-0.6,0.0,-0.2,-0.1,0.0,-0.3,-0.8,-0.8,-0.8,-0.8,-0.8
21535,0.1,-1.0,0.2,0.1,-0.5,0.1,0.2,-0.2,-0.8,-0.7,0.2,0.2,0.2,0.2,0.2
21548,1.2,3.2,1.6,1.2,2.3,3.1,-0.2,-0.9,0.0,1.3,2.5,0.1,2.2,0.9,-0.2
21560,-0.4,0.4,-0.5,-0.9,-0.7,-0.3,-0.8,0.1,-0.7,-0.7,-0.7,-0.7,-0.7,-0.7,-0.7
21567,-0.2,-0.2,0.1,-0.2,-0.6,-0.2,-0.9,-0.9,-0.9,-0.9,-0.9,-0.9,-0.9,-0.9,-0.9
21575,-0.2,-0.5,-0.6,-0.3,-0.2,-0.3,-0.3,-0.3,-0.3,-0.3,-0.3,-0.3,-0.3,-0.3,-0.3
21589,0.5,-0.5,-0.8,-0.8,-0.8,-0.8,-0.8,-0.8,-0.8,-0.8,-0.8,-0.8,-0.8,-0.8,-0.8
21591,0.2,-0.8,-0.8,-0.3,-0.8,-0.7,-0.6,-1.0,-1.0,-1.0,-1.0,-1.0,-1.0,-1.0,-1.0
21617,-0.6,-0.2,-0.5,-0.4,-0.3,-0.5,0.4,-0.9,-0.5,-0.4,-0.2,-0.9,-0.5,-0.8,-0.9
21628,0.9,3.5,0.6,0.6,-0.7,3.0,-0.8,1.3,3.0,0.7,-1.0,-0.3,0.3,1.5,0.1
21657,0.7,2.0,0.4,2.1,0.8,1.7,1.0,0.6,1.8,0.9,0.1,1.9,1.0,1.1,1.7
21693,-1.0,-0.8,-0.8,-0.8,-0.4,0.1,-0.7,-0.9,-0.5,0.0,0.0,0.0,0.0,0.0,0.0
21704,1.1,0.8,1.7,0.5,1.1,1.4,1.2,1.1,1.5,0.8,0.4,-0.4,0.6,0.7,0.0
21708,0.5,0.9,1.7,1.5,0.7,0.0,-0.5,-0.6,-0.2,-0.9,0.0,-0.2,-0.5,0.8,0.6
21716,1.2,1.0,0.6,0.3,-0.2,-0.7,-0.6,-0.3,-0.2,0.4,-0.6,-0.5,-0.5,-0.9,-0.5
21719,1.4,0.6,1.4,1.8,0.8,0.7,-0.2,0.1,0.6,-0.2,-0.2,0.2,-0.9,0.1,0.0
21787,-0.3,-0.9,-0.4,-0.6,-0.2,-0.7,-0.4,-1.0,0.4,-0.9,-0.9,-0.9,-0.9,-0.9,-0.9
21788,1.5,0.4,1.1,1.1,1.5,0.2,-0.6,-0.7,-0.8,-0.8,-0.7,-0.1,-0.5,-0.7,0.0
21803,-0.5,-0.4,-1.0,-0.9,-0.6,-1.0,-0.7,-0.5,-0.4,-0.8,-1.0,-1.0,-1.0,-1.0,-1.0
21918,0.3,0.2,0.3,0.5,0.2,0.3,0.2,-0.5,0.1,0.3,0.3,0.1,-0.7,0.1,0.0
21928,-0.2,-0.3,-1.0,-0.5,-0.2,-0.2,-0.7,-0.3,0.0,-0.9,-1.0,-1.0,-1.0,-1.0,-1.0
21937,-0.8,-0.2,0.5,-0.7,-0.2,-0.3,-0.4,-0.3,-0.2,-0.4,-0.6,-0.6,-0.6,-0.6,-0.6
21938,0.8,2.4,1.2,0.8,0.7,1.1,2.4,0.6,-0.1,-0.6,-0.2,-0.4,-0.7,-0.3,0.2
21962,0.9,3.1,2.5,3.2,1.3,0.8,2.6,-0.2,-0.6,-0.5,-0.1,1.0,1.0,0.1,-0.6
21985,-1.0,-0.6,0.0,-0.6,-0.4,-0.3,-0.6,-0.6,-0.4,-0.9,-0.6,-0.6,-0.6,-0.6,-0.6
22001,3.5,2.8,4.3,2.3,2.1,0.9,2.3,2.5,0.8,0.3,1.9,1.6,0.2,0.2,2.1
22015,1.0,1.2,0.9,-0.5,-1.0,-1.1,-0.6,-0.1,0.1,-0.6,-0.6,-0.1,-0.9,-0.3,-0.3
22022,-0.7,1.9,0.5,0.7,0.6,0.9,1.7,0.7,-0.2,-0.1,-0.8,-0.9,-0.4,-0.7,-1.0
22030,0.2,-0.9,0.1,-0.3,-0.3,-0.6,-0.2,0.2,-0.2,-0.1,-0.1,-0.1,-0.1,-0.1,-0.1
22040,3.3,2.5,1.7,0.9,2.1,1.8,1.3,0.9,0.1,0.0,0.2,0.0,0.2,0.1,-0.1
22061,0.5,0.5,-0.3,-0.8,0.0,-0.9,-0.3,-0.1,0.3,-0.7,-0.7,-0.7,-0.7,-0.7,-0.7
22067,1.1,0.3,0.2,0.1,-0.5,-0.3,-0.2,-0.6,-0.5,-0.5,-0.5,-0.9,-0.5,-0.7,-0.1
22078,-0.8,0.0,-0.1,-0.3,-0.5,1.7,1.5,0.8,1.1,1.1,1.6,0.9,2.2,2.0,3.0
22121,-0.4,-0.2,-0.5,-0.4,-0.6,-0.2,-0.2,-0.2,-0.2,-0.2,-0.2,-0.2,-0.2,-0.2,-0.2
22131,3.2,2.9,2.6,1.1,0.3,1.5,1.2,2.6,2.4,0.7,2.1,2.8,3.3,1.8,2.8
22198,-0.6,-0.5,0.5,-0.5,-1.0,-1.0,-0.8,-0.8,-0.1,-1.0,-0.7,-0.7,-0.7,-0.7,-0.7
22204,0.3,2.2,0.5,0.3,0.8,3.2,0.5,-0.4,0.0,1.9,1.5,1.4,0.3,-0.9,1.8
22214,-1.0,-0.8,-0.7,-0.1,-0.6,-0.5,-0.3,-0.4,-0.4,-1.0,-0.9,-0.9,-0.9,-0.9,-0.9
22227,1.3,0.9,1.4,1.5,1.7,0.5,0.3,0.2,-0.5,-0.5,0.8,2.2,1.4,0.3,-0.8
22238,1.7,0.2,-0.3,0.7,1.0,0.7,-0.4,-0.2,-0.1,-0.2,-0.2,0.4,-0.2,0.6,0.9
22262,0.1,0.1,0.2,-0.3,-0.1,-0.4,-0.7,-0.5,-0.5,-0.5,-0.5,-0.5,-0.5,-0.5,-0.5
22270,2.2,1.3,-0.4,0.2,-0.3,0.3,0.6,1.4,1.3,1.0,1.2,1.0,1.2,0.9,0.6
22271,0.4,-0.5,-0.7,-1.0,-0.7,0.6,-0.3,-0.4,0.3,-1.0,-1.0,-1.0,-1.0,-1.0,-1.0
22347,-0.4,-0.2,-0.2,0.1,0.1,0.1,0.1,0.1,0.1,0.1,0.1,0.1,0.1,0.1,0.1
22354,0.5,0.6,0.8,0.7,1.3,0.4,0.8,1.4,1.2,1.7,0.7,0.6,-0.1,1.1,0.3
22355,-0.5,-0.1,-0.1,-0.6,-0.5,-0.5,-1.0,-0.3,0.2,-0.9,-0.9,-0.9,-0.9,-0.9,-0.9
22361,-0.3,0.2,-0.1,-0.1,-1.0,-0.7,-0.8,-0.9,-0.4,-0.2,-0.3,-0.3,-0.3,-0.3,-0.3
22379,0.3,0.0,0.4,0.6,0.1,-0.5,0.9,-0.1,-0.1,-0.2,-0.6,-1.0,0.0,-0.5,-0.1
22380,-0.6,-0.3,-0.3,-0.7,-0.8,-0.6,-0.2,-0.3,-0.2,0.2,0.2,0.2,0.2,0.2,0.2
22454,0.6,1.7,0.7,0.1,-0.5,1.5,0.3,-0.2,0.9,1.8,0.3,-1.0,-0.6,0.3,-0.1
22469,-0.4,1.9,0.6,0.7,1.4,0.6,2.2,0.8,-0.2,-0.5,0.6,-0.2,-0.9,-0.4,-0.2
22529,1.2,1.5,1.5,0.0,-0.1,-0.3,-0.3,-0.7,-0.6,-0.2,-0.6,-0.4,0.2,-0.2,0.0
22534,-0.2,-0.4,0.7,1.7,1.9,-0.5,-0.2,0.1,1.1,1.4,1.8,0.2,-0.5,-0.1,-0.6
22556,-0.9,0.2,-0.5,-0.7,-0.2,-0.9,-0.8,-0.1,-1.0,-0.5,-0.5,-0.5,-0.5,-0.5,-0.5
22625,0.1,0.0,-0.5,-0.5,-0.1,-0.8,-0.9,-0.1,-0.1,-0.1,-0.1,-0.1,-0.1,-0.1,-0.1
22640,1.3,0.8,0.1,0.0,-0.4,-0.3,-0.2,-0.7,-0.4,-1.0,-0.3,-0.3,-0.3,-0.3,-0.3
22641,0.3,-0.7,-0.4,1.1,1.4,1.2,0.9,1.6,0.9,0.4,3.1,2.4,1.5,1.8,0.8
22683,-0.3,-0.3,-1.0,-0.4,-1.0,-0.2,-0.6,-0.8,-1.0,-0.9,-0.9,-0.9,-0.9,-0.9,-0.9
22703,-0.3,-0.1,0.0,0.2,-0.9,-0.2,0.8,0.3,-0.2,-0.4,0.3,1.1,0.5,0.5,0.4
22706,1.1,1.9,1.6,0.4,2.1,2.1,0.4,0.5,1.1,0.9,1.7,-0.2,-0.4,-0.7,0.5
22731,-0.3,0.3,-0.2,0.1,-0.4,-0.5,-0.4,-0.7,-0.8,-0.6,-0.6,-0.6,-0.6,-0.6,-0.6
22734,-0.3,0.1,-0.5,-0.2,-0.5,0.1,-0.3,-0.3,-0.7,-0.7,-0.7,-0.7,-0.7,-0.7,-0.7
22736,0.1,-0.3,-0.6,-0.9,-0.4,-1.0,-0.2,-0.9,-0.3,-0.6,-0.9,-0.9,-0.9,-0.9,-0.9
22742,0.0,0.3,-0.5,0.1,0.0,-0.1,-0.1,-0.8,0.1,-0.2,-0.2,-0.2,-0.2,-0.2,-0.2
22749,-0.8,-0.5,-0.1,-0.2,-0.5,-0.5,-0.5,-0.6,-0.1,-0.7,-0.7,-0.7,-0.7,-0.7,-0.7
22768,0.8,-0.5,-0.1,-0.3,-0.7,-0.8,-0.1,-0.2,-0.2,-0.2,-0.2,-0.2,-0.2,-0.2,-0.2
22783,0.5,2.1,1.5,1.0,0.5,0.8,0.0,1.3,1.3,1.3,1.3,1.7,1.0,0.0,1.3
22836,-0.3,-0.2,0.0,0.3,0.1,0.1,0.1,0.5,0.5,-0.1,-0.4,-0.7,0.0,0.0,0.1
22845,0.3,1.7,0.4,0.3,-0.8,-0.5,-0.4,0.9,0.7,1.2,0.7,1.3,0.7,0.8,-0.5
22853,-0.5,-0.2,-0.6,-0.6,-0.6,-0.9,-0.3,-0.7,-0.1,-0.4,-0.4,-0.4,-0.4,-0.4,-0.4
22860,1.3,1.9,0.8,0.4,0.9,1.5,1.9,0.9,0.7,-0.5,0.3,0.6,1.3,1.4,1.7
22882,1.0,-0.3,0.2,0.4,-0.3,1.3,-0.3,0.5,1.0,0.7,0.3,-0.8,0.5,-0.2,-0.1
22925,-0.1,-0.8,-0.6,-0.5,-0.3,-0.6,-0.2,-0.6,-0.5,-0.1,-0.1,-0.1,-0.1,-0.1,-0.1
22959,-1.0,0.3,0.0,-0.4,0.1,-1.0,0.3,-0.1,0.2,-0.7,0.2,0.2,0.2,0.2,0.2
22962,-1.0,-0.5,-0.1,-0.2,-0.1,-0.9,-0.6,-0.1,-0.7,-0.5,-0.1,-0.1,-0.1,-0.1,-0.1
22963,0.2,1.4,1.5,0.5,-0.2,0.2,0.5,1.8,1.7,1.6,0.1,-0.7,1.4,0.2,-0.6
22976,1.7,2.1,2.4,1.2,-0.9,2.0,0.2,0.4,2.3,0.5,1.2,0.5,2.0,0.7,-0.8
23034,0.0,3.0,2.2,-0.2,3.0,-0.3,-0.3,-0.2,-0.6,-0.7,-0.7,-1.0,-0.3,-0.5,-0.6
23037,-0.1,0.2,-0.2,-0.6,-0.7,0.3,-0.1,-0.7,-0.1,0.1,0.1,0.1,0.1,0.1,0.1
23048,0.4,-0.6,-0.6,-0.6,-1.0,0.1,0.5,0.3,0.3,0.3,0.3,0.3,0.3,0.3,0.3
23051,0.4,2.8,1.2,0.3,-0.3,-1.0,-0.9,0.1,1.2,1.2,1.0,0.9,0.9,0.7,0.1
23052,-0.8,0.1,-0.4,-0.1,-0.1,-0.3,-0.8,-0.2,-0.4,-0.1,-0.9,-0.9,-0.9,-0.9,-0.9
23074,-0.1,-0.3,-0.4,-0.5,-0.6,-0.5,-0.7,-0.6,-0.3,-0.6,-0.6,-0.6,-0.6,-0.6,-0.6
23080,1.6,0.5,2.4,2.4,0.6,0.0,-0.2,-0.1,1.6,1.9,1.4,-0.2,-0.9,-0.7,-0.8
23122,1.0,-0.2,0.2,3.7,3.0,2.3,1.0,1.4,1.3,1.8,0.6,-0.6,-0.2,0.1,-0.5
23163,-0.8,-0.7,-0.4,-0.8,-0.8,-0.8,-0.8,-0.8,-0.8,-0.8,-0.8,-0.8,-0.8,-0.8,-0.8
23173,0.0,-0.3,0.0,0.5,-0.2,-0.2,-0.7,-0.2,0.1,-0.1,-0.2,-0.2,-0.2,-0.2,-0.2
23193,0.1,0.2,2.1,1.3,-0.3,-0.5,-0.7,-0.5,-0.4,-0.4,-0.4,-0.6,-0.6,-0.8,-0.3
23216,0.2,-0.9,-0.3,-0.8,-1.0,-0.3,-0.1,0.2,0.0,0.0,0.0,0.0,0.0,0.0,0.0
23218,2.0,1.5,0.4,0.8,2.7,0.1,0.2,-0.3,-0.4,-0.3,0.7,0.5,0.1,2.1,1.1
23251,0.2,-0.7,-0.2,0.0,-0.4,-0.1,-0.6,-0.4,-0.7,-0.9,-0.9,-0.9,-0.9,-0.9,-0.9
23258,-0.3,1.8,0.0,1.7,1.4,0.2,0.0,0.8,0.3,1.3,1.5,1.3,1.0,0.5,0.2
23267,-0.4,-0.4,-0.2,-0.3,-0.2,-0.2,-0.8,-0.1,-0.3,-0.4,-1.0,-1.0,-1.0,-1.0,-1.0
23334,0.3,-0.8,-0.2,0.2,0.5,-0.9,-0.2,-0.2,-0.3,-0.3,-0.3,-0.3,-0.3,-0.3,-0.3
23341,-0.3,-0.2,-0.9,-0.3,-0.7,-0.7,-0.6,-0.5,-0.8,-0.7,-0.2,-0.2,-0.2,-0.2,-0.2
23403,0.6,3.2,0.3,0.5,1.7,2.1,2.5,2.1,2.8,0.5,1.3,2.7,2.3,0.6,-0.1
23424,0.3,-0.2,0.0,-0.4,-0.6,-0.1,-0.1,-0.1,-0.1,-0.1,-0.1,-0.1,-0.1,-0.1,-0.1
23425,-0.7,2.0,1.7,0.6,0.0,-0.5,0.5,0.2,-0.5,1.6,-0.2,-0.4,0.2,0.5,0.0
23442,-0.6,1.3,1.9,0.6,0.6,0.2,-0.8,0.4,0.3,-0.3,0.5,-0.9,-0.6,-0.3,0.1
23452,-0.1,0.1,1.6,1.3,1.5,0.9,1.1,1.3,1.0,0.9,0.3,1.0,1.1,1.1,1.1
23457,0.3,-0.2,-0.1,-1.0,-0.1,-0.7,-0.5,-1.0,-1.0,-1.0,-1.0,-1.0,-1.0,-1.0,-1.0
23462,3.1,1.9,1.1,0.7,1.1,1.2,1.4,0.4,0.1,0.0,-0.3,0.1,-0.6,-0.7,-0.8
23471,1.0,1.8,0.8,0.5,0.2,0.4,-0.4,-0.4,-0.9,-0.9,-0.1,-0.9,-0.5,-0.2,-0.2
23492,-0.8,0.2,0.1,-0.6,-0.5,-0.5,-0.4,-0.6,0.1,-0.2,-0.2,-0.2,-0.2,-0.2,-0.2
23557,1.0,1.2,0.3,0.3,0.2,-0.1,0.0,-0.3,-0.6,0.0,-0.7,-0.7,-0.5,0.0,-0.2
23566,2.0,1.9,1.0,0.8,1.6,1.0,0.9,0.8,2.8,1.5,0.9,2.0,1.0,0.5,0.4
23567,-0.6,-0.8,-0.1,-0.5,-0.4,-0.9,-0.9,-0.9,-0.9,-0.9,-0.9,-0.9,-0.9,-0.9,-0.9
23577,2.6,0.8,0.8,0.5,3.0,2.1,1.4,1.6,2.3,0.2,0.0,-0.4,0.0,0.5,-0.7
23591,-1.0,-0.6,-0.9,0.1,-0.1,-0.2,-0.7,-0.1,-0.1,-0.1,-0.6,-0.6,-0.6,-0.6,-0.6
23670,-0.3,-0.2,0.5,-0.4,-0.2,1.9,0.3,-0.4,1.0,1.7,0.8,1.9,0.6,0.1,0.4
23680,1.4,1.4,1.0,2.1,0.0,-0.4,-0.5,-0.7,-0.6,0.4,0.3,0.2,0.0,-0.1,-0.1
23810,1.1,1.5,1.3,1.4,1.2,1.9,1.9,0.7,-0.9,0.6,-0.5,-0.1,0.5,0.0,-0.9
23860,0.6,-0.5,0.0,2.2,2.2,1.8,0.2,-0.6,-0.7,0.3,0.5,-0.8,-0.5,-0.6,-0.6
23865,-0.8,0.6,-0.8,-0.1,-0.8,-1.0,-1.0,-0.7,-0.9,-0.5,-0.7,-0.7,-0.7,-0.7,-0.7
23873,-0.7,0.0,0.1,-0.2,-0.4,-0.5,-0.9,-0.6,-0.2,-0.4,-0.4,-0.4,-0.4,-0.4,-0.4
23880,-1.0,-0.9,-0.4,-0.9,-0.2,-1.0,-0.2,-0.7,0.2,-0.7,-0.7,-0.7,-0.7,-0.7,-0.7
23892,1.4,0.8,0.8,0.9,0.3,-0.1,0.4,1.3,0.7,0.6,0.6,2.2,0.8,0.3,0.2
23900,-0.7,-1.0,-0.1,0.2,-0.5,-0.8,-0.9,0.0,-0.2,-0.1,-0.2,-0.2,-0.2,-0.2,-0.2
23931,-0.2,-0.4,-0.2,-0.2,-0.1,-0.3,-0.5,-0.6,-0.5,-0.3,-0.3,-0.3,-0.3,-0.3,-0.3
23936,0.8,1.3,1.2,1.2,1.6,1.2,1.5,0.4,-0.5,-0.1,0.0,-0.6,-0.5,0.3,-0.7
23964,0.0,-0.3,0.0,0.5,0.2,0.3,-0.5,-0.3,-0.3,-0.3,-0.3,-0.3,-0.3,-0.3,-0.3
24056,-1.0,0.1,-0.3,-0.5,-0.8,-0.7,-0.3,-0.8,-0.8,-0.8,-0.8,-0.8,-0.8,-0.8,-0.8
24094,2.6,1.5,1.5,2.4,0.9,2.5,1.2,-0.2,2.5,1.1,-0.6,2.0,0.6,-0.3,1.3
24096,3.1,0.7,-1.0,-1.0,-1.0,-1.0,0.3,1.3,3.2,1.6,0.4,0.4,0.7,3.0,1.3
24156,1.3,1.8,0.3,0.6,1.1,2.5,1.6,1.1,1.7,1.0,2.0,1.0,0.3,0.5,1.5
24162,0.6,2.0,0.9,-0.7,-0.9,0.2,-0.1,-0.6,-0.5,-0.9,-0.8,-0.9,-0.5,-0.7,-0.8
24188,-0.5,-0.3,-0.6,-0.3,0.0,-0.3,-0.6,0.0,-0.6,-0.4,-0.2,-0.2,-0.2,-0.2,-0.2
24268,-0.3,-0.1,0.2,-0.4,-0.4,-0.2,-0.1,-0.2,-0.3,-1.0,-1.0,-1.0,-1.0,-1.0,-1.0
24279,-1.0,-0.8,-0.4,-0.4,-0.3,-0.3,-0.4,-0.2,0.0,-1.0,-0.3,-0.9,-0.7,-0.2,0.2
24313,-0.3,-0.2,0.2,0.1,0.2,0.4,-0.1,0.4,0.2,0.3,-0.1,0.0,0.0,-0.6,0.0
24339,1.1,0.9,0.9,0.1,-0.1,0.7,-0.5,0.0,-0.1,0.2,-0.1,-0.7,-0.3,-0.9,-0.6
24340,-0.6,-0.6,1.0,0.4,0.4,0.5,-0.7,0.2,-0.9,0.4,0.0,0.1,1.3,1.4,1.2
24375,0.3,1.5,-0.7,0.9,-0.2,-0.4,-1.0,0.1,-0.5,0.0,-0.9,0.0,-0.6,-0.1,-0.1
24385,0.6,1.2,1.7,1.5,-0.2,-0.2,0.0,0.5,0.2,-0.5,0.9,2.0,0.8,0.5,-0.4
24387,1.7,2.1,2.4,0.9,0.7,2.3,0.9,0.5,1.4,1.7,-0.7,0.1,0.5,1.2,0.8
24389,-0.3,0.5,-0.5,-0.5,-0.1,0.2,0.0,0.0,-0.6,-0.2,-0.7,-0.7,-0.7,-0.7,-0.7
24390,0.0,0.3,-0.3,-0.4,-1.0,-0.5,-0.6,-0.9,-0.3,-0.8,0.0,0.0,0.0,0.0,0.0
24393,0.3,-0.1,1.3,1.2,0.5,0.2,-0.3,-0.7,-0.2,-0.4,-0.5,-1.0,-0.4,0.0,-0.4
24438,2.2,0.9,0.9,2.1,0.0,-0.9,-1.0,-1.0,-0.6,-0.6,0.2,0.1,-0.6,-0.2,-0.3
24475,-0.2,-0.7,0.2,0.4,0.4,-0.3,0.5,0.6,-0.2,0.5,0.1,0.0,-0.4,0.5,-0.1
24494,-0.7,0.0,0.1,0.3,0.2,0.2,-0.4,-0.1,-0.3,-0.3,-0.3,-0.3,-0.3,-0.3,-0.3
24513,-0.4,-0.6,0.1,-0.9,-0.6,-0.4,-0.4,-1.0,-0.9,-0.6,-0.6,-0.6,-0.6,-0.6,-0.6
24522,-1.0,-0.2,-0.7,-0.8,-0.5,-0.6,-0.3,-0.4,-0.5,-0.8,-0.8,-0.8,-0.8,-0.8,-0.8
24540,1.6,0.5,-0.2,0.0,0.3,0.5,0.3,0.3,0.1,0.5,0.2,0.3,0.5,0.1,0.3
24553,-0.8,-0.8,0.0,-0.7,0.1,-0.7,0.2,-0.9,-0.9,-0.9,-0.9,-0.9,-0.9,-0.9,-0.9
24558,-0.7,-0.9,-0.7,-0.8,-0.7,-0.5,0.5,-1.0,0.1,-0.3,-0.4,-0.4,-0.4,-0.4,-0.4
24561,-0.6,-0.7,-0.4,-0.8,-0.2,-0.2,-0.7,-0.8,-0.5,-0.8,-0.6,-0.6,-0.6,-0.6,-0.6
24566,-0.5,1.9,0.9,-0.4,0.1,0.1,0.3,0.5,-0.5,-0.2,-0.5,-0.7,-0.6,-0.8,-0.4
24568,-0.6,1.8,0.0,0.9,1.4,0.4,1.3,1.5,0.6,-0.5,-0.5,-0.3,-0.2,-0.1,-0.8
24603,-0.7,-0.8,-0.2,-0.9,0.0,0.0,0.0,0.0,0.0,0.0,0.0,0.0,0.0,0.0,0.0
24612,-0.5,0.0,-0.4,0.0,-0.5,0.3,-0.6,-0.6,-0.6,-0.6,-0.6,-0.6,-0.6,-0.6,-0.6
24639,0.5,2.4,1.5,0.5,2.4,1.2,0.3,1.0,1.3,3.0,1.4,0.2,2.3,1.6,1.3
24646,0.5,2.1,0.6,-0.8,0.0,-0.4,-0.2,-0.1,-0.5,0.7,0.9,2.2,0.5,0.1,-0.6
24653,0.0,-0.5,-0.2,-0.4,-0.3,0.1,-0.3,-0.1,-0.5,-0.5,0.1,0.1,0.1,0.1,0.1
24675,0.1,-0.5,-0.3,-0.8,-0.4,-1.0,0.0,-0.3,-0.1,-0.5,-0.1,-0.1,-0.1,-0.1,-0.1
24720,0.5,-0.2,1.8,0.9,0.8,1.3,1.0,0.9,1.3,1.6,0.9,0.5,0.1,0.2,0.3
24741,-0.5,-0.3,-0.7,-0.8,0.1,-0.6,-0.9,-0.6,-0.6,-0.3,-0.3,-0.3,-0.3,-0.3,-0.3
24742,-0.2,-0.7,0.6,-0.4,0.6,-0.5,-0.1,-0.7,-0.3,-1.0,-1.0,-1.0,-1.0,-1.0,-1.0
24751,0.3,0.0,0.1,-0.3,0.0,-0.7,0.1,-0.3,-0.5,-0.4,-0.1,-0.1,-0.1,-0.1,-0.1
24759,-0.2,-0.4,0.0,-0.6,-0.1,-0.4,-0.2,-0.5,-0.5,-0.5,-0.5,-0.5,-0.5,-0.5,-0.5
24760,-0.5,-0.2,-0.3,-0.4,0.3,-0.5,-0.5,-0.5,-0.1,-0.9,-0.2,-0.2,-0.2,-0.2,-0.2
24766,0.4,2.1,1.3,1.0,2.0,0.6,0.9,2.9,3.0,0.8,-0.5,-0.1,1.1,2.4,1.4
24774,0.2,-0.4,-0.1,-0.1,0.3,-0.6,0.0,-0.3,0.0,-0.4,0.1,0.1,0.1,0.1,0.1
24778,1.7,1.7,0.7,0.5,0.4,0.8,0.2,0.8,0.0,-0.1,0.1,-0.4,0.1,-0.4,-0.8
24857,0.4,2.5,1.8,0.7,0.6,0.6,0.2,0.5,0.0,0.6,-0.1,0.1,0.3,0.4,-0.3
24865,0.1,-0.7,-0.8,-0.5,-0.7,-1.0,-1.0,-1.0,-1.0,-1.0,-1.0,-1.0,-1.0,-1.0,-1.0
24869,-0.3,-0.5,-0.1,-0.1,-0.6,-0.2,-0.5,-0.6,-0.6,-0.6,-0.6,-0.6,-0.6,-0.6,-0.6
24878,-0.2,-0.1,0.0,-0.3,-0.2,-0.1,0.0,-0.7,-0.3,-0.2,-0.2,-0.2,-0.2,-0.2,-0.2
24966,-0.4,-0.2,-0.7,-0.4,-0.1,-0.2,-0.2,0.0,0.0,0.0,0.0,0.0,0.0,0.0,0.0
24992,1.7,0.0,-0.9,0.0,1.6,1.0,1.7,-0.4,-0.5,-0.6,1.2,0.8,1.1,0.7,0.7
24997,-0.5,-0.4,-0.4,-0.1,0.2,-0.3,0.0,-0.8,-0.1,-0.6,-0.5,-0.5,-0.5,-0.5,-0.5
25021,2.2,-0.5,1.5,0.2,0.2,-0.5,-0.3,0.0,-0.4,-0.6,-0.8,-0.9,-0.6,-1.0,-0.4
25033,0.2,0.3,-0.1,-0.4,-0.2,-0.4,-0.9,-0.4,-0.4,-0.8,-1.0,-1.0,-1.0,-1.0,-1.0
25043,0.1,1.0,0.6,-0.5,-0.2,-0.5,-0.8,0.2,-0.7,-0.3,-0.9,-0.3,-0.8,-0.8,-0.8
25051,0.3,-0.2,-0.5,-0.8,-0.5,-1.0,-1.0,0.5,-1.0,-0.4,0.0,-0.6,-0.7,-0.8,-0.8
25069,2.3,1.6,0.6,0.5,1.8,1.1,-0.2,-0.8,-0.4,-0.1,0.2,-0.1,-0.2,0.9,0.5
25112,1.4,2.1,1.2,-0.1,-0.3,-0.5,-0.1,0.4,0.8,1.5,1.3,0.7,0.1,1.9,2.0
25116,0.0,0.1,-0.2,-0.9,-0.8,-0.9,-0.3,-0.3,-0.3,-0.3,-0.3,-0.3,-0.3,-0.3,-0.3
25122,-0.6,0.0,-0.7,-0.7,-1.0,-0.7,-0.3,-0.3,-0.3,-0.3,-0.3,-0.3,-0.3,-0.3,-0.3
25159,0.0,-0.5,-0.3,0.1,0.2,-0.8,-0.5,-1.0,-0.5,-0.6,0.0,0.0,0.0,0.0,0.0
25172,0.1,0.2,-0.1,-0.4,-0.5,-0.2,-0.6,-0.4,-0.7,-0.5,-1.0,-1.0,-1.0,-1.0,-1.0
25214,0.5,0.8,-0.6,-0.1,-0.6,-0.3,-0.3,-0.1,0.1,-0.6,-0.4,-0.4,-0.4,-0.4,-0.4
25220,-0.8,-0.8,-0.9,-0.7,-0.2,-1.0,-0.4,-0.7,-0.2,-1.0,-1.0,-1.0,-1.0,-1.0,-1.0
25228,1.4,1.6,3.6,2.0,2.7,2.9,1.8,1.4,2.0,2.7,3.1,2.1,1.8,1.4,1.2
25244,-0.5,-0.6,-0.1,-0.8,-0.4,-0.6,0.1,-0.5,-0.5,-0.8,-0.8,-0.8,-0.8,-0.8,-0.8
25250,-0.2,0.2,0.3,0.4,0.1,-0.1,0.2,0.8,0.6,-0.2,-0.1,-0.2,-0.3,0.8,0.3
25330,1.4,1.5,0.3,0.3,1.6,1.0,-0.9,-0.6,-0.4,-0.1,-0.3,-0.1,-0.3,-0.6,-0.3
25338,0.5,-1.0,-0.5,-0.8,0.1,-0.6,-1.0,-0.5,-1.0,-0.6,-0.3,-0.3,-0.3,-0.3,-0.3
25357,-0.5,-1.0,-0.5,-0.4,0.1,-0.6,-0.4,-0.6,-0.2,-0.7,0.2,0.2,0.2,0.2,0.2
25358,-0.1,-0.7,0.0,-1.0,-0.3,-0.5,-0.5,-0.4,-0.6,-0.8,-0.8,-0.8,-0.8,-0.8,-0.8
25364,0.9,-0.1,0.5,0.1,0.3,0.4,0.3,-0.1,-0.6,-1.0,-1.0,-1.0,-1.0,-1.0,-1.0
25372,0.5,-0.5,-0.5,-0.6,-1.0,-0.3,-0.8,-0.5,-0.6,-0.3,-0.7,-0.1,-0.1,-0.1,-0.1
25377,0.3,0.4,0.2,0.0,-0.3,-0.3,-0.3,-0.4,0.3,-0.4,-0.6,-0.6,-0.6,-0.6,-0.6
25400,-0.7,3.0,1.1,0.5,1.9,0.8,-0.7,-0.6,0.0,2.5,1.9,2.7,2.0,2.0,1.9
25451,0.7,1.8,0.5,-0.3,0.0,0.2,1.1,1.4,0.6,0.5,-0.3,0.9,1.0,-0.7,-0.9
25453,0.4,-0.5,0.2,-0.4,-0.1,-1.0,-1.0,-1.0,-1.0,-1.0,-1.0,-1.0,-1.0,-1.0,-1.0
25460,-1.0,0.2,0.5,0.4,0.1,-0.5,-0.2,-0.6,0.8,0.0,-0.4,-0.4,-0.4,-0.4,-0.4
25524,-0.3,-0.4,-0.5,0.1,-0.1,-0.9,-0.2,0.0,-0.4,-0.2,-0.4,-0.4,-0.4,-0.4,-0.4
25559,-0.3,1.2,1.6,1.9,0.4,0.9,0.5,1.6,-0.1,0.7,1.4,1.1,0.9,0.3,-0.1
25583,0.1,2.1,2.9,2.4,1.1,0.0,1.3,2.9,1.9,0.2,-0.1,-0.8,0.1,0.5,0.8
25590,-0.7,0.1,0.0,-0.3,-0.4,-0.8,-0.1,-0.5,-0.4,-0.5,-0.2,-0.2,-0.2,-0.2,-0.2
25593,-0.7,-0.2,-0.9,-0.2,-1.0,-0.2,-0.8,-0.8,0.1,-0.8,-0.8,-0.8,-0.8,-0.8,-0.8
25602,0.0,-0.2,-0.2,-0.6,-1.0,-0.5,-0.4,-1.0,-1.0,-0.5,-0.2,-0.2,-0.2,-0.2,-0.2
25609,1.8,0.9,1.4,1.0,0.6,0.9,0.0,-0.2,1.1,1.1,-0.5,0.0,-0.2,0.4,0.3
25686,-0.3,-0.6,-1.0,-1.0,-0.2,-0.7,-0.6,-0.4,-0.6,-0.8,-0.9,-0.9,-0.9,-0.9,-0.9
25705,1.2,0.7,-1.0,-0.6,-0.1,-0.9,-1.0,-0.8,-0.2,-0.9,-0.8,-0.2,-0.2,-0.2,-0.2
25743,2.2,1.7,1.5,1.1,2.4,2.3,0.4,-0.1,0.0,2.6,1.7,-0.1,0.7,2.0,2.0
25764,0.0,-0.5,-0.3,-0.3,-0.5,-0.6,0.0,-0.2,-0.6,-0.8,-0.5,-0.3,-0.3,-0.3,-0.3
25796,-0.3,-0.5,-0.5,-0.5,-0.1,0.0,-0.1,-1.0,-0.3,-0.2,0.1,0.1,-0.6,0.1,0.0
25798,-0.9,-0.2,-0.3,-0.8,-0.5,-0.4,0.0,-0.2,0.0,-0.7,-0.3,-0.6,-0.6,-0.6,-0.6
25799,2.0,0.8,1.2,1.0,1.2,2.4,1.7,0.8,-1.0,-0.4,2.4,1.7,0.0,-0.9,-0.6
25802,0.2,-0.7,-0.6,-0.1,-0.6,0.9,-1.0,-0.3,-1.0,0.5,0.5,0.5,0.5,0.5,0.5
25804,-0.3,-0.1,0.0,1.5,1.0,2.4,2.3,1.8,0.2,1.7,2.6,2.3,2.0,1.3,1.1
25909,0.3,0.9,0.1,0.1,0.1,0.3,0.5,-0.2,0.5,-0.2,-0.2,-0.2,-0.2,-0.2,-0.2
25913,1.9,1.7,1.3,0.0,0.3,0.8,1.0,1.3,2.5,1.0,0.2,-0.9,-1.0,-0.4,1.1
25922,-0.4,-0.5,-0.6,-0.7,-0.8,-0.7,-0.8,-0.4,-1.0,-0.4,-0.4,-0.4,-0.4,-0.4,-0.4
25940,1.3,1.0,1.6,2.3,2.4,1.8,2.3,1.8,1.1,3.0,0.9,-0.5,0.2,1.5,1.7
25951,0.5,2.2,0.4,-0.6,0.8,0.3,0.2,0.1,0.7,-0.3,0.1,-0.5,-0.1,-0.5,-0.9
25958,-0.3,-0.2,0.4,-0.4,-0.5,-0.8,-0.8,-0.7,-0.4,-0.3,-0.2,-0.2,-0.6,-0.4,-0.4
25988,0.0,-0.9,-0.9,-0.7,-0.9,0.0,-0.5,0.0,-0.4,0.1,-1.0,-1.0,-1.0,-1.0,-1.0
26031,0.4,-0.4,-0.1,-0.2,-0.6,-0.1,-0.5,-0.5,1.5,0.8,0.5,2.2,1.6,1.1,0.7
26043,1.8,0.2,0.8,0.8,2.4,1.5,-0.7,0.4,0.2,-0.4,-0.3,-0.4,-0.9,-0.8,-0.6
26046,1.9,1.1,0.5,2.0,2.5,2.4,2.1,0.4,2.3,1.0,0.2,-0.6,1.1,1.8,1.7
26048,0.0,-0.9,-0.6,-0.6,-0.4,-0.5,-0.5,-0.5,-0.5,-0.5,-0.5,-0.5,-0.5,-0.5,-0.5
26066,-0.3,1.6,-0.5,-0.7,0.3,0.2,0.5,0.9,-0.6,-0.2,0.1,0.4,0.3,-0.4,-0.1
26159,-0.4,-0.2,0.1,-0.3,-0.1,-0.5,-0.3,-0.2,-0.2,-0.3,-0.3,-0.3,-0.3,-0.3,-0.3
26183,0.2,-0.3,-0.2,-0.1,0.0,-0.4,-0.4,-0.2,-0.1,0.1,0.1,0.1,0.1,0.1,0.1
26268,0.2,-0.8,-0.2,-0.6,-0.9,-0.5,-0.3,-0.4,-0.4,-0.4,-0.4,-0.4,-0.4,-0.4,-0.4
26356,0.1,-0.8,-0.1,-0.5,-0.5,-0.7,0.2,-0.7,-0.1,-0.4,-0.1,-0.1,-0.1,-0.1,-0.1
26359,0.3,0.1,-0.1,0.1,0.0,-0.8,-0.2,-0.4,-0.2,-0.5,0.4,0.4,0.4,0.4,0.4
26365,0.0,-0.9,0.3,-0.8,-0.2,-0.7,-0.3,-0.4,-0.4,-0.4,-0.4,-0.4,-0.4,-0.4,-0.4
26378,1.1,3.3,2.4,2.1,1.8,0.5,2.5,2.5,1.7,1.8,2.6,1.5,0.9,2.3,4.4
26387,0.0,-0.5,-0.1,0.1,-0.1,-0.7,-0.7,-0.8,-0.2,-0.4,-0.5,-0.5,-0.5,-0.5,-0.5
26389,-0.6,-0.4,0.1,-0.5,0.0,-0.2,-0.5,-0.1,-0.2,-0.3,-0.4,-0.1,-0.4,-0.7,-0.4
26411,0.7,-0.3,0.1,-0.3,-0.2,-0.7,0.0,-0.5,-0.5,-0.7,-0.7,-0.7,-0.7,-0.7,-0.7
26468,-0.5,0.0,-0.1,0.0,-0.3,-0.3,-0.3,-0.3,-0.3,-0.3,-0.3,-0.3,-0.3,-0.3,-0.3
26482,-0.1,0.9,1.9,0.8,-0.2,-0.8,-0.7,-0.7,-0.7,-0.3,0.8,1.2,0.7,1.0,1.2
26485,0.6,1.7,0.6,-0.7,-0.4,-0.5,-0.7,0.2,-1.0,-0.7,-0.4,-0.7,-0.9,-0.8,-0.6
26488,0.1,0.0,-0.1,-0.9,-0.6,-0.4,-0.2,-0.4,-0.6,-0.9,0.0,0.0,0.0,0.0,0.0
26491,0.1,-0.5,-0.2,-0.7,-0.4,-0.7,-0.3,-0.5,-0.2,-0.1,-0.7,-0.7,-0.7,-0.7,-0.7
26515,0.5,1.9,0.0,0.4,2.9,0.3,1.4,1.9,0.5,2.3,0.9,0.3,1.1,1.5,0.5
26525,0.4,1.3,-0.3,-0.3,1.7,2.1,1.4,1.4,2.7,1.6,0.8,0.6,1.6,1.1,0.5
26536,-0.6,0.5,-0.5,-0.4,-0.7,-0.2,-0.2,-0.6,-0.3,-0.4,-0.3,-0.7,-0.7,-0.7,-0.7
26590,-0.4,-0.6,0.0,-0.6,-0.2,-0.5,-0.1,-0.1,-0.4,-0.1,-0.7,-0.7,-0.7,-0.7,-0.7
26595,1.4,1.6,0.7,0.1,0.8,2.0,1.5,0.4,1.6,0.6,0.6,2.7,-0.5,1.6,1.1
26605,2.5,2.6,2.3,2.6,1.1,0.0,0.6,1.0,1.6,1.4,0.3,0.1,-0.7,0.3,0.5
26631,-0.6,-1.0,-0.7,-0.6,-0.9,-0.8,-0.9,-1.0,-1.0,-1.0,-1.0,-1.0,-1.0,-1.0,-1.0
26634,1.8,0.0,0.1,0.1,1.0,2.1,0.6,-1.0,-0.7,0.0,0.6,-0.1,0.7,0.2,0.8
26641,-0.2,-0.6,-0.7,-0.8,-0.2,-0.5,-0.8,0.0,-0.7,-0.3,-0.7,-0.1,-0.1,-0.1,-0.1
26690,0.6,-0.1,0.2,1.8,1.3,1.0,0.3,0.4,2.5,1.1,1.0,1.3,3.0,2.6,1.5
26697,0.7,-0.2,-0.2,-0.3,-0.2,-0.3,-0.2,-0.4,-0.1,-0.4,-0.4,-0.4,-0.4,-0.4,-0.4
26706,0.0,-0.3,-0.2,-0.5,-0.4,-0.4,-0.3,-0.5,-0.5,-0.5,-0.5,-0.5,-0.5,-0.5,-0.5
26708,-0.2,0.0,-0.5,-0.2,-0.5,-0.7,-0.7,-0.5,-0.5,-0.7,-0.3,-0.6,-0.2,-0.7,-0.5
26714,-0.4,-0.9,-0.8,0.2,-0.7,-0.9,-0.8,-0.5,-0.7,-0.6,-0.6,-0.6,-0.6,-0.6,-0.6
26717,2.0,1.4,0.7,0.2,-0.1,-0.5,-0.6,-0.9,-1.0,-1.0,-1.0,-1.0,-1.0,-1.0,-1.0
26726,-0.2,-0.1,-0.7,-0.6,-1.0,-0.4,-0.8,-0.2,-0.2,-0.7,-0.7,-0.7,-0.7,-0.7,-0.7
26728,-0.3,-0.1,-0.1,2.5,1.0,2.2,2.0,2.5,1.9,2.4,1.2,1.5,0.8,0.7,2.5
26796,-0.7,-0.5,-0.7,-0.6,-0.7,-0.3,-0.1,-0.7,0.0,-0.8,-0.4,-0.4,-0.4,-0.4,-0.4
26802,-0.6,-0.8,-0.1,-0.6,-0.7,-0.1,0.1,-0.7,-0.4,-0.8,-0.3,-0.3,-0.3,-0.3,-0.3
26806,1.6,1.4,1.3,0.9,1.2,2.3,1.9,1.7,1.3,1.6,1.7,1.4,1.2,1.1,1.2
26827,0.8,0.0,0.3,-0.7,0.2,-0.2,0.2,-0.1,0.0,0.2,0.2,0.2,0.2,0.2,0.2
26831,0.2,-0.8,-0.5,-0.9,-0.9,-0.5,-0.9,-0.7,-0.4,-0.8,-0.6,-0.6,-0.6,-0.6,-0.6
26833,1.6,1.1,0.8,3.2,1.5,0.3,0.2,2.2,0.8,1.4,0.2,-0.1,0.3,0.6,1.1
26842,0.7,-0.8,-0.9,-0.7,-0.6,-0.9,-0.1,-1.0,-0.8,-0.8,-0.4,-0.4,-0.4,-0.4,-0.4
26904,-0.4,0.1,-0.4,1.5,-0.3,-0.1,-0.1,0.3,0.1,0.4,-0.5,0.1,0.1,0.1,0.1
26910,0.0,-0.4,0.1,-0.2,-0.5,-0.7,-0.4,0.0,-0.4,-0.2,-0.4,-0.4,-1.0,-0.4,-0.3
26922,1.1,1.5,0.4,0.2,-0.2,0.0,-0.6,-0.2,-0.7,-0.4,-0.8,-0.8,-0.8,-0.8,-0.8
26928,0.2,-0.1,0.2,0.0,0.0,0.0,0.0,0.0,0.0,0.0,0.0,0.0,0.0,0.0,0.0
26931,0.8,0.1,-0.2,-0.6,-0.1,-0.6,0.0,-0.7,-0.3,-0.6,-0.3,-0.3,-0.3,-0.3,-0.3
26938,3.3,1.5,-0.6,2.7,1.9,-0.1,0.8,1.9,1.2,0.2,1.7,0.4,-0.7,0.3,0.2
26943,0.1,-0.5,0.0,-0.8,-0.2,-0.2,0.1,-0.5,-0.5,-0.5,-0.5,-0.5,-0.5,-0.5,-0.5
26995,-0.4,-0.6,-0.9,-0.7,-0.4,-0.4,-0.3,-0.8,-0.1,-0.6,-0.4,-0.4,-0.4,-0.4,-0.4
27022,-0.3,-0.7,-1.0,-0.4,-0.2,-0.1,-0.2,-0.2,-0.5,-0.3,-0.3,-0.3,-0.3,-0.3,-0.3
27048,-0.8,-0.7,-0.2,-0.1,0.4,0.0,-0.2,-0.3,-0.1,-0.5,-0.3,-0.1,0.7,0.3,0.4
27056,-0.3,2.1,1.4,0.6,-0.2,0.7,0.8,0.6,0.2,0.0,-0.9,-0.4,-0.3,-0.3,-0.3
27057,0.4,-0.5,0.0,-0.2,-0.1,-0.1,0.3,-0.7,-0.5,-0.4,-0.3,-0.3,-0.3,-0.3,-0.3
27070,-0.6,-0.1,-0.2,-0.4,-0.1,-0.5,-0.3,-0.4,-0.8,-1.0,-0.6,-0.6,-0.6,-0.6,-0.6
27076,1.8,2.8,2.1,0.7,-0.2,1.7,-0.2,-0.1,0.3,1.0,1.4,1.0,0.9,0.5,0.4
27084,0.0,1.9,0.8,0.0,0.2,1.2,1.8,0.1,0.0,-0.8,0.2,1.1,0.8,0.3,0.2
27088,-0.8,-0.1,-0.6,-0.4,-0.2,-0.5,0.1,-0.8,-0.1,-0.5,-0.4,-0.4,-0.4,-0.4,-0.4
27120,0.1,1.4,1.7,1.3,-0.6,0.4,0.4,0.6,1.2,1.0,1.2,1.1,0.2,-0.6,-0.3
27121,1.3,1.9,1.6,1.5,0.4,0.4,-0.5,-0.8,-0.8,-0.8,-0.3,-0.3,-0.6,-0.5,0.1
27129,0.7,-0.1,0.3,-0.2,0.2,-0.8,0.2,-0.6,0.3,-1.0,0.2,0.2,0.2,0.2,0.2
27171,0.1,0.3,0.3,-1.0,0.1,0.3,-0.7,-0.1,-0.4,-0.5,-0.4,-0.4,-0.4,-0.4,-0.4
27191,1.4,2.0,0.8,0.5,2.0,1.4,0.8,2.1,1.2,-0.1,1.3,2.0,0.1,0.3,0.4
27225,-0.5,-0.1,0.5,-1.0,-0.1,-1.0,0.1,-0.4,0.0,-0.3,-0.3,-0.3,-0.3,-0.3,-0.3
27229,-0.4,0.0,-0.5,0.7,0.1,-0.5,0.5,0.1,0.1,-0.5,-0.5,-0.5,-0.5,-0.5,-0.5
27230,2.0,1.2,0.4,-0.2,0.1,1.4,2.5,1.3,0.1,-0.5,-0.3,0.9,-0.1,0.9,1.3
27232,-0.1,1.9,0.5,-0.6,-0.1,-0.7,-0.6,0.6,1.2,1.1,1.3,1.0,0.8,1.0,0.7
27238,-0.2,2.3,1.7,0.4,-0.2,0.7,0.2,2.8,2.2,0.5,0.4,0.2,1.9,0.6,0.4
27241,-0.4,0.1,-0.1,-0.4,-0.7,-0.5,-0.5,-1.0,-0.4,-0.3,-0.4,-0.4,-0.4,-0.4,-0.4
27248,1.4,1.0,1.0,1.1,1.7,0.1,-0.2,0.2,2.4,2.6,2.0,1.2,1.3,2.6,2.3
27281,-0.5,-0.7,0.0,-0.3,-1.0,-0.9,-0.1,-0.5,-0.5,-0.5,-0.5,-0.5,-0.5,-0.5,-0.5
27285,1.6,1.0,0.5,0.8,-0.2,-0.4,-0.1,-0.5,-0.2,-0.4,-0.3,-0.1,0.2,0.0,0.2
27295,1.3,1.5,0.7,-0.8,0.1,0.3,0.0,0.6,0.4,-0.7,-0.3,-0.9,-0.6,-0.5,-0.5
27332,0.9,0.5,-0.7,-0.3,-0.2,-0.4,-0.8,-0.4,-0.3,-0.3,-0.5,-0.5,-0.5,-0.5,-0.5
27347,2.3,2.7,2.0,0.8,-0.2,1.5,1.6,1.7,0.8,1.0,1.4,2.3,1.6,1.1,0.4
27348,-0.4,0.0,-1.0,-0.5,-0.5,-0.8,-1.0,-0.5,-0.5,0.1,0.0,0.0,0.0,0.0,0.0
27349,0.4,1.9,0.8,-0.2,-1.0,-1.0,-1.0,-0.8,0.2,-0.8,-0.6,0.8,-0.2,0.6,0.9
27350,0.4,1.6,0.3,1.8,0.2,0.7,0.6,1.5,0.7,0.0,-0.1,-0.1,0.9,0.6,1.1
27353,1.5,1.8,1.8,0.8,1.5,2.0,1.7,1.9,0.9,-0.1,1.0,1.8,1.1,-0.2,1.3
27354,-0.2,-1.0,-0.5,0.0,0.4,-0.2,0.6,-0.1,-0.1,-0.1,-0.1,-0.1,-0.1,-0.1,-0.1
27367,2.8,2.2,2.3,2.2,1.4,-0.4,-0.1,3.0,1.4,-0.2,-0.8,1.0,0.2,-0.8,-0.6
27371,0.0,0.0,0.4,0.1,0.5,-0.1,-0.2,0.3,-0.8,-0.7,-0.1,-0.1,-0.1,-0.1,-0.1
27413,-0.4,0.1,0.0,0.1,0.2,0.1,0.6,0.0,0.4,-0.2,0.3,-0.5,-0.5,-0.5,-0.5
27427,-0.7,-0.6,-0.5,-0.4,-0.1,-0.8,0.0,-0.6,-0.3,-1.0,0.0,0.0,0.0,0.0,0.0
27439,0.5,0.3,0.4,0.6,0.3,-0.5,-0.5,0.2,-0.1,-0.2,-0.4,-0.4,-0.4,-0.4,-0.4
27441,0.1,0.9,0.0,0.4,-0.4,-0.3,0.0,0.1,0.0,0.0,-0.5,-0.5,-1.0,-0.5,-0.3
27456,-0.1,-0.1,-0.3,-0.2,-0.5,0.1,-0.4,-0.2,-0.5,-0.5,-0.2,-0.2,-0.2,-0.2,-0.2
27498,2.2,2.0,1.9,0.4,0.0,0.9,2.1,0.3,-0.2,-0.6,0.0,2.3,0.3,-0.6,0.1
27500,0.1,0.8,0.7,0.4,-0.1,0.1,0.0,-0.4,0.0,-0.3,-0.3,-0.3,-0.3,-0.3,-0.3
27514,2.7,2.1,2.3,1.9,-0.7,1.8,2.3,1.6,1.9,1.8,2.6,2.2,1.5,1.4,2.1
27542,-0.2,-0.5,-0.1,-0.7,0.1,-0.8,-0.3,-0.9,-0.1,-0.5,0.0,0.0,0.0,0.0,0.0
27551,0.4,-0.4,0.0,-0.5,0.0,-0.6,-0.1,0.2,0.7,1.0,1.7,0.8,-0.7,-0.3,0.5
27558,-0.5,-0.3,-0.8,-0.1,-0.6,-0.7,0.8,-0.5,0.0,-0.4,-0.4,-0.4,-0.4,-0.4,-0.4
27564,1.4,1.0,2.0,2.3,2.0,1.9,0.9,0.9,0.3,0.8,1.1,1.5,1.0,0.4,2.0
27594,-0.3,-0.9,-0.7,-0.8,-0.8,-0.6,-1.0,-0.5,-0.5,-0.5,-0.5,-0.5,-0.5,-0.5,-0.5
27595,1.9,0.1,-0.1,1.2,0.9,0.9,0.4,-0.4,-0.7,0.0,0.0,0.0,0.0,-1.0,-0.1
27605,-0.6,-0.9,0.3,-0.8,-0.5,0.4,1.4,1.5,1.7,1.7,-0.6,-0.2,1.2,1.3,0.7
27608,1.2,0.9,2.2,0.7,-0.4,-0.9,-0.8,-0.6,-0.8,-0.5,-0.3,0.2,-0.7,-0.1,-0.9
27611,-0.5,-0.8,0.4,2.5,2.1,2.7,1.8,0.8,0.0,-0.2,-0.3,-0.5,-0.8,-0.5,-0.2
27620,-0.7,-1.0,-0.6,-0.8,0.1,-0.4,-0.5,-0.5,-0.5,-0.5,-0.5,-0.5,-0.5,-0.5,-0.5
27698,-0.6,-0.9,-0.5,-0.8,-0.6,-0.8,-0.3,-0.9,-0.6,-0.8,0.2,0.2,0.2,0.2,0.2
27762,0.2,0.5,-0.1,0.2,-0.1,-0.5,-0.4,-0.2,-0.1,0.4,0.4,0.4,0.4,0.4,0.4
27785,-0.1,-0.5,-0.2,-0.3,-1.0,-0.1,-0.1,0.1,0.1,-0.1,-0.1,-0.1,-0.1,-0.1,-0.1
27811,0.8,0.7,0.9,1.9,0.0,-1.0,0.1,0.9,0.6,0.9,0.9,-0.1,-0.5,-0.1,0.0
27825,0.9,-0.6,-0.4,-0.6,-0.5,-0.5,-0.3,-0.7,-0.1,-0.6,0.1,0.1,0.1,0.1,0.1
27828,-0.2,-0.6,0.2,-0.5,0.2,-0.9,-0.7,-0.2,-0.3,-0.4,-0.3,-0.3,-0.3,-0.3,-0.3
27830,-0.2,-1.0,-0.3,-0.5,0.3,-1.0,-0.1,-0.6,0.0,-0.2,-0.6,-0.6,-0.6,-0.6,-0.6
27840,2.9,1.5,0.1,-1.0,-0.6,-0.6,-0.6,1.1,1.0,0.7,0.1,0.3,0.1,0.8,-0.3
27844,-0.2,-0.2,-0.2,-0.3,-0.1,0.0,0.1,-1.0,-0.3,-0.1,-0.2,0.0,0.2,0.2,0.1
27913,0.1,0.9,-0.7,-0.6,-0.9,-1.0,-0.5,-0.3,-0.8,0.0,-0.6,-0.6,-0.6,-0.6,-0.6
27921,0.4,0.3,0.2,0.1,-0.2,-0.2,0.2,-0.5,0.0,-0.7,-0.9,-0.5,-0.4,0.1,-0.3
27937,-0.2,-0.3,-0.2,-1.0,-0.2,-0.8,2.1,2.1,2.1,2.1,2.1,2.1,2.1,2.1,2.1
28045,-0.9,-0.6,-1.0,-0.4,-0.1,0.1,-0.6,-0.5,-0.4,0.0,-0.2,-0.2,-0.2,-0.2,-0.2
28053,-0.7,-0.3,-0.4,-0.9,0.0,-0.2,-0.5,-0.6,-0.5,0.3,0.3,0.3,0.3,0.3,0.3
28056,1.7,2.5,1.2,0.4,-0.4,-0.2,-0.1,-0.1,-0.2,-0.3,-0.5,-0.5,-0.2,-0.1,-0.6
28063,0.8,1.3,1.7,1.6,0.1,0.0,0.3,1.7,0.3,-0.6,0.0,0.0,0.9,0.7,0.3
28074,0.0,-0.6,-0.5,-0.2,-0.5,0.1,0.2,0.2,-0.2,-0.2,-0.4,-0.4,-0.4,-0.4,-0.4
28091,0.5,-0.4,-0.8,0.7,-0.7,0.1,-0.6,-0.4,-0.5,-0.7,-0.4,-0.4,-0.4,-0.4,-0.4
28145,0.9,1.0,1.3,1.1,1.1,1.0,0.5,0.5,0.4,0.5,0.3,0.8,0.5,0.1,-0.5
28163,0.1,-0.2,-0.5,-0.3,-0.6,-0.7,-0.1,0.0,-0.3,-0.8,0.1,0.0,-0.6,-0.4,-0.5
28170,0.5,0.6,0.1,-0.8,-0.1,-0.1,-0.5,-0.3,0.0,1.5,1.0,0.0,0.1,0.0,0.0
28173,0.1,0.2,0.6,-0.7,0.1,-0.4,0.1,0.0,1.4,1.8,1.1,-0.1,0.1,1.2,2.0
28175,-0.1,-0.2,-0.4,-0.5,-0.3,-0.2,-0.6,-0.2,-1.0,-0.5,-0.5,-0.5,-0.5,-0.5,-0.5
28189,0.2,1.2,2.3,0.9,0.5,1.6,0.9,0.3,-0.3,0.1,-0.5,-0.1,0.1,-0.8,-0.5
28224,0.1,0.6,-0.8,-0.5,-0.4,0.0,-0.6,-0.9,-0.9,-0.3,-0.7,-0.7,-0.7,-0.7,-0.7
28263,-0.2,-0.6,-0.5,-0.8,-0.2,-0.8,-0.5,-0.9,-0.4,-1.0,0.2,0.2,0.2,0.2,0.2
28305,-0.5,1.0,1.2,1.3,1.0,1.0,0.6,-0.3,-0.1,-0.4,-0.7,-0.4,-0.7,-0.2,-0.9
28312,0.1,-0.1,-0.2,-0.2,-0.8,-0.5,-0.3,-0.6,0.0,-0.4,-0.2,-0.5,-0.4,-0.3,-0.4
28316,-0.6,-0.5,-0.6,-0.6,-0.9,-0.5,0.0,-0.4,-0.5,-0.7,-0.1,-0.1,-0.1,-0.1,-0.1
28331,0.1,-0.7,-0.7,-0.7,-0.7,-0.7,-0.7,-0.7,-0.7,-0.7,-0.7,-0.7,-0.7,-0.7,-0.7
28333,1.2,1.9,1.4,0.4,0.1,0.1,0.0,0.2,2.4,1.5,0.0,-0.2,-0.2,0.2,2.6
28347,1.0,1.3,1.2,2.5,0.8,0.0,2.0,1.6,-0.2,2.8,1.9,0.2,1.5,2.2,-0.5
28363,-0.8,-1.0,-0.9,-1.0,-0.9,-0.4,-0.7,0.1,-0.8,-0.8,-0.8,-0.8,-0.8,-0.8,-0.8
28373,0.8,2.3,0.9,0.9,1.0,0.4,2.3,1.1,0.7,0.2,0.0,-0.1,2.0,0.9,0.1
28374,-0.1,0.0,-0.2,-0.7,-0.6,-0.9,-0.4,-0.9,-0.8,-0.5,-0.5,-0.5,-0.5,-0.5,-0.5
28379,2.1,1.0,0.8,0.4,1.5,1.9,1.0,-0.2,-1.0,1.0,2.3,1.0,0.9,1.5,1.5
28385,0.5,0.1,-0.5,-1.0,-0.3,0.5,0.3,0.5,0.1,0.3,0.1,0.1,0.1,0.1,0.1
28394,-0.2,-0.7,-0.8,-0.7,-0.7,-0.1,-0.4,-0.8,-0.2,-0.5,-0.9,-0.9,-0.9,-0.9,-0.9
28402,3.6,1.9,1.5,0.1,0.7,1.2,0.8,0.0,0.4,-0.6,-0.7,0.0,-0.2,0.3,0.3
28533,-0.2,0.3,0.0,-0.6,-0.3,-0.2,-0.1,-0.3,-0.9,-0.6,-0.4,-0.5,-0.7,-0.3,-1.0
28555,0.0,-0.1,-1.0,-0.7,-0.5,-0.9,-0.8,-1.0,-0.6,-0.5,0.3,0.3,0.3,0.3,0.3
28644,0.0,1.2,0.4,-0.4,-0.5,0.1,1.5,1.2,0.3,-0.3,0.0,0.1,1.0,0.9,1.1
28649,0.5,0.2,0.3,0.5,-0.5,0.1,0.2,-0.3,-0.3,-0.1,0.4,-0.6,-0.5,-0.9,-0.8
28657,-0.7,-0.1,-0.2,-0.5,-0.5,-0.5,-0.8,-0.2,0.0,-0.5,-0.1,-0.1,-0.1,-0.1,-0.1
28664,0.8,1.4,1.3,0.5,0.8,0.4,0.2,-0.4,-0.4,-0.3,-0.2,-0.4,-0.5,-0.9,-0.9
28671,-0.7,-0.5,-0.4,-0.5,-1.0,-0.7,-1.0,-0.2,-0.8,-1.0,-0.9,-0.9,-0.9,-0.9,-0.9
28723,-0.4,-0.2,0.1,-0.1,0.2,-0.9,0.1,-0.2,-0.3,-0.2,-0.1,-0.1,-0.1,-0.1,-0.1
28730,2.1,0.3,1.5,3.1,1.7,-0.2,1.6,0.4,-0.8,0.2,-0.9,-0.1,0.4,-0.8,-0.7
28772,1.3,-0.1,-0.4,-0.5,-0.2,-0.4,-0.7,-0.6,-0.5,-0.7,-0.9,-0.5,-0.5,-0.3,-0.5
28785,-0.3,-0.1,0.2,-0.2,-0.1,-0.1,-0.1,-0.3,0.0,-0.2,0.2,0.2,0.2,0.2,0.2
28907,1.2,1.3,1.8,1.7,0.8,0.5,0.3,1.2,2.1,0.4,0.5,0.3,0.8,1.1,1.0
28920,-0.3,-0.2,-0.4,0.0,-0.4,0.2,-0.1,0.3,-0.2,-0.1,0.0,0.0,-0.6,0.6,0.2
28928,-0.5,-0.6,-0.6,-0.6,-1.0,-0.7,-0.5,-0.4,-0.7,0.1,-0.6,-0.6,-0.6,-0.6,-0.6
28951,-0.4,-0.1,-0.4,-0.8,-0.5,-0.3,-0.6,-0.3,-0.7,-0.3,-0.6,-0.6,-0.6,-0.6,-0.6
28952,1.7,-0.1,0.0,2.0,0.7,0.2,-0.7,-0.1,-0.3,0.0,0.0,-0.4,-0.7,-0.6,-0.5
28958,-0.4,-0.1,-0.5,-0.9,-0.4,-0.9,-0.4,-0.1,0.2,-0.7,-0.7,-0.7,-0.7,-0.7,-0.7
28959,-0.7,-0.7,-1.0,-0.1,-0.3,-0.5,-0.5,-0.4,0.0,-0.5,-0.3,-0.6,0.2,-0.7,-0.8
28973,-0.1,-0.5,0.0,-0.3,-0.8,-0.5,-1.0,-0.2,-0.5,-1.0,-1.0,-1.0,-1.0,-1.0,-1.0
28978,0.9,0.7,0.2,1.1,0.7,1.0,1.2,1.5,0.8,-0.4,-0.3,0.0,0.7,0.1,0.5
28979,-0.3,-0.3,-0.3,-0.9,0.0,-0.3,-0.2,0.3,0.1,0.0,0.1,-0.4,-0.3,0.1,0.6
28998,0.4,0.6,-0.2,-0.6,-0.2,0.3,0.9,1.7,1.1,0.5,-0.5,0.2,0.1,0.1,0.2
29024,-1.0,-1.0,-0.2,-0.8,-0.5,-0.5,-0.8,-0.8,-0.5,-0.7,-0.7,-0.7,-0.7,-0.7,-0.7
29025,-0.6,-0.3,0.2,-0.2,0.1,-0.3,0.0,-0.5,-0.2,-0.2,-0.5,-0.5,-0.5,-0.5,-0.5
29027,2.0,2.5,2.0,0.7,2.2,2.3,0.0,1.6,1.8,0.2,0.4,2.7,1.6,1.9,1.9
29050,0.4,1.6,-0.1,-0.3,0.9,-0.4,-0.2,1.1,-0.1,1.3,1.9,0.4,0.8,0.0,1.0
29052,0.9,-0.7,0.5,-0.2,-0.8,-1.0,0.0,-0.8,-0.1,-0.6,-0.6,-0.6,-0.6,-0.6,-0.6
29055,1.6,1.0,0.6,0.2,0.0,-0.2,-0.7,0.3,-0.2,0.2,-0.3,-0.4,-0.2,-0.6,-0.5
29101,0.2,-0.6,-0.1,-1.0,-0.4,-0.5,-0.4,-0.6,-0.5,-0.2,-0.2,-0.2,-0.2,-0.2,-0.2
29102,0.3,1.2,1.0,1.7,-0.1,-0.9,-0.8,0.2,0.4,0.7,0.3,-0.3,0.0,-0.5,0.0
29110,-0.2,-0.9,-0.4,-0.7,-0.3,-0.9,-0.2,-1.0,-0.5,-0.8,-0.7,-0.7,-0.7,-0.7,-0.7
29118,-0.6,1.7,1.5,0.7,-0.7,0.3,0.6,0.9,0.3,-0.4,-0.8,-0.6,-0.7,-0.7,-0.7
29122,0.7,1.0,0.2,0.7,0.4,1.0,1.4,1.0,0.4,0.3,0.1,0.4,0.4,0.3,0.0
29197,0.4,0.9,1.7,0.8,-0.5,-0.1,0.1,0.6,0.3,0.0,0.2,0.3,-0.5,-0.1,-0.3
29241,-0.5,-0.5,0.1,-0.2,-0.3,-0.6,-0.1,-0.1,0.1,0.0,0.0,0.0,0.0,0.0,0.0
29245,-0.4,-0.5,-0.3,-0.3,0.1,-0.7,-0.9,-0.3,-0.3,-0.3,-0.3,-0.3,-0.3,-0.3,-0.3
29248,-0.3,-0.2,0.0,-0.5,0.2,-0.4,-0.4,-0.4,-0.4,-0.4,-0.4,-0.4,-0.4,-0.4,-0.4
29254,1.3,0.5,1.2,1.1,0.3,-0.9,-1.0,-1.0,-0.4,-0.5,-0.2,-0.3,-0.8,-0.9,-0.2
29259,1.3,1.6,1.2,0.8,0.5,0.1,0.0,-0.4,-0.5,-0.1,-0.2,0.2,0.3,0.5,-0.4
29268,0.9,1.2,0.9,2.0,1.8,1.6,0.9,0.2,0.4,2.2,1.2,0.7,2.4,2.3,1.0
29290,0.8,0.5,1.7,0.1,1.6,1.4,1.6,1.3,0.2,0.8,-0.2,0.0,0.4,0.2,0.0
29314,0.5,3.0,0.4,0.9,0.2,1.2,1.6,2.7,1.2,0.8,0.0,0.2,-0.3,0.3,0.9
29316,0.4,1.1,1.5,0.7,-0.9,0.0,-0.6,-0.6,-0.3,0.0,-0.6,0.0,-0.6,-0.6,-0.6
29331,1.8,1.5,1.0,0.3,0.0,0.0,0.2,0.7,0.7,-0.3,-0.8,-2.1,-0.1,-0.7,-0.5
29350,-0.3,0.0,-0.3,-0.4,0.0,-0.1,0.2,-0.7,-0.6,0.1,0.1,0.1,0.1,0.1,0.1
29351,1.2,0.7,2.3,1.0,0.5,-0.6,0.0,-0.4,0.4,-0.5,-0.1,-0.3,-0.4,-0.6,-0.3
29369,2.8,0.0,2.3,1.3,3.0,2.4,1.2,3.0,2.2,0.4,1.5,1.3,0.5,0.7,2.4
29370,1.3,0.5,2.6,0.5,-0.6,-0.3,0.1,1.6,0.8,0.3,0.0,0.1,2.3,1.4,0.5
29372,1.6,0.5,-0.6,-0.7,-0.5,-0.2,-0.2,-0.2,-0.2,-0.2,-0.2,-0.2,-0.2,-0.2,-0.2
29443,-0.5,-0.4,-0.2,-0.9,-0.2,-0.8,-0.3,-0.4,-0.3,-0.6,-0.6,-0.6,-0.6,-0.6,-0.6
29450,0.8,-0.1,-0.8,-0.2,-0.5,-0.2,-0.4,-0.4,-0.3,-0.3,-0.3,-0.3,-0.3,-0.3,-0.3
29471,0.0,2.8,1.4,1.3,0.5,1.2,1.3,1.9,0.0,-0.7,-0.4,-0.2,0.3,1.1,1.2
29493,0.3,1.0,0.0,0.4,0.0,-0.3,-0.4,0.2,-0.2,0.0,-0.7,-0.7,-0.7,-0.7,-0.7
29551,0.7,-0.4,-0.2,-0.4,0.5,-0.4,-0.1,-0.8,0.2,-0.3,0.2,0.2,0.2,0.2,0.2
29559,-0.2,0.7,0.0,-0.1,-0.2,-0.7,0.2,1.6,0.9,0.5,-0.3,-1.0,-0.3,-0.5,-0.8
29565,-0.4,-0.7,-0.7,-0.1,-0.8,-0.7,-0.7,-0.5,-0.5,-0.7,0.2,0.2,0.2,0.2,0.2
29572,0.4,0.1,0.5,0.3,-0.8,-0.5,-0.3,-0.5,-0.4,0.1,-0.3,-0.3,-0.3,-0.3,-0.3
29612,-0.7,-0.2,0.0,-0.2,0.0,-1.0,0.0,-0.3,-0.1,-0.3,-0.6,-0.6,-0.6,-0.6,-0.6
29614,1.5,0.6,2.2,1.9,1.3,2.2,1.7,2.2,0.6,-1.0,-0.1,1.1,2.0,1.2,0.0
29640,0.8,1.7,1.2,-0.1,-0.5,-0.5,0.3,0.6,0.6,0.4,-0.4,0.1,-0.2,-0.5,0.0
29669,1.5,-0.6,-0.9,1.4,1.2,1.0,1.3,0.4,0.6,0.5,0.6,0.8,0.8,0.6,1.1
29774,-0.7,-0.8,-0.2,-0.4,-0.3,-0.9,-0.3,-0.8,-1.0,-0.4,-0.3,-0.3,-0.3,-0.3,-0.3
29778,0.1,0.0,0.2,-0.7,-0.1,-0.3,-0.3,-0.3,-0.3,-0.3,-0.3,-0.3,-0.3,-0.3,-0.3
29782,-0.5,-0.3,0.3,-0.2,-0.3,-0.2,-0.4,-0.6,-0.3,-0.3,-0.2,-0.2,-0.2,-0.2,-0.2
29873,0.0,-0.4,-0.7,-0.3,-0.5,-0.2,0.2,-0.3,0.2,-0.4,-0.7,0.1,-0.4,-0.2,0.3
29896,0.7,0.3,-0.1,-0.5,-0.1,-0.2,-0.2,-0.2,-0.2,-0.2,-0.2,-0.2,-0.2,-0.2,-0.2
29914,0.6,-0.2,-0.6,-0.5,0.0,-0.4,-0.3,-0.7,-0.1,-0.6,-0.6,-0.6,-0.6,-0.6,-0.6
29962,0.4,-0.5,0.4,0.2,0.0,-0.1,-0.4,0.0,-0.6,-0.6,-0.6,-0.6,-0.6,-0.6,-0.6
30008,1.6,1.2,0.2,0.3,0.1,0.6,0.7,1.7,1.1,0.1,0.0,0.3,-0.7,0.7,0.9
30213,-0.3,-0.7,0.0,-0.1,-0.1,-0.1,-0.1,-0.1,-0.1,-0.1,-0.1,-0.1,-0.1,-0.1,-0.1
