1127,1.000,0.000,0.000,0.000,0.000,0.333,0.000,0.000,0.000,0.000
1364,0.400,0.120,0.480,0.600,0.360,0.000,0.640,0.480,0.000,0.520
1367,0.167,0.778,0.889,0.667,1.000,0.611,0.000,0.000,0.778,0.944
1456,0.818,1.000,0.727,0.364,0.636,0.000,0.000,0.000,0.000,0.091
1556,0.522,0.739,0.261,0.000,0.870,0.957,0.609,0.435,0.174,0.652
1705,0.000,0.000,0.692,0.115,0.115,0.038,0.654,0.808,0.385,1.000
1756,1.000,0.250,0.875,0.000,0.000,0.000,0.000,0.000,0.000,0.000
1780,1.000,0.200,0.067,0.933,0.000,0.000,0.267,0.533,0.000,0.000
1783,0.840,0.440,0.120,0.120,0.480,0.760,0.440,0.440,0.520,0.760
1996,0.000,1.000,0.000,0.000,0.000,0.000,0.000,0.000,0.000,0.364
2046,0.565,0.478,0.435,0.348,1.000,0.870,0.609,0.696,0.739,0.522
2062,0.000,0.000,0.000,0.000,0.000,0.500,0.000,0.500,0.000,0.833
2063,0.880,0.400,0.160,0.200,0.200,0.960,0.720,1.000,0.800,1.000
2124,0.143,0.000,0.071,0.714,0.643,0.857,0.500,0.000,0.000,0.429
2156,0.000,0.591,0.136,0.000,1.000,0.364,0.045,0.000,0.000,0.000
2218,0.393,0.464,0.214,0.000,0.000,0.000,0.429,0.607,0.429,0.179
2219,0.414,1.000,0.517,0.345,0.069,0.862,0.586,0.000,0.000,0.000
2399,0.815,0.296,0.037,0.000,1.000,0.741,0.000,0.000,0.407,0.000
2400,0.000,0.474,0.000,1.000,0.579,0.000,0.000,0.000,0.789,0.474
2420,0.348,0.000,0.739,0.000,0.391,0.652,0.435,0.304,0.565,0.783
2551,0.323,1.000,0.613,0.161,0.323,0.581,0.290,0.000,0.484,0.000
2587,0.000,1.000,0.417,0.167,0.167,0.250,0.000,0.000,0.000,0.000
2666,1.000,0.538,0.154,0.000,0.000,0.385,0.269,0.000,0.000,0.000
2739,0.000,0.000,1.000,0.467,0.467,0.467,1.000,0.333,0.067,0.667
2924,0.000,1.000,0.947,0.579,0.000,0.000,0.000,0.789,0.000,0.000
2968,1.000,0.625,0.875,0.187,0.000,0.875,0.375,0.000,0.938,0.000
3018,0.394,0.485,0.364,0.121,0.061,0.394,0.364,0.121,1.000,0.485
302,0.000,1.000,0.187,0.000,0.313,0.813,0.000,0.000,0.875,0.000
3114,0.000,0.571,0.429,0.143,0.964,0.321,0.107,0.000,0.714,0.000
3216,1.000,0.357,0.000,0.000,0.000,0.000,0.000,0.000,0.000,0.000
3221,0.318,0.818,0.909,0.545,0.409,0.182,0.682,0.273,0.000,0.136
3382,0.379,0.621,0.103,1.000,0.586,0.241,0.000,0.310,0.345,0.345
3706,0.571,0.000,0.000,0.929,0.357,0.000,0.000,0.000,0.571,0.857
3768,0.304,0.130,0.739,0.174,0.000,0.522,0.913,0.478,0.522,0.000
3853,1.000,0.000,0.800,0.000,0.400,0.000,0.000,0.000,0.000,0.000
3864,0.100,0.000,0.000,0.000,0.000,0.000,0.200,0.650,1.000,0.600
3976,0.000,0.000,0.667,0.667,1.000,0.000,0.000,0.000,0.000,0.000
4289,0.357,0.571,0.679,0.000,1.000,0.929,0.286,0.143,0.321,0.357
4315,0.613,0.258,0.065,0.419,0.419,0.935,0.613,0.258,0.000,0.774
436,0.071,0.929,0.429,0.000,0.071,1.000,0.000,0.000,0.000,0.000
4602,0.000,0.684,0.421,0.000,0.526,0.632,0.000,0.000,1.000,0.632
4706,0.000,1.000,0.133,0.000,0.000,0.067,0.000,0.000,0.000,0.000
472,-0.034,-0.078,-0.071,-0.047,-0.025,-0.062,-0.040,0.000,0.000,-0.059
473,0.333,1.000,0.000,0.000,0.000,0.000,0.000,0.000,0.000,0.000
4781,0.636,0.318,1.000,0.773,0.545,0.545,0.773,0.136,0.000,0.000
483,0.148,0.148,0.407,0.296,0.148,0.000,0.000,1.000,0.000,0.000
4831,0.313,0.219,0.000,0.719,0.469,0.219,0.000,0.000,0.000,0.812
4913,0.000,1.000,0.333,0.000,0.000,0.000,0.000,0.000,0.000,0
4914,0.611,0.389,0.778,0.722,0.667,0.000,0.722,0.611,0.556,0.889
4916,0.750,0.250,1.000,0.187,0.500,0.375,0.625,0.000,0.500,0.437
5040,0.441,0.882,0.588,0.324,0.029,0.000,0.000,0.059,0.324,0.353
5126,1.000,0.000,0.000,0.714,0.000,0.000,0.000,0.000,0.000,0.000
5157,0.000,0.000,0.533,1.000,0.000,0.000,0.000,0.000,0.200,0.133
5201,1.000,0.250,0.000,0.000,0.000,0.000,0.000,0.000,0.000,0.000
5238,0.500,0.786,0.786,1.000,0.214,0.000,0.000,0.000,0.000,0.071
5261,0.000,1.000,0.000,0.000,0.000,0.000,0.000,0.000,0.000,0.000
5342,1.000,0.381,0.000,0.429,0.095,0.000,0.000,0.000,0.095,0.000
5371,0.625,0.542,0.333,0.250,0.000,0.583,0.417,0.042,0.333,0.250
5372,0.944,0.556,0.222,1.000,0.111,0.000,0.000,0.000,0.833,0.611
548,0.621,0.448,0.000,0.000,1.000,0.655,0.414,0.241,0.586,0.759
5564,0.000,0.687,0.625,1.000,0.813,0.000,1.000,0.375,0.000,1.000
5569,0.556,0.000,0.556,1.000,0.667,0.444,0.222,0.222,0.000,0.111
5578,0.421,0.105,1.000,0.263,0.000,0.000,0.684,0.579,0.368,0.526
562,0.000,1.000,0.174,0.000,0.087,0.826,0.652,0.000,0.000,0.000
569,0.000,0.750,0.000,1.000,0.000,0.000,0.000,0.000,0.000,0.750
5786,0.125,0.792,0.333,0.000,0.000,0.000,0.625,0.000,0.000,0.000
5954,1.000,0.429,0.321,0.071,1.000,0.357,0.000,0.000,0.464,0.429
6084,1.000,0.000,0.000,0.000,0.000,0.000,0.500,0.000,0.000,0.000
609,1.000,0.769,0.000,0.000,0.769,0.500,0.000,0.000,0.000,0.115
614,0.000,1.000,0.133,0.000,0.000,0.000,0.533,0.400,0.067,0.000
617,0.583,1.000,0.417,0.583,1.000,0.833,0.500,0.167,0.000,0.708
6214,0.364,0.000,0.091,0.000,1.000,0.545,0.000,0.091,0.000,0.000
6218,0.469,0.375,0.625,0.438,0.000,0.000,0.094,0.469,0.531,0.000
624,0.185,0.630,0.333,0.000,0.481,0.000,0.037,0.593,0.630,0.333
6287,0.355,0.419,0.548,0.290,0.000,0.065,0.871,0.419,0.000,0.839
6628,0.480,0.840,0.680,0.760,0.680,0.440,0.480,0.600,0.760,0.560
665,0.158,0.474,0.263,0.000,0.316,0.842,0.211,0.421,0.474,0.684
723,0.263,1.000,0.684,0.000,0.000,0.053,0.737,0.211,0.000,0.000
773,0.200,0.400,0.667,0.533,0.867,0.200,0.000,0.133,0.733,0.667
787,0.074,0.000,1.000,0.630,0.407,0.556,0.519,0.333,0.259,0.593
10567,0.056,0.722,0.667,1.000,0.389,0.000,0.889,0.500,0.278,0.722
10681,0.538,1.000,0.231,0.077,0.154,0.000,0.000,0.000,0.000,0.000
10804,0.000,0.000,0.000,0.455,1.000,0.636,0.545,0.000,0.000,0.000
10820,0.250,0.750,1.000,0.000,0.000,0.000,0.000,0.000,0.000,0.000
11001,0.000,0.000,0.000,0.000,0.000,0.000,0.000,0.000,0.000,0.000
11099,0.000,0.000,0.000,1.000,0.500,0.000,0.000,0.000,0.000,0.192
11105,0.381,1.000,0.619,0.429,0.667,0.524,0.286,0.952,0.524,0.190
11162,0.000,0.000,0.000,0.333,0.833,1.000,0.083,0.000,0.000,1.000
11189,0.000,0.000,1.000,0.000,0.333,0.000,0.000,0.000,0.000,0.000
11248,0.269,0.308,0.423,0.731,1.000,0.423,0.385,0.538,0.269,0.115
5653,0.000,0.462,1.000,0.846,0.000,0.000,0.615,1.000,1.000,0.077
6186,0.000,1.000,0.158,0.632,0.789,0.000,0.158,0.895,0.684,0.000
6305,0.826,0.565,0.652,0.000,0.826,0.348,0.043,0.000,0.609,0.870
6618,0.394,0.303,0.545,0.303,0.000,0.515,0.667,0.152,0.848,0.606
6707,1.000,0.692,0.269,0.615,0.615,0.423,0.308,0.077,0.000,0.500
6743,0.625,1.000,0.000,0.750,0.000,0.375,0.000,0.000,0.000,0.000
6975,0.000,0.455,1.000,0.909,0.364,0.182,0.182,0.091,0.000,0.000
7076,0.417,1.000,0.583,0.750,0.083,0.000,0.000,0.000,0.000,0.000
7134,0.682,0.318,0.000,0.636,0.273,0.000,0.273,0.364,0.000,0.318
7169,0.000,0.000,0.000,0.000,0.000,0.000,0.000,0.000,1.000,0.500
7176,0.579,0.632,0.526,1.000,0.421,0.000,0.000,0.000,0.000,0.105
7180,0.629,0.543,0.514,0.286,0.200,0.571,0.657,0.371,0.314,0.429
7272,1.000,0.462,0.000,0.000,0.000,0.000,0.000,0.000,0.000,0.000
7285,0.900,0.900,0.500,0.500,1.000,0.400,0.000,0.000,0.000,0.000
7306,0.529,0.882,1.000,0.471,0.235,0.000,0.059,0.235,0.000,0.000
7307,0.050,0.650,0.200,0.250,0.500,0.150,0.550,0.300,0.800,0.600
7367,0.000,0.000,1.000,0.000,0.250,0.000,0.000,0.000,0.000,0.000
7378,0.389,1.000,0.500,0.167,0.333,0.667,0.556,0.444,0.000,0.000
7463,0.000,1.000,0.588,0.000,0.000,0.000,0.647,0.471,0.118,0.000
7481,0.000,0.000,0.000,0.000,0.000,1.000,1.000,0.000,0.000,0.000
7746,0.448,0.621,0.517,0.828,1.000,0.793,0.552,0.414,0.379,0.586
7815,0.000,0.000,0.591,0.318,0.864,0.864,0.818,1.000,0.682,0.500
7965,1.000,0.654,0.577,0.077,0.000,0.192,0.654,0.962,0.615,0.346
7981,0.125,0.812,1.000,0.594,0.281,0.187,0.875,0.719,0.375,0.750
8059,0.000,0.000,1.000,0.143,0.000,0.000,0.190,0.048,0.000,0.000
8179,0.222,1.000,0.056,0.111,0.111,0.000,0.000,0.000,0.000,0.000
8332,0.765,1.000,0.706,0.294,0.000,0.235,0.000,0.000,0.000,0.000
8356,0.000,0.500,0.000,0.000,0.000,0.000,0.000,1.000,0.000,0.000
8377,1.000,0.000,0.000,0.000,0.667,0.000,1.000,0.000,0.167,0.000
8463,0.227,0.545,1.000,1.000,0.591,0.545,0.182,0.000,0.000,0.000
8588,1.000,0.364,0.000,0.000,0.000,0.000,0.000,0.000,0.364,0.000
8598,0.000,0.000,0.000,0.000,0.000,0.000,0.000,0.000,0.400,0.000
8816,0.000,1.000,1.000,0.000,0.000,0.000,0.000,0.000,0.000,0.000
8837,0.706,0.765,1.000,0.588,0.176,0.176,0.941,0.176,0.000,0.000
8981,0.000,0.000,0.000,0.000,0.455,0.227,0.318,0.409,0.000,0.364
8989,0.150,1.000,0.700,0.150,0.000,0.000,0.000,0.000,0.000,0.000
9031,0.720,0.280,0.000,0.000,0.000,0.000,0.640,0.360,0.120,0.040
9093,0.077,0.000,0.000,0.000,0.000,1.000,0.000,0.000,0.385,0.000
9247,0.722,0.000,0.389,0.778,0.333,0.000,1.000,0.278,0.222,0.722
9252,1.000,1.000,0.500,0.333,0.333,0.000,0.000,0.000,0.000,0.000
9273,0.250,1.000,0.437,0.000,0.625,0.813,0.187,0.062,0.000,0.000
9275,0.000,1.000,0.692,0.192,0.000,0.000,0.654,0.077,0.000,0.192
9285,0.579,0.421,0.947,0.316,0.000,0.211,0.789,0.316,0.105,0.000
9286,0.440,1.000,0.640,0.320,0.760,0.560,0.120,0.960,0.040,0.000
9295,0.652,0.652,0.783,0.391,0.652,1.000,0.304,0.000,0.130,0.000
9307,0.000,0.000,1.000,0.267,0.000,0.200,0.400,0.400,0.333,0.000
9349,0.000,0.875,1.000,0.313,0.000,0.875,0.750,0.125,0.000,0.000
9350,0.462,0.000,0.000,0.000,0.231,0.385,1.000,0.923,0.231,0.077
9390,0.281,0.500,0.344,0.125,0.000,0.656,0.500,0.250,0.000,0.656
9397,1.000,0.000,0.667,0.000,0.000,0.000,0.000,0.000,0.000,0.000
9422,1.000,0.450,0.200,0.000,0.000,0.250,0.700,0.600,0.450,0.300
9474,0.476,0.905,0.524,0.476,0.571,0.381,0.333,0.524,0.762,0.667
9478,0.941,0.529,0.294,0.412,1.000,0.412,0.412,0.588,0.235,0.000
9492,0.000,1.000,0.174,0.000,0.304,0.696,0.174,0.000,0.000,0.870
9558,0.129,1.000,0.516,0.097,0.000,0.065,0.548,0.355,0.000,0.000
9583,0.182,1.000,0.545,0.136,0.000,0.000,0.091,0.273,0.000,0.000
9649,0.667,0.000,0.200,1.000,0.000,0.400,0.200,0.133,0.000,0.000
9675,1.000,0.692,0.000,0.000,0.000,0.000,0.000,0.000,0.000,0
9681,0.600,0.840,1.000,0.440,0.000,0.000,0.080,0.360,0.520,0.160
9721,0.467,0.000,0.033,1.000,0.800,0.433,0.300,0.133,0.567,0.700
9734,1.000,0.571,0.000,0.000,0.905,0.190,0.000,0.667,0.143,0.000
9735,0.185,1.000,0.741,0.148,0.000,0.037,0.000,0.593,0.333,0.148
9741,0.286,0.000,0.000,1.000,0.429,0.000,0.571,0.000,0.000,0.000
9748,0.913,0.348,0.565,0.174,0.130,0.913,0.652,0.435,0.522,0.478
9758,0.500,1.000,0.000,0.000,0.000,0.167,0.000,0.000,0.000,0.000
9763,0.000,0.435,0.565,0.087,0.000,0.565,0.696,0.435,0.522,0.000
9798,0.000,0.733,0.333,1.000,0.267,0.267,0.333,0.000,0.000,0.000
9821,0.529,0.647,0.118,0.882,0.294,0.000,0.000,0.000,1.000,0.000
9827,0.563,0.813,1.000,0.687,0.125,0.000,0.563,0.250,0.687,0.437
9981,0.000,0.920,0.520,0.000,0.640,0.520,0.400,0.560,0.560,0.760
9996,0.857,1.000,0.714,0.000,0.214,0.071,0.000,0.000,0.000,0.000
10444,0.387,0.516,0.871,0.806,0.452,0.613,0.677,0.387,0.387,0.484
10520,0.810,0.476,0.286,0.333,1.000,0.333,0.000,0.905,0.143,0.000
10870,0.000,1.000,0.962,0.538,0.038,0.000,0.038,0.615,0.385,0.154
10999,0.500,0.611,1.000,0.000,0.000,0.000,0.000,0.000,0.000,0.000
11049,0.517,0.966,0.069,0.138,0.517,0.517,0.690,0.207,0.655,0.517
11142,0.138,0.655,0.000,0.103,0.586,0.103,0.000,0.000,0.517,0.276
11181,0.000,0.000,1.000,0.437,0.062,0.187,0.000,0.000,0.000,0.000
11186,0.000,0.833,0.500,0.333,0.167,0.000,0.000,0.000,0.000,0.000
11250,0.577,0.308,0.654,1.000,0.692,0.846,0.731,0.231,0.462,0.577
11336,0.250,0.000,0.000,0.000,0.000,0.000,0.000,1.000,0.250,0.000
11346,0.632,0.632,1.000,0.632,0.316,0.158,0.000,0.000,0.000,0.158
11366,0.000,0.900,0.600,0.250,0.200,0.650,0.650,0.750,1.000,0.750
11371,0.000,0.950,0.000,0.550,1.000,0.500,0.300,0.150,0.150,0.700
11449,0.000,0.000,0.125,0.333,0.833,0.000,1.000,0.083,0.083,0.542
11503,0.429,1.000,0.857,0.500,0.000,0.000,0.143,0.143,0.000,0.000
11528,0.000,0.000,0.500,0.500,0.500,1.000,0.500,1.000,0.000,0.000
11578,0.472,0.000,0.417,0.972,0.750,0.861,0.694,0.889,0.778,1.000
11653,1.000,0.000,0.333,0.000,0.000,0.000,0.000,0.667,0.000,0.000
11654,0.833,0.556,0.222,1.000,0.944,0.278,0.000,0.667,0.667,0.333
11658,0.000,0.421,0.316,0.789,0.000,0.211,0.000,0.000,0.000,0.000
11668,1.000,0.429,0.000,0.000,0.000,0.000,0.000,0.000,0.000,0.000
11698,0.179,1.000,0.464,0.000,0.000,0.000,0.000,0.000,0.000,0.000
11767,0.200,1.000,0.350,0.050,0.250,0.450,1.000,0.500,0.150,0.000
11768,0.433,0.933,0.167,0.267,0.467,0.367,0.767,0.567,0.833,0.533
11798,0.769,0.692,0.923,1.000,0.462,0.000,0.000,0.000,0.000,0.000
11805,0.923,0.692,0.692,0.385,1.000,0.000,0.000,0.000,0.000,0.000
11847,1.000,0.000,0.000,0.000,0.000,0.000,0.429,0.000,0.000,0.000
11890,0.000,0.000,0.000,0.000,0.000,0.000,0.000,0.000,1.000,0.647
11891,0.667,0.667,0.810,0.381,0.905,0.762,0.286,0.667,0.667,0.571
11895,0.556,0.556,0.222,0.000,0.278,0.444,1.000,0.833,0.667,0.722
11900,0.714,0.286,0.000,0.000,0.786,0.571,0.571,0.857,1.000,0.214
11909,1.000,0.235,0.059,0.000,0.059,0.235,0.412,0.235,0.000,0.000
11957,0.000,0.600,0.600,1.000,0.000,0.000,0.000,0.000,0.000,0.000
11983,1.000,0.400,0.200,0.250,0.650,0.300,0.000,0.000,0.700,0.650
12000,0.524,1.000,0.952,0.286,0.000,0.000,0.000,0.000,0.381,0.381
12015,0.414,0.724,0.655,0.655,0.517,0.379,0.655,0.621,0.621,0.724
12030,0.471,1.000,0.647,0.176,0.235,0.000,0.412,0.176,0.353,0.000
12072,1.000,0.750,0.000,0.000,0.000,0.000,0.000,0.000,0.000,0.000
12084,0.500,0.611,0.944,0.278,0.278,0.278,0.389,0.500,0.556,0.611
12178,0.000,0.250,0.000,0.500,0.000,0.500,0.750,0.000,0.000,0.000
12180,0.059,0.588,0.412,0.941,0.529,0.765,0.471,0.412,0.824,0.529
12185,1.000,0.000,0.000,0.000,0.235,0.059,0.176,0.000,0.000,0.000
12195,1.000,0.813,0.563,0.625,0.437,0.813,0.187,0.000,0.313,0.625
12265,0.000,0.917,0.500,0.250,0.583,0.667,1.000,0.500,0.750,0.667
12339,0.000,1.000,0.500,0.000,0.000,0.000,0.000,0.000,0.000,0.000
12386,0.000,0.000,0.000,1.000,0.000,0.667,0.000,0.000,0.000,0.000
12471,0.000,0.367,0.233,0.767,0.600,0.233,0.000,0.367,0.000,0.000
12550,0.407,0.333,1.000,0.667,0.259,0.000,0.000,0.000,0.000,0.000
12671,0.545,1.000,0.545,0.000,0.000,0.000,0.000,0.045,0.000,0.045
12694,1.000,0.500,0.000,0.000,0.000,0.000,0.000,0.000,1.000,0.000
12794,0.100,0.600,0.800,0.550,0.200,0.000,0.000,0.000,0.800,0.300
12866,0.200,1.000,0.000,0.000,0.000,0.200,1.000,0.000,0.000,0.000
12889,1.000,0.167,0.042,0.583,0.292,0.083,0.000,0.708,0.542,0.167
12910,0.313,0.437,1.000,0.375,0.875,0.000,0.000,0.000,0.000,0.000
12922,0.000,0.000,0.500,0.000,1.000,0.700,0.300,0.500,0.000,0.000
12944,0.000,0.367,0.467,0.000,0.000,0.000,0.567,0.200,1.000,0.800
12996,0.143,0.333,0.857,0.571,0.571,0.238,0.000,0.000,0.857,0.333
12997,0.000,0.667,0.000,0.000,1.000,0.000,0.000,0.667,0.000,0.000
13013,0.000,0.000,0.167,0.000,0.444,0.000,0.167,0.500,0.667,0.889
13066,0.882,1.000,0.000,0.529,0.471,0.706,0.647,0.824,0.235,0.000
13080,1.000,0.615,0.000,0.000,0.769,1.000,0.846,0.462,0.231,0.231
13084,1.000,0.943,0.286,0.543,0.029,0.714,0.029,0.114,0.029,0.114
13172,0.077,0.000,0.000,0.000,0.000,0.000,0.000,0.000,0.000,0.000
13176,0.000,0.000,0.000,0.000,0.600,0.000,0.000,0.000,0.000,0.000
13188,0.000,0.000,0.000,1.000,0.000,0.000,0.000,1.000,0.000,0.000
13238,0.000,0.000,1.000,0.000,0.000,0.000,0.000,1.000,0.000,0.000
13299,0.350,0.000,0.350,0.800,0.100,1.000,0.950,0.000,0.650,0.250
13311,1.000,0.231,0.538,0.231,0.538,0.000,0.000,0.000,0.000,0.000
13384,0.400,0.933,0.667,0.400,0.000,0.000,0.000,0.133,0.467,0.200
13405,0.107,0.500,0.107,0.036,0.000,0.286,0.357,0.357,0.286,0.357
13414,1.000,1.000,1.000,0.889,0.444,0.333,0.222,0.222,0.000,0.000
13415,0.733,0.500,0.133,0.400,0.700,1.000,0.633,0.500,0.000,0.900
13458,1.000,0.833,0.000,0.000,0.167,0.000,0.000,0.000,0.000,0
13496,0.000,0.250,0.000,1.000,0.250,0.000,0.250,0.000,0.000,0.000
13504,0.647,1.000,1.000,0.588,0.235,0.118,0.000,0.412,0.529,0.706
13554,0.300,0.900,0.300,1.000,0.800,0.300,0.100,0.000,0.400,0.500
13568,1.000,0.316,0.000,0.368,0.158,0.000,0.000,0.000,0.053,0.000
13625,0.000,1.000,0.357,0.000,0.000,0.000,0.000,0.000,0.000,0.000
13798,0.194,0.935,0.710,0.355,1.000,0.581,0.065,0.000,0.000,0.419
13801,1.000,0.611,0.056,0.222,0.444,0.722,0.556,0.222,0.333,0.389
12682,0.286,0.571,0.929,0.964,0.786,0.607,0.821,0.964,0.429,0.071
13472,0.391,0.565,0.304,0.087,0.913,0.000,0.522,0.478,0.652,0.261
13550,0.625,0.344,0.625,0.500,0.281,1.000,0.562,0.344,0.125,0.375
13639,0.667,1.000,0.000,0.000,0.000,0.000,0.000,0.000,0.000,0.000
13641,0.000,0.591,0.409,0.364,1.000,0.591,0.000,0.000,0.682,0.182
13642,0.033,1.000,0.900,0.367,0.300,0.467,0.667,0.600,0.333,0.067
13770,0.045,0.273,0.955,0.591,0.227,0.227,0.773,0.273,0.045,0.227
13806,0.000,0.000,0.000,0.000,0.667,0.000,0.000,1.000,0.000,0.000
13818,0.000,0.000,0.687,0.313,1.000,0.062,0.187,0.250,0.187,0.000
13904,0.526,0.316,0.684,0.526,0.105,0.000,0.737,0.421,0.000,0.000
13923,1.000,0.000,0.000,0.167,0.000,0.000,0.000,0.000,0.000,0.000
14029,0.000,1.000,0.000,0.000,0.000,0.333,0.000,0.000,0.000,0.000
14037,0.409,0.864,0.727,0.000,0.364,0.409,0.818,0.909,0.227,0.409
14122,0.190,1.000,0.524,0.619,0.000,0.000,0.000,0.000,0.000,0.000
14184,0.762,1.000,0.524,0.667,0.905,0.619,0.000,0.190,0.905,0.333
14211,0.000,1.000,0.000,0.520,0.000,0.680,0.000,0.000,0.000,0.000
14340,1.000,0.000,0.000,0.000,0.000,0.000,0.200,0.000,0.000,0.000
14410,0.000,0.423,0.192,1.000,0.846,0.654,0.000,0.000,0.000,0.077
14429,0.000,0.000,0.000,0.000,0.000,0.000,1.000,0.000,0.000,0.250
14448,0.077,0.923,1.000,0.769,0.000,0.000,0.154,0.538,0.231,0.385
14493,0.407,0.741,0.704,0.000,0.037,0.407,0.259,0.333,0.778,0.296
14529,0.640,0.640,0.160,0.240,0.120,0.720,0.000,0.560,0.320,0.760
14605,0.818,0.727,1.000,0.636,0.636,0.182,0.000,0.000,0.000,0.000
14611,0.333,0.542,0.417,0.250,1.000,0.750,0.458,0.250,0.958,0.000
14646,0.000,0.000,1.000,0.000,0.000,0.000,1.000,0.000,0.000,0.000
14682,0.000,0.065,1.000,0.613,0.194,0.032,0.290,0.000,0.097,0.548
14787,0.000,1.000,0.733,0.000,0.000,0.000,0.000,0.000,0.000,0.000
14836,0.000,0.000,0.667,0.000,1.000,0.000,0.000,0.000,0.000,0.000
14841,0.429,0.000,0.000,0.000,0.000,0.429,0.000,0.000,0.000,0.000
14918,0.333,0.000,0.333,0.111,0.556,0.667,0.444,0.222,0.000,0.222
14977,0.640,0.440,0.640,1.000,0.840,0.440,0.520,0.280,0.600,0.880
15029,0.600,0.000,0.000,1.000,0.000,0.000,0.000,0.000,0,0
15042,1.000,0.333,0.722,0.444,0.222,0.056,0.000,0.000,0.000,0.000
15150,0.161,0.871,0.452,1.000,0.710,0.903,0.548,0.161,0.806,0.581
15154,1.000,0.333,0.267,0.733,0.733,0.733,0.933,0.000,0.000,0.000
15156,0.059,1.000,0.000,0.000,0.000,0.000,0.000,0.000,0.000,0.000
15158,0.333,0.000,0.000,0.000,0.000,1.000,0.000,0.000,0.000,0.000
15164,0.000,0.600,0.000,0.000,0.133,0.000,0.000,1.000,0.133,0.000
15175,1.000,0.833,0.389,0.000,0.000,0.000,0.000,0.000,0.000,0.000
15180,0.000,0.000,0.000,0.000,0.000,0.250,0.000,0.000,1.000,0.000
15247,0.950,0.050,0.750,0.700,1.000,0.350,0.000,0.000,0.000,0.000
15248,0.000,0.000,0.000,0.000,0.000,0.000,0.000,1.000,0.462,0.846
15256,0.000,0.708,0.333,0.042,0.542,1.000,0.125,0.417,0.000,0.792
15277,1.000,0.333,0.500,0.167,0.444,0.000,0.333,0.556,0.222,0.000
15333,0.500,0.231,0.462,0.808,0.577,0.115,0.962,0.731,0.423,0.731
15352,0.500,1.000,0.750,0.750,0.125,0.000,0.000,0.000,0.000,0.000
15357,1.000,0.148,0.259,0.778,0.556,0.333,0.000,0.148,0.000,0.481
15424,0.000,1.000,0.750,0.000,0.250,0.000,0.000,0.000,0.000,0.000
15442,0.550,0.500,0.550,0.100,1.000,0.750,0.300,0.000,0.000,0.050
15471,0.240,0.880,0.480,0.400,0.680,0.600,0.320,0.240,0.680,0.840
15500,0.864,0.136,1.000,0.273,0.000,0.000,0.591,0.136,0.182,0.273
15506,0.000,1.000,0.486,0.081,0.000,0.108,0.703,0.838,0.324,0.162
15513,0.346,0.231,1.000,0.269,0.154,0.000,0.000,0.000,0.000,0.115
15517,0.148,0.704,0.296,0.222,1.000,0.593,0.667,0.519,0.333,0.259
15551,0.300,0.000,0.000,0.000,0.000,0.000,0.000,0.000,0.000,0.800
15560,1.000,0.500,0.167,0.667,0.722,0.278,0.000,0.000,0.000,0.000
15570,0.250,1.000,0.667,0.375,0.458,0.708,0.667,0.125,0.708,0.333
15585,0.406,0.062,0.125,0.094,0.406,0.344,0.219,0.313,0.250,0.250
15645,0.000,0.160,1.000,0.840,0.560,0.680,0.400,0.400,0.920,0.000
15678,1.000,0.385,0.000,0.000,0.000,0.077,0.231,0.192,0.000,0.077
15722,0.000,0.000,0.000,0.000,0.000,0.211,0.000,0.632,0.789,0.684
15846,0.120,0.880,0.360,0.000,0.600,0.600,0.520,0.760,1.000,0.720
15867,1.000,0.857,0.381,0.143,0.667,0.381,0.429,0.190,0.143,0.381
15951,0.286,0.000,0.000,0.000,0.381,0.333,0.000,0.429,1.000,0.286
15966,0.000,1.000,0.200,0.000,0.000,0.000,0.000,0.000,0.000,0.000
16014,0.000,0.000,0.000,0.000,0.000,0.000,1.000,0.000,0.000,0.250
16035,1.000,0.000,0.000,0.000,0.000,0.000,0.000,0.000,0.000,0.200
16206,0.000,0.000,0.053,1.000,0.789,0.000,0.000,0.000,0.000,0.000
16292,0.000,0.000,0.500,0.167,0.667,0.333,0.000,0.000,0.000,0.167
16470,0.267,0.533,0.400,0.533,0.800,1.000,0.367,0.000,0.133,0.833
16608,0.000,0.000,0.600,0.167,1.000,0.867,0.000,0.000,0.167,0.167
15660,0.000,0.000,0.000,0.462,0.692,0.538,0.000,0.000,0.308,0.462
15797,0.405,0.270,0.000,0.784,0.270,0.000,0.676,0.351,0.649,0.676
16099,0.385,0.846,0.308,0.000,0.538,0.731,0.385,0.000,0.615,0.038
16210,0.000,0.000,1.000,0.643,0.000,0.000,0.071,0.000,0.786,0.500
16355,0.158,0.579,0.842,1.000,0.789,0.947,0.842,0.684,0.263,0.789
16571,0.000,0.889,1.000,0.778,0.667,0.000,0.000,0.000,0.000,0.000
16574,0.136,0.955,0.591,0.773,0.545,1.000,0.136,0.000,0.000,0.136
16704,0.826,0.696,1.000,0.565,0.435,0.000,0.000,0.000,0.000,0.000
16755,0.000,0.000,0.000,0.000,0.000,0.000,1.000,0.250,0.000,0
16766,0.615,0.077,0.462,0.692,0.615,0.692,0.692,1.000,0.077,0.000
16772,1.000,0.000,1.000,0.000,0.000,0.000,0.000,0.000,0.000,0.000
16790,1.000,0.000,0.000,0.214,0.571,0.000,0.000,0.071,0.143,0.000
16792,0.190,0.095,0.143,0.143,0.238,0.143,0.286,0.238,0.429,0.286
16901,0.500,0.444,0.056,0.944,0.667,0.889,0.389,0.389,0.556,0.778
16988,0.667,1.000,0.444,0.333,0.000,0.000,0.000,0.000,0.000,0.000
17008,0.000,0.000,0.435,0.696,0.435,0.435,0.261,0.565,0.391,0.348
17028,0.400,0.000,0.800,0.000,1.000,0.600,0.200,0.000,0.000,0.600
17042,0.000,0.000,1.000,0.000,0.000,0.000,0.333,0.000,0.000,0.000
17111,0.789,0.842,0.737,0.263,0.632,0.316,0.947,0.105,0.000,0.000
17115,1.000,0.778,0.000,0.000,0.000,0.000,0.000,0.000,0.000,0.000
17128,1.000,0.750,0.100,0.650,0.800,0.200,0.000,0.400,0.300,0.400
17150,1.000,0.353,0.176,1.000,0.353,0.647,0.706,0.706,1.000,0.412
17155,0.000,1.000,0.500,0.167,0.000,0.333,0.667,0.167,0.000,0.500
17195,0.000,1.000,0.750,0.000,0.000,0.000,0.000,0.000,0.250,0.000
17199,0.000,0.000,0.000,0.389,0.611,1.000,0.222,0.056,0.333,0.444
17201,1.000,0.000,0.000,0.000,0.250,0.500,0.000,0.000,0.750,0.000
17227,1.000,0.630,0.148,0.407,0.370,0.333,0.259,0.556,0.037,0.259
17252,1.000,0.286,0.667,1.000,0.476,0.286,0.333,0.905,0.524,0.333
17268,0.000,0.632,1.000,0.474,0.316,0.053,0.368,0.789,0.579,0.158
17277,0.235,1.000,0.294,0.000,0.000,0.000,0.000,0.000,0.000,0.000
17302,0.000,0.000,0.200,0.000,1.000,0.000,0.000,0.000,0.000,0.000
17355,1.000,1.000,0.000,0.000,0.000,0.000,0.000,0.000,0.000,0.000
17356,0.000,0.000,0.000,0.000,0.000,0.000,0.000,0.000,0.000,0.393
17444,1.000,0.500,0.100,0.000,0.000,0.000,0.000,0.000,0.000,0.000
17483,0.200,0.133,0.200,1.000,0.533,0.067,0.933,0.400,0.800,0.333
17491,0.459,0.135,0.811,0.595,0.486,0.405,0.459,0.757,0.703,0.514
17569,0.000,0.167,0.000,1.000,0.000,0.500,0.000,0.000,0.000,0.333
17570,0.222,1.000,0.444,0.167,0.111,0.000,0.000,0.056,0.222,0.222
17583,1.000,0.800,0.000,0.000,0.000,0.000,0.000,0.600,0.000,0.000
17621,0.125,1.000,0.750,0.625,0.750,0.000,0.000,0.000,0.875,0.750
17639,1.000,0.000,0.000,0.000,0.000,0.000,0.000,0.000,0.500,0.000
17651,0.000,0.000,0.000,0.600,0.733,0.200,0.533,0.800,0.600,0.200
17825,0.000,0.800,1.000,0.700,0.300,0.000,0.000,0.000,0.000,0.000
17840,0.000,0.000,0.000,0.348,1.000,0.609,0.000,0.000,0.000,0.000
17841,0.588,1.000,0.000,0.000,0.118,0.000,0.000,0.000,0.000,0.000
17846,0.000,0.682,0.273,0.182,0.182,0.000,0.045,0.545,0.727,0.273
17848,0.000,1.000,0.656,0.438,0.406,0.500,0.125,0.000,0.469,0.781
17912,1.000,0.778,0.000,0.111,0.000,0.000,0.222,0.111,0.000,0.000
17919,0.737,0.842,0.421,0.368,0.263,0.105,0.632,0.474,1.000,0.526
17946,1.000,0.750,0.563,0.375,0.062,0.187,0.000,0.000,0.125,0.000
17972,0.000,1.000,0.000,0.500,0.000,0.000,0.000,0.000,0.000,0.000
17975,0.643,0.929,1.000,0.429,0.143,0.571,0.571,0.071,0.071,0.357
18011,0.500,0.500,1.000,0.500,0.000,0.000,0.000,0.000,0.000,0.000
18068,0.269,1.000,0.269,0.346,0.231,0.000,0.654,0.462,0.000,0.346
18076,0.395,1.000,1.000,0.474,0.816,0.263,0.184,0.342,0.553,0.553
18210,0.000,0.333,0.000,1.000,0.000,0.000,0.000,0.000,0.000,0.000
18216,0.000,1.000,0.000,0.000,0.000,0.000,0.500,0.750,0.500,0.000
18219,0.000,0.000,0.000,0.105,0.684,1.000,0.526,0.105,0.000,0.368
18278,0.111,1.000,0.167,0.000,0.000,0.000,0.000,0.000,0.000,0.000
18306,1.000,0.813,0.875,0.500,0.000,0.750,0.313,0.437,0.187,0.062
18316,0.083,1.000,0.500,0.083,0.000,0.250,0.000,0.000,0.000,0.000
18376,1.000,0.333,0.556,0.556,0.444,0.556,0.611,0.222,0.000,0.000
18394,0.000,0.000,0.000,0.000,1.000,0.000,0.500,0.000,0.000,0.000
18427,0.429,1.000,0.071,0.000,0.286,0.000,1.000,0.000,0.000,0.000
18432,0.000,0.000,0.000,0.000,0.000,0.000,0.000,0.667,0.400,0.800
18479,0.000,0.000,0.667,0.500,0.100,0.400,0.633,0.233,0.000,0.333
18488,0.000,1.000,0.250,0.000,0.000,0.000,0.000,0.625,0.000,0.750
18610,0.739,0.609,0.304,1.000,0.478,0.217,0.304,0.391,0.348,0.261
18614,0.000,0.000,0.500,0.000,1.000,0.000,0.000,0.000,0,0
18698,0.615,0.500,0.154,0.000,1.000,0.538,0.923,0.077,0.000,0.385
18704,0.000,0.538,1.000,0.923,0.154,0.154,0.692,0.615,0.385,0.385
18712,0.167,1.000,0.000,0.000,0.000,0.000,0.000,0.167,0.000,0.000
18723,0.667,0.000,0.000,1.000,0.333,0.500,0.000,1.000,0.000,0.000
18791,0.515,0.303,0.273,0.364,0.758,0.545,0.364,0.091,0.424,0.879
18810,0.125,0.594,0.844,0.781,0.750,0.812,0.344,0.000,0.000,0.000
18815,1.000,0.000,0.000,0.000,0.100,0.000,0.000,0.000,0.000,0.000
18819,0.935,0.581,0.194,1.000,0.548,0.355,0.000,0.000,0.452,0.258
18820,0.571,0.286,0.000,1.000,0.000,0.286,0.000,0.000,0.000,0.000
18835,0.000,0.000,0.000,0.000,0.000,0.000,0.000,0.000,0.000,0.000
18850,0.222,1.000,0.722,0.056,0.000,0.056,0.056,0.167,0.000,0.000
18911,0.000,0.000,0.500,1.000,0.000,0.000,0.500,0.000,0.000,0.000
18994,0.643,0.714,0.643,0.643,0.714,0.357,1.000,0.643,0.286,0.571
18999,0.517,0.655,0.103,0.414,0.724,0.828,0.103,0.207,0.000,0.000
19012,0.034,0.103,0.724,0.276,0.276,1.000,0.724,0.655,0.793,0.586
19104,0.429,0.000,0.000,0.857,0.714,0.476,0.000,0.000,0.571,0.810
19115,0.000,0.667,0.333,0.000,0.000,0.000,0.000,0.000,0.000,0.000
19131,0.385,0.846,0.538,0.231,0.308,1.000,0.923,0.231,0.000,0.000
19151,0.000,0.000,1.000,1.000,0.000,0.000,0.000,0.000,0.000,0.000
19157,0.238,0.857,0.381,0.333,0.286,0.000,0.476,1.000,0.143,0.000
19212,0.615,1.000,0.923,0.385,0.077,0.231,0.846,1.000,0.154,0.000
19324,1.000,0.500,0.000,0.000,0.000,0.000,0.000,0.000,0.000,0.000
19329,0.882,1.000,0.235,0.000,0.000,0.353,0.000,0.000,0.118,0.235
19333,0.571,0.429,0.000,0.000,0.000,0.000,0.000,0.000,0.000,0.000
19645,0.182,0.227,1.000,0.000,0.000,0.545,0.864,0.000,0.000,0.000
19661,0.880,1.000,0.360,0.200,0.760,0.360,0.080,0.000,0.160,0.440
19663,0.176,0.412,0.559,0.500,0.147,1.000,0.735,0.176,0.059,0.412
19672,0.176,1.000,0.353,0.000,0.000,0.000,0.000,0.000,0.000,0.000
19731,0.000,0.000,0.000,1.000,0.000,0.000,0.000,0.200,0.000,0.000
19739,0.000,0.258,0.129,0.290,0.452,0.000,0.419,0.452,0.065,0.000
19742,0.500,0.000,0.000,0.200,0.000,0.000,0.000,0.000,0.000,0.300
19743,0.000,1.000,0.833,0.833,0.917,0.750,0.333,0.333,0.000,0.000
19752,1.000,0.609,0.870,0.826,0.826,0.261,0.174,0.652,0.130,0.087
19768,1.000,0.406,0.344,0.031,0.781,0.438,0.000,0.000,0.000,0.062
19770,0.720,0.360,0.680,0.400,0.080,1.000,0.280,0.200,0.760,0.960
19773,1.000,0.000,1.000,0.000,0.000,0.000,0.000,0.000,0.000,0.000
19802,0.000,0.038,0.231,0.885,0.385,0.077,0.000,0.615,0.423,0.654
19803,0.000,1.000,0.062,0.187,0.750,0.000,0.000,0.000,0.500,0.250
19881,0.000,0.000,0.000,0.000,0.000,1.000,1.000,0.000,0.000,0.000
20000,0.000,1.000,0.556,0.000,0.000,0.000,0.000,0.000,0.000,0.000
20011,1.000,0.947,0.579,0.053,0.000,0.158,0.000,0.000,0.000,0.000
20020,0.294,1.000,0.000,0.000,0.000,0.000,0.471,0.118,0.765,0.176
20077,0.227,1.000,0.500,0.045,0.000,0.000,0.000,0.000,0.000,0.000
20102,0.267,0.967,0.300,0.833,0.733,0.700,0.633,0.567,0.700,0.533
20142,1.000,0.154,0.000,0.077,0.000,0.000,0.000,0.000,0.000,0.000
20147,0.526,0.895,0.368,0.211,0.316,1.000,0.684,0.053,0.000,0.684
20282,0.000,0.654,0.538,0.192,0.000,0.538,1.000,0.692,0.654,0.000
20355,1.000,0.667,0.000,0.000,0.111,0.000,0.222,0.000,0.000,0.000
20358,0.519,0.333,0.556,0.852,0.593,0.222,0.370,0.667,0.556,0.630
20362,0.242,1.000,0.848,0.273,0.242,0.303,0.455,0.273,0.000,0.000
20403,0.813,0.437,1.000,0.813,0.313,0.125,0.000,0.625,0.000,0.000
20474,1.000,0.452,0.323,0.258,0.645,0.129,0.000,0.065,0.581,0.258
20486,0.077,1.000,0.000,0.231,0.000,0.000,0.000,0.000,0.000,0.000
20489,0.258,0.161,0.645,0.355,0.355,0.161,0.097,0.000,0.258,0.290
20505,0.000,1.000,0.167,0.125,0.458,0.083,0.667,0.000,0.000,0.000
20573,0.765,0.882,0.471,0.000,0.941,1.000,0.000,0.235,0.588,0.118
20576,1.000,0.273,0.000,0.455,0.000,0.000,0.000,0.000,0.000,0.000
20583,0.200,1.000,0.520,0.200,0.080,0.000,0.160,0.000,0.000,0.000
20616,0.150,1.000,0.500,0.500,0.300,0.000,0.000,0.000,0.000,0.000
20752,0.000,0.000,0.000,0.000,0.000,0.000,0.000,1.000,0.667,0.000
20882,0.000,0.741,0.000,0.000,0.037,0.000,1.000,0.000,0.000,0.000
20883,0.000,1.000,0.514,0.730,0.297,0.622,0.595,0.459,0.432,0.730
21003,0.765,0.353,0.176,0.382,0.824,0.765,0.382,0.882,0.324,0.941
21006,0.000,0.000,1.000,0.000,0.500,0.000,0.000,0.000,0.000,0.000
21013,0.517,1.000,0.517,0.414,0.345,0.034,0.034,0.310,0.414,0.138
21020,0.273,0.273,0.818,0.545,0.500,0.818,0.500,1.000,0.364,0.636
21060,0.474,0.947,0.316,0.842,0.684,0.053,0.368,1.000,0.632,0.000
21161,0.000,1.000,0.071,0.000,0.000,0.643,0.357,0.071,0.143,0.571
21174,0.000,1.000,0.308,0.000,0.000,0.000,0.000,0.000,0.077,0.462
21200,0.107,0.750,0.571,0.357,0.250,0.429,1.000,0.464,0.179,0.107
21247,0.571,0.714,0.857,0.786,0.857,1.000,0.571,0.000,0.000,0.000
21251,0.000,0.733,1.000,0.400,0.333,0.000,0.000,0.000,0.000,0.000
21294,0.000,0.000,0.000,0.000,0.000,0.000,0.000,0.000,0.000,0.000
21311,0.217,0.739,0.913,0.348,0.217,0.652,0.435,0.217,0.304,0.609
21328,0.250,1.000,0.583,0.667,0.792,0.750,0.250,0.625,0.667,0.333
21361,0.278,1.000,0.000,0.000,0.000,0.000,0.000,0.389,0.778,0.333
21371,0.231,0.692,1.000,0.308,0.000,0.077,0.538,0.077,0.000,0.000
21394,1.000,0.000,0.000,0.000,0.143,0.000,0.429,0.000,0.000,0.000
21395,1.000,0.437,0.250,0.000,0.000,0.000,0.000,0.000,0.062,0.000
21450,0.000,0.000,0.000,0.000,0.000,0.000,0.000,1.000,0.000,0.000
21472,0.800,0.600,0.633,0.933,1.000,0.033,0.500,0.367,0.867,0.967
21473,0.667,0.778,1.000,0.000,0.000,0.000,0.000,0.278,0.111,0.000
21479,0.143,1.000,0.000,0.000,0.000,0.000,0.000,0.000,0.000,0.000
21505,1.000,0.500,0.750,0.917,0.917,1.000,0.583,0.000,0.000,0.000
21548,0.333,1.000,0.467,0.333,0.700,0.967,0.000,0.000,0.000,0.367
21628,0.212,1.000,0.121,0.121,0.000,0.848,0.000,0.333,0.848,0.152
21657,0.217,0.783,0.087,0.826,0.261,0.652,0.348,0.174,0.696,0.304
21704,0.600,0.400,1.000,0.200,0.600,0.800,0.667,0.600,0.867,0.400
21708,0.200,0.467,1.000,0.867,0.333,0.000,0.000,0.000,0.000,0.000
21716,1.000,0.800,0.400,0.100,0.000,0.000,0.000,0.000,0.000,0.200
21719,0.750,0.250,0.750,1.000,0.375,0.313,0.000,0.000,0.250,0.000
21788,1.000,0.154,0.692,0.692,1.000,0.000,0.000,0.000,0.000,0.000
21918,0.333,0.000,0.333,1.000,0.000,0.333,0.000,0.000,0.000,0.333
21938,0.273,1.000,0.455,0.273,0.227,0.409,1.000,0.182,0.000,0.000
21962,0.233,0.967,0.767,1.000,0.367,0.200,0.800,0.000,0.000,0.000
22001,0.805,0.634,1.000,0.512,0.463,0.171,0.512,0.561,0.146,0.024
22015,0.800,1.000,0.700,0.000,0.000,0.000,0.000,0.000,0.000,0.000
22022,0.000,1.000,0.176,0.294,0.235,0.412,0.882,0.294,0.000,0.000
22040,1.000,0.742,0.484,0.226,0.613,0.516,0.355,0.226,0.000,0.000
22061,1.000,1.000,0.000,0.000,0.000,0.000,0.000,0.000,0.333,0.000
22067,1.000,0.111,0.000,0.000,0.000,0.000,0.000,0.000,0.000,0.000
22078,0.000,0.000,0.000,0.000,0.000,0.536,0.464,0.214,0.321,0.321
22131,0.968,0.871,0.774,0.290,0.032,0.419,0.323,0.774,0.710,0.161
22204,0.033,0.667,0.100,0.033,0.200,1.000,0.100,0.000,0.000,0.567
22227,0.550,0.350,0.600,0.650,0.750,0.150,0.050,0.000,0.000,0.000
22238,1.000,0.000,0.000,0.333,0.533,0.333,0.000,0.000,0.000,0.000
22270,1.000,0.550,0.000,0.000,0.000,0.050,0.200,0.600,0.550,0.400
22271,0.500,0.000,0.000,0.000,0.000,1.000,0.000,0.000,0.250,0.000
22354,0.200,0.267,0.400,0.333,0.733,0.133,0.400,0.800,0.667,1.000
22379,0.143,0.000,0.286,0.571,0.000,0.000,1.000,0.000,0.000,0.000
22454,0.250,0.938,0.313,0.000,0.000,0.813,0.062,0.000,0.437,1.000
22469,0.000,0.850,0.200,0.250,0.600,0.200,1.000,0.300,0.000,0.000
22529,0.769,1.000,1.000,0.000,0.000,0.000,0.000,0.000,0.000,0.000
22534,0.000,0.000,0.294,0.882,1.000,0.000,0.000,0.000,0.529,0.706
22640,1.000,0.545,0.000,0.000,0.000,0.000,0.000,0.000,0.000,0.000
22641,0.034,0.000,0.000,0.310,0.414,0.345,0.241,0.483,0.241,0.069
22703,0.000,0.000,0.000,0.000,0.000,0.000,0.545,0.091,0.000,0.000
22706,0.474,0.895,0.737,0.105,1.000,1.000,0.105,0.158,0.474,0.368
22783,0.158,1.000,0.684,0.421,0.158,0.316,0.000,0.579,0.579,0.579
22836,0.000,0.000,0.000,0.333,0.000,0.000,0.000,1.000,1.000,0.000
22845,0.067,1.000,0.133,0.067,0.000,0.000,0.000,0.467,0.333,0.667
22860,0.647,1.000,0.353,0.118,0.412,0.765,1.000,0.412,0.294,0.000
22882,0.727,0.000,0.000,0.182,0.000,1.000,0.000,0.273,0.727,0.455
22959,0.000,1.000,0.000,0.000,0.000,0.000,1.000,0.000,0.000,0.000
22963,0.000,0.750,0.813,0.187,0.000,0.000,0.187,1.000,0.938,0.875
22976,0.682,0.864,1.000,0.455,0.000,0.818,0.000,0.091,0.955,0.136
23034,0.000,1.000,0.714,0.000,1.000,0.000,0.000,0.000,0.000,0.000
23048,0.667,0.000,0.000,0.000,0.000,0.000,1.000,0.333,0,0
23051,0.077,1.000,0.385,0.038,0.000,0.000,0.000,0.000,0.385,0.385
23080,0.636,0.136,1.000,1.000,0.182,0.000,0.000,0.000,0.636,0.773
23122,0.229,0.000,0.000,1.000,0.800,0.600,0.229,0.343,0.314,0.457
23193,0.000,0.000,1.000,0.579,0.000,0.000,0.000,0.000,0.000,0.000
23218,0.720,0.520,0.080,0.240,1.000,0.000,0.000,0.000,0.000,0.000
23258,0.000,1.000,0.000,0.938,0.750,0.000,0.000,0.375,0.062,0.687
23334,0.333,0.000,0.000,0.000,1.000,0.000,0.000,0.000,0.000,0.000
23403,0.133,1.000,0.033,0.100,0.500,0.633,0.767,0.633,0.867,0.100
23425,0.000,1.000,0.833,0.222,0.000,0.000,0.167,0.000,0.000,0.778
23442,0.000,0.647,1.000,0.235,0.235,0.000,0.000,0.118,0.059,0.000
23452,0.000,0.000,0.933,0.733,0.867,0.467,0.600,0.733,0.533,0.467
23462,1.000,0.586,0.310,0.172,0.310,0.345,0.414,0.069,0.000,0.000
23471,0.500,1.000,0.375,0.187,0.000,0.125,0.000,0.000,0.000,0.000
23557,0.800,1.000,0.100,0.100,0.000,0.000,0.000,0.000,0.000,0.000
23566,0.692,0.654,0.308,0.231,0.538,0.308,0.269,0.231,1.000,0.500
23577,0.857,0.214,0.214,0.107,1.000,0.679,0.429,0.500,0.750,0.000
23670,0.000,0.000,0.176,0.000,0.000,1.000,0.059,0.000,0.471,0.882
23680,0.632,0.632,0.421,1.000,0.000,0.000,0.000,0.000,0.000,0.105
23810,0.529,0.765,0.647,0.706,0.588,1.000,1.000,0.294,0.000,0.235
23860,0.200,0.000,0.000,1.000,1.000,0.800,0.000,0.000,0.000,0.050
23892,0.600,0.300,0.300,0.350,0.050,0.000,0.100,0.550,0.250,0.200
23936,0.429,0.786,0.714,0.714,1.000,0.714,0.929,0.143,0.000,0.000
23964,0.000,0.000,0.000,1.000,0.000,0.333,0.000,0.000,0,0
24094,1.000,0.542,0.542,0.917,0.292,0.958,0.417,0.000,0.958,0.375
24096,0.707,0.122,0.000,0.000,0.000,0.000,0.024,0.268,0.732,0.341
24156,0.423,0.615,0.038,0.154,0.346,0.885,0.538,0.346,0.577,0.308
24162,0.222,1.000,0.389,0.000,0.000,0.000,0.000,0.000,0.000,0.000
24313,0.000,0.000,0.000,0.000,0.000,1.000,0.000,1.000,0.000,0.500
24339,1.000,0.778,0.778,0.000,0.000,0.556,0.000,0.000,0.000,0.000
24340,0.000,0.000,0.667,0.167,0.167,0.250,0.000,0.000,0.000,0.167
24375,0.077,1.000,0.000,0.538,0.000,0.000,0.000,0.000,0.000,0.000
24385,0.222,0.556,0.833,0.722,0.000,0.000,0.000,0.167,0.000,0.000
24387,0.682,0.864,1.000,0.318,0.227,0.955,0.318,0.136,0.545,0.682
24393,0.091,0.000,1.000,0.909,0.273,0.000,0.000,0.000,0.000,0.000
24438,1.000,0.350,0.350,0.950,0.000,0.000,0.000,0.000,0.000,0.000
24475,0.000,0.000,0.000,0.286,0.286,0.000,0.429,0.571,0.000,0.429
24540,1.000,0.214,0.000,0.000,0.071,0.214,0.071,0.071,0.000,0.214
24566,0.000,1.000,0.412,0.000,0.000,0.000,0.059,0.176,0.000,0.000
24568,0.000,1.000,0.000,0.437,0.750,0.125,0.687,0.813,0.250,0.000
24639,0.107,0.786,0.464,0.107,0.786,0.357,0.036,0.286,0.393,1.000
24646,0.150,0.950,0.200,0.000,0.000,0.000,0.000,0.000,0.000,0.250
24720,0.187,0.000,1.000,0.437,0.375,0.687,0.500,0.437,0.687,0.875
24742,0.000,0.000,1.000,0.000,1.000,0.000,0.000,0.000,0.000,0.000
24766,0.071,0.679,0.393,0.286,0.643,0.143,0.250,0.964,1.000,0.214
24778,1.000,1.000,0.333,0.200,0.133,0.400,0.000,0.400,0.000,0.000
24857,0.087,1.000,0.696,0.217,0.174,0.174,0.000,0.130,0.000,0.174
24992,1.000,0.000,0.000,0.000,0.933,0.533,1.000,0.000,0.000,0.000
25021,1.000,0.000,0.650,0.000,0.000,0.000,0.000,0.000,0.000,0.000
25043,0.000,1.000,0.500,0.000,0.000,0.000,0.000,0.000,0.000,0.000
25051,0.333,0.000,0.000,0.000,0.000,0.000,0.000,1.000,0.000,0.000
25069,1.000,0.667,0.190,0.143,0.762,0.429,0.000,0.000,0.000,0.000
25112,0.429,0.679,0.357,0.000,0.000,0.000,0.000,0.071,0.214,0.464
25214,0.500,1.000,0.000,0.000,0.000,0.000,0.000,0.000,0.000,0.000
25228,0.353,0.412,1.000,0.529,0.735,0.794,0.471,0.353,0.529,0.735
25250,0.000,0.000,0.077,0.154,0.000,0.000,0.000,0.462,0.308,0.000
25330,0.857,0.929,0.071,0.071,1.000,0.571,0.000,0.000,0.000,0.000
25364,1.000,0.000,0.429,0.000,0.143,0.286,0.143,0.000,0.000,0.000
25377,0.500,1.000,0.000,0.000,0.000,0.000,0.000,0.000,0.500,0.000
25400,0.000,1.000,0.321,0.107,0.607,0.214,0.000,0.000,0.000,0.821
25451,0.313,1.000,0.187,0.000,0.000,0.000,0.563,0.750,0.250,0.187
25460,0.000,0.000,0.500,0.333,0.000,0.000,0.000,0.000,1.000,0.000
25559,0.000,0.588,0.824,1.000,0.118,0.412,0.176,0.824,0.000,0.294
25583,0.000,0.704,1.000,0.815,0.333,0.000,0.407,1.000,0.630,0.000
25609,1.000,0.437,0.750,0.500,0.250,0.437,0.000,0.000,0.563,0.563
25705,1.000,0.500,0.000,0.000,0.000,0.000,0.000,0.000,0.000,0.000
25743,0.667,0.500,0.433,0.300,0.733,0.700,0.067,0.000,0.000,0.800
25799,0.818,0.273,0.455,0.364,0.455,1.000,0.682,0.273,0.000,0.000
25802,0.000,0.000,0.000,0.000,0.000,1.000,0.000,0.000,0.000,0.429
25804,0.000,0.000,0.000,0.542,0.333,0.917,0.875,0.667,0.000,0.625
25909,0.143,1.000,0.000,0.000,0.000,0.143,0.429,0.000,0.429,0.000
25913,0.739,0.652,0.478,0.000,0.043,0.261,0.348,0.478,1.000,0.348
25940,0.393,0.286,0.500,0.750,0.786,0.571,0.750,0.571,0.321,1.000
25951,0.150,1.000,0.100,0.000,0.300,0.050,0.000,0.000,0.250,0.000
26031,0.100,0.000,0.000,0.000,0.000,0.000,0.000,0.000,0.650,0.300
26043,0.727,0.000,0.273,0.273,1.000,0.591,0.000,0.091,0.000,0.000
26046,0.739,0.391,0.130,0.783,1.000,0.957,0.826,0.087,0.913,0.348
26066,0.000,1.000,0.000,0.000,0.071,0.000,0.214,0.500,0.000,0.000
26359,0.500,0.000,0.000,0.000,0.000,0.000,0.000,0.000,0.000,0.000
26378,0.214,0.738,0.524,0.452,0.381,0.071,0.548,0.548,0.357,0.381
26482,0.000,0.412,1.000,0.353,0.000,0.000,0.000,0.000,0.000,0.000
26485,0.267,1.000,0.267,0.000,0.000,0.000,0.000,0.000,0.000,0.000
26515,0.111,0.630,0.000,0.074,1.000,0.037,0.444,0.630,0.111,0.778
26525,0.069,0.379,0.000,0.000,0.517,0.655,0.414,0.414,0.862,0.483
26595,0.480,0.560,0.200,0.000,0.240,0.720,0.520,0.080,0.560,0.160
26605,0.958,1.000,0.875,1.000,0.375,0.000,0.167,0.333,0.583,0.500
26634,0.842,0.000,0.000,0.000,0.421,1.000,0.211,0.000,0.000,0.000
26690,0.143,0.000,0.000,0.571,0.393,0.286,0.036,0.071,0.821,0.321
26717,1.000,0.667,0.278,0.000,0.000,0.000,0.000,0.000,0.000,0
26728,0.000,0.000,0.000,0.958,0.333,0.833,0.750,0.958,0.708,0.917
26806,0.667,0.571,0.524,0.333,0.476,1.000,0.810,0.714,0.524,0.667
26827,1.000,0.000,0.167,0.000,0.000,0.000,0.000,0.000,0.000,0.000
26833,0.467,0.300,0.200,1.000,0.433,0.033,0.000,0.667,0.200,0.400
26904,0.000,0.000,0.000,1.000,0.000,0.000,0.000,0.077,0.000,0.154
26922,0.692,1.000,0.154,0.000,0.000,0.000,0.000,0.000,0.000,0.000
26938,1.000,0.419,0.000,0.806,0.548,0.000,0.194,0.548,0.323,0.000
27048,0.000,0.000,0.000,0.000,0.400,0.000,0.000,0.000,0.000,0.000
27056,0.000,1.000,0.632,0.211,0.000,0.263,0.316,0.211,0.000,0.000
27057,1.000,0.000,0.000,0.000,0.000,0.000,0.500,0.000,0.000,0.000
27076,0.615,1.000,0.731,0.192,0.000,0.577,0.000,0.000,0.038,0.308
27084,0.000,1.000,0.353,0.000,0.000,0.588,0.941,0.000,0.000,0.000
27120,0.000,0.800,1.000,0.733,0.000,0.133,0.133,0.267,0.667,0.533
27121,0.647,1.000,0.824,0.765,0.118,0.118,0.000,0.000,0.000,0.000
27129,1.000,0.000,0.200,0.000,0.000,0.000,0.000,0.000,0.200,0.000
27171,0.000,1.000,1.000,0.000,0.000,1.000,0.000,0.000,0.000,0.000
27191,0.632,0.947,0.316,0.158,0.947,0.632,0.316,1.000,0.526,0.000
27229,0.000,0.000,0.000,1.000,0.000,0.000,0.600,0.000,0.000,0.000
27230,0.783,0.435,0.087,0.000,0.000,0.522,1.000,0.478,0.000,0.000
27232,0.000,1.000,0.176,0.000,0.000,0.000,0.000,0.235,0.588,0.529
27238,0.000,0.808,0.577,0.077,0.000,0.192,0.000,1.000,0.769,0.115
27248,0.500,0.333,0.333,0.375,0.625,0.000,0.000,0.000,0.917,1.000
27285,1.000,0.571,0.214,0.429,0.000,0.000,0.000,0.000,0.000,0.000
27295,0.846,1.000,0.385,0.000,0.000,0.077,0.000,0.308,0.154,0.000
27332,1.000,0.429,0.000,0.000,0.000,0.000,0.000,0.000,0.000,0.000
27347,0.600,0.714,0.514,0.171,0.000,0.371,0.400,0.429,0.171,0.229
27349,0.118,1.000,0.353,0.000,0.000,0.000,0.000,0.000,0.000,0.000
27350,0.125,0.875,0.062,1.000,0.000,0.313,0.250,0.813,0.313,0.000
27353,0.722,0.889,0.889,0.333,0.722,1.000,0.833,0.944,0.389,0.000
27354,0.000,0.000,0.000,0.000,0.500,0.000,1.000,0.000,0,0
27367,0.929,0.714,0.750,0.714,0.429,0.000,0.000,1.000,0.429,0.000
27371,0.000,0.000,0.667,0.000,1.000,0.000,0.000,0.333,0.000,0.000
27413,0.000,0.000,0.000,0.000,0.000,0.000,1.000,0.000,0.500,0.000
27439,0.750,0.250,0.500,1.000,0.250,0.000,0.000,0.000,0.000,0.000
27441,0.000,1.000,0.000,0.286,0.000,0.000,0.000,0.000,0.000,0.000
27498,0.909,0.818,0.773,0.091,0.000,0.318,0.864,0.045,0.000,0.000
27500,0.000,1.000,0.833,0.333,0.000,0.000,0.000,0.000,0.000,0.000
27514,0.962,0.731,0.808,0.654,0.000,0.615,0.808,0.538,0.654,0.615
27551,0.133,0.000,0.000,0.000,0.000,0.000,0.000,0.000,0.333,0.533
27564,0.571,0.381,0.857,1.000,0.857,0.810,0.333,0.333,0.048,0.286
27595,1.000,0.000,0.000,0.588,0.412,0.412,0.118,0.000,0.000,0.000
27605,0.000,0.000,0.048,0.000,0.000,0.095,0.571,0.619,0.714,0.714
27608,0.500,0.350,1.000,0.250,0.000,0.000,0.000,0.000,0.000,0.000
27611,0.000,0.000,0.080,0.920,0.760,1.000,0.640,0.240,0.000,0.000
27762,0.000,1.000,0.000,0.000,0.000,0.000,0.000,0.000,0.000,0.667
27811,0.353,0.294,0.412,1.000,0.000,0.000,0.000,0.412,0.235,0.412
27840,1.000,0.481,0.000,0.000,0.000,0.000,0.000,0.333,0.296,0.185
27921,1.000,0.500,0.000,0.000,0.000,0.000,0.000,0.000,0.000,0.000
28056,0.652,1.000,0.435,0.087,0.000,0.000,0.000,0.000,0.000,0.000
28063,0.353,0.647,0.882,0.824,0.000,0.000,0.059,0.882,0.059,0.000
28091,0.600,0.000,0.000,1.000,0.000,0.000,0.000,0.000,0.000,0.000
28145,0.636,0.727,1.000,0.818,0.818,0.727,0.273,0.273,0.182,0.273
28170,0.231,0.308,0.000,0.000,0.000,0.000,0.000,0.000,0.000,1.000
28173,0.000,0.000,0.182,0.000,0.000,0.000,0.000,0.000,0.545,0.727
28189,0.000,0.476,1.000,0.333,0.143,0.667,0.333,0.048,0.000,0.000
28305,0.000,0.727,0.909,1.000,0.727,0.727,0.364,0.000,0.000,0.000
28333,0.370,0.630,0.444,0.074,0.000,0.000,0.000,0.000,0.815,0.481
28347,0.308,0.423,0.385,0.885,0.231,0.000,0.692,0.538,0.000,1.000
28373,0.286,1.000,0.333,0.333,0.381,0.095,1.000,0.429,0.238,0.000
28379,0.679,0.286,0.214,0.071,0.464,0.607,0.286,0.000,0.000,0.286
28385,1.000,0.000,0.000,0.000,0.000,1.000,0.333,1.000,0.000,0.333
28402,1.000,0.500,0.382,0.000,0.147,0.294,0.176,0.000,0.059,0.000
28644,0.000,0.769,0.154,0.000,0.000,0.000,1.000,0.769,0.077,0.000
28649,1.000,0.000,0.333,1.000,0.000,0.000,0.000,0.000,0.000,0.000
28664,0.500,1.000,0.917,0.250,0.500,0.167,0.000,0.000,0.000,0.000
28730,0.655,0.034,0.448,1.000,0.517,0.000,0.483,0.069,0.000,0.000
28907,0.526,0.579,0.842,0.789,0.316,0.158,0.053,0.526,1.000,0.105
28920,0.000,0.000,0.000,0.000,0.000,0.000,0.000,0.250,0.000,0.000
28952,0.833,0.000,0.000,1.000,0.278,0.000,0.000,0.000,0.000,0.000
28978,0.538,0.385,0.000,0.692,0.385,0.615,0.769,1.000,0.462,0.000
28979,0.000,0.000,0.000,0.000,0.000,0.000,0.000,0.250,0.000,0.000
28998,0.133,0.267,0.000,0.000,0.000,0.067,0.467,1.000,0.600,0.200
29027,0.692,0.885,0.692,0.192,0.769,0.808,0.000,0.538,0.615,0.000
29050,0.118,0.824,0.000,0.000,0.412,0.000,0.000,0.529,0.000,0.647
29052,1.000,0.000,0.429,0.000,0.000,0.000,0.000,0.000,0.000,0.000
29055,1.000,0.571,0.286,0.000,0.000,0.000,0.000,0.071,0.000,0.000
29102,0.067,0.667,0.533,1.000,0.000,0.000,0.000,0.000,0.133,0.333
29118,0.000,1.000,0.867,0.333,0.000,0.067,0.267,0.467,0.067,0.000
29122,0.417,0.667,0.000,0.417,0.167,0.667,1.000,0.667,0.167,0.083
29197,0.133,0.467,1.000,0.400,0.000,0.000,0.000,0.267,0.067,0.000
29254,1.000,0.273,0.909,0.818,0.091,0.000,0.000,0.000,0.000,0.000
29259,0.786,1.000,0.714,0.429,0.214,0.000,0.000,0.000,0.000,0.000
29268,0.318,0.455,0.318,0.818,0.727,0.636,0.318,0.000,0.091,0.909
29290,0.400,0.200,1.000,0.000,0.933,0.800,0.933,0.733,0.000,0.400
29314,0.107,1.000,0.071,0.250,0.000,0.357,0.500,0.893,0.357,0.214
29316,0.154,0.692,1.000,0.385,0.000,0.000,0.000,0.000,0.000,0.000
29331,1.000,0.813,0.500,0.062,0.000,0.000,0.000,0.313,0.313,0.000
29351,0.455,0.227,0.955,0.364,0.136,0.000,0.000,0.000,0.091,0.000
29369,0.929,0.000,0.750,0.393,1.000,0.786,0.357,1.000,0.714,0.071
29370,0.458,0.125,1.000,0.125,0.000,0.000,0.000,0.583,0.250,0.042
29372,1.000,0.214,0.000,0.000,0.000,0.000,0.000,0,0,0
29471,0.000,1.000,0.462,0.423,0.115,0.385,0.423,0.654,0.000,0.000
29493,0.125,1.000,0.000,0.250,0.000,0.000,0.000,0.000,0.000,0.000
29551,1.000,0.000,0.000,0.000,0.600,0.000,0.000,0.000,0.000,0.000
29559,0.000,0.357,0.000,0.000,0.000,0.000,0.000,1.000,0.500,0.214
29572,0.667,0.000,1.000,0.333,0.000,0.000,0.000,0.000,0.000,0.000
29614,0.650,0.200,1.000,0.850,0.550,1.000,0.750,1.000,0.200,0.000
29640,0.400,1.000,0.667,0.000,0.000,0.000,0.067,0.267,0.267,0.133
29669,1.000,0.000,0.000,0.923,0.769,0.615,0.846,0.154,0.308,0.231
29896,1.000,0.200,0.000,0.000,0.000,0.000,0,0,0,0
29962,1.000,0.000,1.000,0.000,0.000,0.000,0.000,0.000,0.000,0
30008,0.933,0.667,0.000,0.067,0.000,0.267,0.333,1.000,0.600,0.000
