1025,8.59
1025,6.27
1025,9.84
1054,19.79
1054,13.26
1103,7.41
1104,5.59
1104,6.98
1109,18.61
1109,5.14
1109,22.51
1109,12.17
1109,12.02
1127,7.11
1127,9.82
1127,10.82
1139,9.53
1139,18.35
1139,19.47
1139,14.41
1139,17.09
1163,5.9
1163,11.96
1168,11.49
1168,10.72
1172,5.92
1172,11.78
1172,7.33
1173,8.74
1211,4.14
1211,3.58
1211,3.66
1211,5.75
1211,3.24
1211,4.67
1211,6.71
1212,13.49
1212,16.81
1213,16.68
1213,18.65
1213,10.72
1217,7.14
1217,10.71
1224,8.15
1224,16.41
1263,10.86
1263,11.47
1263,9.18
1263,15.64
1271,6.19
1275,5.88
1275,6.79
1276,12.14
1276,9.45
1281,11.11
1281,12.45
1281,11.26
1281,11.33
1281,11.76
1281,14.12
1352,7.69
1364,9.25
1364,19.11
1364,10.12
1367,10.77
1367,7.39
1431,6.91
1431,7.36
1456,8.83
1456,8.57
1464,8.83
1464,10.22
1465,15.7
1465,8.97
1516,11.49
1516,6.17
1517,4.32
1517,8.26
1556,5.73
1556,12.13
1556,10.07
1556,7.83
1618,4.57
1618,14.31
1650,11.33
1650,12.16
1658,8.85
1658,8.76
1670,10.03
1670,16.54
1670,9.55
1687,7.07
1687,9.73
1688,2.66
1688,4.46
1702,11.11
1705,9.24
1705,5.81
1756,8.67
1756,6
1756,4.04
1780,5.67
1780,6.79
1783,4.28
1783,4.89
1783,15.41
1784,16.7
1784,11.48
1821,5.53
1821,5.75
1830,8.25
1830,7.21
1894,7.48
1935,8.36
1935,8.19
1944,7.62
1956,13.6
1956,13.32
1956,8.12
1969,6.35
1969,7.56
1994,11.79
1994,6.82
1994,8.29
1996,8.54
1996,8.73
1996,9.49
2046,4.8
2058,10.36
2058,9.98
2062,7.78
2062,15.88
2062,9.7
2063,9.25
2063,6.92
2063,6.75
2063,13.11
2124,6.37
2124,8.85
2133,17.6
2133,25.29
2138,8.53
2145,9.33
2145,23.85
2145,19.9
2145,17.3
2145,30.86
2145,36.03
2145,20.86
2145,29.78
2145,21.68
2156,11.96
2156,15.06
2210,7.26
2218,9.29
2218,12.29
2218,21.56
2219,10.74
2219,7.43
2290,11.05
2291,5.15
2292,6.45
2297,9.85
2366,25.28
2366,16.37
2369,7.71
2371,25.77
2371,18.65
2371,16.9
2371,36.89
2371,21.17
2371,14.44
2387,10.27
2387,12.9
2387,11.54
2387,15.27
2387,24.31
2397,6.17
2397,13.84
2399,9.6
2399,11.4
2399,12.67
2399,14.8
2399,10.45
2400,8.79
2400,11.01
2400,15.6
2401,9.68
2401,10.9
2420,5.72
2420,6.37
2420,13.87
2420,20.79
2453,15.18
2551,13.66
2551,4.95
2587,6.52
2664,10.77
2665,7.34
2665,12.43
2666,11.33
2667,8.36
2667,7.69
2674,6.09
2739,13.45
2739,8.3
2739,5.56
2739,5.01
2760,6.01
2782,5.09
2836,14.36
2836,5.57
2847,13.83
2847,12.77
2919,5.73
2919,10.4
2921,15.01
2923,19.58
2923,10.76
2924,8.03
2924,7.82
2924,8.48
2951,6.28
2951,7.93
2964,7.7
2964,11.3
2968,6.6
2968,4.1
2969,5.1
2969,11.73
3018,4.56
3018,4.13
302,9.63
302,9.63
302,14.61
302,14.61
302,10.29
302,10.29
302,10.98
302,10.98
302,7.18
3031,4.12
3031,7.84
3085,4.51
3085,6.19
3111,13.8
3111,13.5
3111,8.73
3111,9.94
3114,8.51
3114,5.46
3114,5.97
3204,8.98
3204,10.35
3209,10.41
3209,6.08
3216,6.86
3216,5.47
3219,6.08
3221,5.14
3221,6.56
3221,6.09
3294,13.78
3294,18.12
3294,14.53
3294,11.71
3315,4.76
3315,3.45
3382,7.6
3382,6.48
3382,11
3382,7.86
3389,9.99
3389,7.36
3390,10.5
3390,10.45
3394,14.97
3399,13.53
3399,8.19
3399,12.75
3399,12.23
3461,6.69
3461,6.46
3490,8.46
3490,5
3528,13.81
3528,9.1
3531,17.35
3531,16.57
3531,15.47
3558,6.57
3558,12.24
3561,2.83
3561,3.69
3561,4.98
3561,5.97
3570,5.77
3570,6.53
3570,4.01
3583,5.59
3583,3.69
3598,6.63
3598,9.37
3675,5.04
3675,5.7
3675,11.24
3682,12.73
3689,8.78
3689,4.21
3694,6.21
3706,6.73
3706,3.47
3768,4.7
3768,7.74
3768,9.65
3769,7.24
3769,10.79
3769,7.35
3776,9.97
3787,8.09
3787,14.57
3853,7.67
3853,6.74
3864,6.12
3864,7.97
3867,10.43
3867,7.25
3946,9.84
3960,8.93
3971,8.25
3972,10.41
3972,4.21
3974,16.6
3974,7.48
3976,12.29
3976,6.63
4063,7.62
4063,6.92
4086,9.87
4092,11.2
4139,11.3
4139,11.85
417,6.32
417,6.32
4177,11.95
4177,15.19
4185,9.02
4185,4.52
4185,4.95
4201,7.92
4201,9.44
4204,11.23
4204,6.25
4211,5.21
4211,5.64
4289,7.5
4289,7.91
4289,12.01
4290,9.3
4290,8.8
4292,7.07
4299,8.76
4299,10.12
4303,9.44
4315,9.57
4315,6.57
4323,14.72
436,5.92
436,5.92
436,12.69
436,12.69
4404,6.3
4404,5.1
4404,6.87
4406,4.52
4406,7.68
4408,7.77
4409,5.38
4409,5.52
4412,3.59
4412,9.84
4420,6.85
4425,7.92
4434,12.55
4434,8.52
4434,12.71
4496,5.82
4496,3.51
4496,5.39
4497,2.5
4497,5.54
4497,3.72
4500,22.91
4500,12.29
4500,12.78
4503,8.33
4503,7.76
452,14.12
452,14.33
452,7.24
452,7.24
452,12.43
452,9.98
452,10.97
452,10.97
452,11.18
452,11.18
4530,16.71
4530,14.71
4530,7.36
4530,12.71
458,8.64
458,10.02
458,10.02
458,4.29
458,4.29
4600,8
4600,7.98
4601,8
4601,7.92
4602,5
4602,8
4604,9
4604,8.54
4604,8.66
461,12.47
461,12.47
461,8.97
461,8.97
4628,5
4628,11.59
4628,9.33
463,7.81
463,7.81
468,13.08
468,13.08
468,17.57
468,17.57
4696,8.55
4696,4.3
4701,20.13
4701,13.89
4704,4.64
4704,6.43
4706,7.8
472,6.04
472,9.58
472,9.58
472,4.94
472,4.94
473,14.7
473,25.18
473,25.18
473,13.1
473,13.1
4744,6.96
4744,9.09
4744,6.44
4744,8.59
4754,3.33
4754,3.27
4754,3.67
4754,3.01
4754,4.03
4754,9.02
4754,9.86
4756,8.85
4781,4.53
4781,8.66
4817,9.07
4817,8.89
4818,4.23
4818,4.98
4818,5.65
4818,5.53
4818,3.36
4818,4.36
4818,11.01
4819,16.14
4819,15.01
4819,18.46
4819,14.02
483,7.56
4831,6.35
4831,12.59
4831,14.58
4831,7.03
4831,13.05
4831,4.63
4831,7.38
4831,9.37
4913,7.51
4914,6.88
4914,7.91
4916,10.77
4916,8.61
4916,10.3
4931,8.13
4931,9.78
494,12.6
494,19.19
494,19.19
4989,5.3
501,23.88
501,26.48
501,23.13
5010,11.17
5010,12.49
5010,12.37
5018,11.26
5018,13.03
5018,12.54
503,9.24
503,41.3
503,41.3
504,7.7
504,8.57
504,8.57
504,6.5
5040,10.58
5040,11.74
5040,7.64
5105,13.14
5110,18.04
5110,19.14
5126,9.31
5126,12.21
5132,6.02
5137,9.05
5157,6.32
5157,9.96
5201,9.03
5238,12.53
526,8.81
526,8.81
5261,10.08
5261,13.31
5261,9.38
5266,7.79
5311,13.84
5311,12.46
5317,9.87
534,11.53
534,11.53
534,8.34
5342,12.25
5342,8.62
5346,9.28
5346,7.89
536,24.55
536,6.03
536,24.55
5368,15.67
5368,11.75
5371,9.85
5371,9.9
5371,11.55
5372,9.14
5372,5.58
5379,12.87
5379,9.88
5383,10.04
5389,11.36
5389,6.43
5439,11.1
5439,17.31
544,4.08
544,8.34
544,3.6
544,12.98
544,12.98
5449,9.91
5450,15.17
5452,7.21
5452,16.82
5452,7.68
5463,6.95
5463,14.28
5463,10.22
5463,10.2
548,5.92
548,5.92
5548,6.67
5548,6.29
5564,7.86
5564,8.56
5565,8.94
5565,7.91
5569,9.87
5578,5.81
5578,5.4
559,24.79
559,31.77
559,31.77
559,21.69
559,26.82
562,7.03
562,7.03
562,6.26
5660,16.14
5660,13.23
5667,5.68
5667,12.84
5667,11.82
5668,5.96
5668,8.41
5671,4.67
569,11.62
569,11.62
569,11.61
574,7.51
574,10.64
574,10.64
5764,11.28
5764,12.76
5770,13.29
5770,7.01
5774,4.98
5774,6.09
5778,8.63
5778,18.1
5778,23.71
5782,9.1
5782,9.44
5783,5.21
5785,10.54
5786,7.5
5786,7.39
580,4.56
580,8.47
580,6.53
580,10.31
580,5.63
580,7.97
588,7.28
5943,16.03
5954,17.13
5954,8.05
5958,10.92
5958,12.28
5958,8.69
5967,6.86
5967,5.69
5994,9.3
6018,12.02
6018,11.76
6018,12.42
6018,14.53
6050,12.6
6050,12.38
6076,5.56
6076,5.87
6084,8.87
6084,9.66
609,5.6
609,8.78
6095,14.63
6095,5.08
6100,10.67
6100,4.8
614,19.84
614,27.33
614,18.47
614,14.36
615,11.65
615,11.85
6163,17.87
6163,20.17
617,5.67
619,16.36
619,10.04
6214,10.82
6214,26.2
6214,13.73
6214,6.14
6214,8.38
6218,6.76
6218,9.99
622,8.23
622,13.85
6229,6.27
624,5.75
624,8.92
6287,14.7
6299,6.03
6301,4.64
6301,6.65
6308,10.43
6309,11.86
6309,18.66
6310,12.08
6310,5.95
6351,4.37
6351,5.75
637,4.42
637,3.41
6378,4.97
6378,14.1
6378,9.75
6394,22.65
6394,14.48
6394,15.53
6415,9.05
6415,14.58
646,12.35
648,6.16
648,15.11
648,6.8
6490,7.23
6506,7.6
6507,4.84
6507,3.06
6518,25.62
6518,12.52
6533,5.62
6533,5.79
6563,9.79
6563,18.16
6605,15.13
6605,6.81
6628,12.44
6628,20.24
6628,19.91
665,5.56
665,8.61
667,18.41
667,8.75
6682,4.12
6682,7.85
669,10.85
669,8.34
6699,7.71
6699,16.6
6796,11.75
6796,7.94
6832,9.12
705,10.7
723,5.1
723,6.79
734,9.35
734,6.05
739,9.22
739,9.48
739,12.48
739,7.47
739,7.99
739,13.72
739,7.73
748,12.03
748,14.24
748,9.9
758,35.59
758,21.65
758,11.53
758,36.93
768,11.15
768,7.18
773,23.17
773,13.03
773,20.08
773,14.52
774,7.07
774,6.07
787,3.92
796,21.87
801,5.9
801,8.81
809,4.43
809,8.12
817,9.88
817,7.76
817,6.38
861,5.39
861,5.16
871,5.67
871,6.11
874,5.45
874,10.41
877,9.82
884,4.05
884,8.63
890,11.83
890,11.3
890,8.65
926,5.44
935,8.24
935,6.16
990,3.87
993,7.49
993,14.42
995,6.92
995,6.19
10058,10.81
10058,10.61
10064,7.79
10064,2.88
10139,7.41
10152,4.58
10156,10.65
10156,23.03
10156,8.59
10159,10.07
10159,7.55
10159,10.06
10210,20.34
10210,8.33
10210,11.35
10229,7.31
10229,4.29
10237,10.23
10237,8.56
10237,8.51
10242,8.79
10242,9.72
10244,8.89
10244,6.76
10250,7.89
10250,10.21
10305,6.59
10312,10.05
10312,10.86
10313,10.03
10313,10.08
10316,11.98
10316,22.97
10316,14.22
10317,8.6
10317,6.11
10321,8.02
10321,13.24
10321,9.49
10324,9.66
10326,7.83
10333,5.71
10375,15.03
10375,12.03
10377,7.52
10377,6.8
10382,9.09
10382,23.04
10388,4.57
10405,11.12
10405,4.6
10405,9.64
10433,9.43
10433,16.49
10434,6.17
10439,7.69
10439,5.92
10439,5.66
10445,7.49
10445,15.77
10477,6.72
10477,10.56
10510,6.94
10522,15.46
10522,11.16
10567,6.85
10567,11.97
10583,5.64
10583,6.71
10601,9.85
10601,9.24
10606,10.5
10670,5.48
10670,5.49
10670,6.99
10672,8.28
10681,11.87
10681,7.5
10684,11.34
10717,10.75
10717,14.01
10792,9.07
10802,7.43
10804,8.97
10805,11.23
10812,9.22
10813,7.33
10815,7.32
10816,8.53
10817,11.33
10819,8.88
10822,6.69
10880,10.84
10899,6.58
10899,6.71
10904,6.87
10987,9.69
10987,12.98
10992,9.17
10992,21.19
10994,6.99
10996,10.14
11001,11.7
11010,6.24
11010,9.79
11010,6.81
11012,6.86
11021,7.34
11083,15.26
11083,8.64
11087,4.25
11094,11.86
11094,7.39
11098,4.12
11099,22.4
11099,25.77
11099,24.01
11099,17.34
11103,10.08
11105,8.23
11162,13.63
11162,26.75
11171,14.94
11171,10.6
11189,11.67
11189,15.25
11204,6.8
11204,11.89
11248,9.01
11251,4.67
11258,10.58
11348,10.05
11350,12.91
11391,11.5
11476,18.84
5653,8.32
5653,8.94
5653,7.31
5653,10.66
5653,8.9
6186,10.73
6186,28.04
6186,11.65
6186,7.66
6186,17.05
6186,8.2
6305,8.27
6305,4.55
6305,5.69
6305,7.74
6305,11.26
6305,6.15
6305,16.34
6305,9.11
6305,11.23
6305,12.62
6305,9.66
6305,15.64
6305,5.59
6305,7.55
6305,5.3
6305,7.88
6305,11.39
6618,12.9
6618,6.43
6618,14.13
6676,10.22
6676,9.04
6685,21.75
6685,18.75
6685,18.46
6685,10.06
6707,9.19
6707,10.27
6743,14.09
6743,7.01
6804,9.52
6804,10.24
6804,8.18
6895,15.39
6895,10.86
6919,5.52
6919,6.21
6919,4.68
6922,10.02
6922,16.44
6974,6.99
6975,14.02
6975,13.4
6975,13.4
6975,12.88
6982,14.04
6982,13.43
6990,6.66
7007,6.86
7007,10.12
7023,13.71
7023,54.06
7023,50.96
7023,36.65
7076,6.46
7076,5.45
7076,6.83
7130,10.7
7130,6.81
7134,12.47
7134,13.9
7142,10.49
7142,6.58
7169,7.67
7169,4.75
7175,11.8
7175,17.74
7176,5.5
7180,11.54
7180,6.29
7180,9.43
7180,11.28
7186,8.82
7186,6.11
7212,9.21
7212,8.05
7225,12.17
7225,14.65
7225,14.6
7240,4.15
7240,3.84
7240,5.22
7272,13.14
7272,6.44
7281,5.7
7285,1.68
7285,2.8
7288,13.34
7288,16.2
7297,7.7
7306,7.77
7306,5.22
7307,10.76
7307,13.23
7367,6.41
7367,6.59
7371,11.97
7376,12.84
7376,10.7
7378,5.25
7389,8.18
7422,6.75
7422,11.8
7422,6.74
7422,14.86
7461,4.51
7461,6.07
7463,7.4
7463,10.93
7463,9.61
7472,13.16
7472,11.11
7472,7.82
7479,10.57
7479,12.25
7481,14.15
7481,11.82
7554,9.27
7554,7.97
7554,5.94
7591,5.66
7623,5.55
7623,7.6
7626,9.38
7626,7.59
7627,6.61
7627,13.29
7641,7.39
7646,5.23
7646,4.97
7702,5.65
7710,10.22
7710,11.59
7717,9.91
7717,12.88
7736,9.56
7736,7.96
7737,14.09
7737,13
7742,13.8
7742,18.54
7742,9.95
7742,12.03
7746,3.82
7746,4.83
7758,11.44
7768,10.48
7768,4.39
7770,11.63
7770,8.51
7784,10.08
7784,8.28
7787,7.34
7809,14.53
7809,10.44
7815,16.73
7815,9.57
7815,8.11
7815,10.56
7815,9.45
7816,16.49
7816,8.79
7818,8.18
7818,5.05
7818,5.56
7820,8.6
7820,6.04
7907,7
7907,3.07
7909,5.39
7909,4.87
7910,10.41
7910,3.18
7915,12.85
7915,10.68
7917,13.37
7917,9.91
7931,12.08
7931,8.18
7965,8.52
7965,12.6
7981,10.07
7994,24.07
7994,10.69
7994,12.1
8006,12.31
8006,7.97
8051,8.94
8051,10.06
8054,15.37
8054,9.74
8054,19.62
8056,20.16
8056,15.1
8059,5.99
8059,5.39
8063,10.83
8063,6.15
8075,6.42
8075,10
8100,5.82
8100,8.92
8113,15.93
8113,16.08
8123,7.1
8147,4.61
8179,8.8
8179,8.73
8187,9.38
8215,7.84
8216,6.53
8217,5.3
8231,6.98
8264,8.93
8264,5.76
8267,11
8267,9.97
8305,15.08
8305,10.76
8305,11.85
8305,8.02
8307,11.49
8307,8.73
8310,6
8310,7.02
8331,4.28
8331,6.99
8332,7.83
8332,6.08
8332,14.04
8346,35.32
8346,12.62
8347,13.49
8356,10.51
8356,13.04
8362,4.45
8362,6.33
8362,7.48
8363,13.34
8363,10.34
8377,6
8377,9.37
8384,4.21
8384,13.44
8384,9.13
8385,6.06
8393,7.17
8393,3.33
8393,3.52
8394,11.66
8394,8.01
8396,6.73
8399,25.71
8399,19.52
8399,13.92
8400,9.57
8400,11.41
8404,8.3
8413,9.77
8413,7.65
8422,19.86
8422,8.81
8422,18.84
8442,6.38
8463,27.85
8463,8.35
8463,11.37
8464,11.92
8464,8.77
8470,9.86
8470,13.34
8470,9.32E+00
8473,7.25
8473,10.36
8517,2.75
8517,4.56
8526,9.24
8533,15.87
8533,17.97
8533,7.36
8582,15.43
8582,9.56
8582,6.81
8588,13.11
8588,8.86
8590,8.83
8590,7.99
8598,7.67
8598,3.55
8598,14.03
8621,8.52
8621,12.94
8625,17.14
8625,22.25
8625,16.52
8632,5.32
8659,1.17E+01
8668,7.4
8668,9.16
8689,4.29
8689,5.89
8696,4.88
8696,6.81
8711,7.96
8720,14.54
8720,10.29
8731,7.55
8733,6.69
8733,7.72
8735,7.92
8735,7.92
8736,5.02
8736,6.57
8745,4.76
8745,4.55
8752,7.89
8752,6.34
8760,9.11
8816,5.06
8831,4.89
8831,5.37
8837,5.58
8837,7.62
8883,5.17
8883,6.87
8892,12.83
8892,6.94
8896,25.59
8896,10.41
8901,8.06
8917,16.77
8917,14.28
8917,9.72
8917,6.42
8953,12.41
8968,14.58
8968,10.56
8968,13.22
8968,10.32
8968,14.81
8968,18.92
8980,6.6
8981,10.05
8981,13.96
8981,10.65
8981,12.56
8981,23.07
8981,20.6
8981,13.96
8987,7.25
8989,6.58
8989,12.26
8989,13.73
8989,11.56
8989,10.52
9023,11
9023,7.74
9023,8.19
9031,8.76
9031,6.42
9032,17.33
9032,8.08
9036,4.79
9036,10.34
9040,5.58
9040,6.18
9040,4.88
9045,5.78
9045,6.71
9077,9.84
9077,8.67
9088,7.95
9088,17.38
9088,10.95
9093,8.31
9093,6.21
9098,14.53
9108,6.13
9108,8.06
9111,6.72
9136,11.25
9136,28.23
9142,6.35
9145,12.2
9145,10.39
9154,18.14
9154,8.08
9156,6.01
9156,5.85
9156,4.33
9157,6.95
9157,5.61
9165,4.46
9187,9
9187,6.35
9187,13.68
9234,6.61
9247,14.74
9247,8.52
9247,6.5
9252,12.97
9252,10.65
9273,7.15
9275,19.46
9275,7.69
9275,7.91
9276,4.35
9277,7.64
9277,7.79
9282,5.43
9282,6.9
9285,6.23
9285,10.59
9286,6.14
9288,7.9
9288,9.15
9295,15.77
9295,9.86
9295,6.27
9306,10.63
9306,10.2
9307,12.71
9307,16.93
9312,12.1
9312,10.28
9315,14.82
9315,15.23
9347,5.22
9347,4.89
9348,5.88
9348,5.98
9349,8.8
9350,12.62
9350,9.96
9350,21.1
9350,7.19
9350,9.24
9350,16.04
9388,14.37
9388,24.05
9388,16.24
9388,27.3
9390,9.42
9390,12.15
9390,9.36
9397,6.07
9397,8.32
9397,13.57
9398,12.97
9398,27.17
9398,18.38
9422,8.15
9422,6.37
9422,7.14
9430,4
9430,5.14
9430,4.37
9474,13.39
9474,9.89
9474,15.65
9477,5.92
9478,10.88
9478,12.46
9487,11.99
9492,3.81
9492,4.01
9558,7.1
9558,9.52
9560,6.37
9560,6.64
9560,7.07
9580,14.1
9580,11.29
9583,11.37
9583,6.58
9640,11.77
9640,10.05
9649,7.1
9649,9.94
9650,11.83
9650,11.01
9654,5.32
9654,8.52
9655,9.47
9655,8.11
9657,4.32
9657,7.03
9657,6.03
9671,11.8
9680,7.62
9680,12.04
9680,8.56
9681,9.58
9681,5.12
9684,6.31
9684,13.2
9684,7
9684,5.06
9684,16.51
9721,8.99
9721,5.61
9734,10.02
9734,7.05
9735,5.09
9735,7.2
9738,6.34
9738,10.02
9741,12.98
9741,8.69
9741,12.8
9746,9.68
9746,6.78
9748,7.8
9758,9.47
9758,14.97
9798,6.31
9798,9.03
9816,8.58
9816,15.2
9821,9.68
9821,12.06
9827,7.29
9886,8.56
9886,9.67
9886,8.76
9917,6.19
9917,4.01
9917,6.98
9917,20.14
9917,15.42
9930,13.89
9930,23.5
9932,5.31
9932,7.29
9947,10.45
9947,10.6
9981,7.88
9981,12.57
9983,6.38
9985,6.66
9987,25.7
9987,13.04
9991,4.76
9991,10.24
9996,5.52
9996,7.88
9996,7.08
9996,5.41
10444,11.72
10444,19.98
10444,17.39
10444,10.93
10444,9.86
10520,7.14
10520,12.46
10520,12.5
10520,27.13
10520,6.89
10520,12.05
10520,8.72
10520,15.68
10520,9.4
10520,12.65
10520,17.16
10520,18.59
10520,12.3
10586,16.13
10586,16.4
10586,16.36
10586,17.22
10586,12.55
10586,14.59
10798,15.74
10870,13.45
10870,20.88
10870,20.71
10870,19.5
10870,20.56
10915,5.67
10915,14.37
10915,8.41
10915,11.88
10915,16.97
10915,9.93
10915,8.2
10915,5.64
10915,18.76
10915,8.43
10915,4.55
10965,8.69
10965,8.41
10999,4.12
10999,3.81
11009,6
11009,5.42
11013,38.78
11013,19.43
11013,15.99
11013,39.48
11013,30.2
11013,10.43
11013,32.89
11049,3.3
11049,6.43
11049,7.95
11112,7.26
11142,7.62
11142,10.93
11142,5.63
11142,6.68
11157,6.07
11157,8.15
11157,7.56
11157,4.56
11179,9.48
11181,8.64
11181,4.85
11186,13.82
11186,9.13
11202,8.24
11202,12.73
11249,18.66
11249,20.87
11249,18.22
11250,7.14
11250,11.69
11250,8.83
11250,10.18
11250,5.28
11250,5.73
11256,29.55
11256,7.16
11256,8.08
11257,5.8
11257,13.39
11257,11.54
11257,4.24
11262,8.17
11262,9.4
11265,10.19
11265,12
11267,14.26
11267,8.52
11267,5.21
11270,7.22
11270,19.17
11271,3.4
11271,6.3
11271,6.56
11336,8.15
11337,9.56
11344,7.73
11346,13.36
11346,9.53
11346,1.6
11346,11.68
11346,13.14
11346,17.11
11346,15.89
11346,7.19
11347,3.35
11347,5.29
11357,7.94
11357,23.94
11357,9.71
11366,9.52
11366,5.04
11371,8.68
11371,8.05
11383,7.09
11383,15.07
11385,7.68
11385,26.96
11385,13.62
11385,7.12
11393,11.74
11393,9.79
11433,9.01
11433,12.66
11433,8.02
11433,5.96
11433,7.68
11438,7.77
11438,8.37
11449,14.13
11449,9.99
11449,8.45
11455,6.31
11456,8.94
11456,12.74
11460,6.99
11466,8.47
11466,4.04
11470,5.69
11503,5.99
11528,5.62
11528,8.12
11528,8.7
11537,8.47
11539,11.46
11539,11.08
11550,7.09
11558,11.59
11575,6.3
11575,5.71
11578,10.16
11578,12.61
11578,9.34
11578,4.89
11587,8.34
11587,9.38
11587,12.48
11602,9.94
11602,8.67
11611,8.71
11645,7.7
11653,25.08
11653,21.63
11654,10.14
11654,9.01
11654,5.38
11658,5.99
11664,12.39
11664,11.51
11668,5.02
11668,7.08
11698,17.05
11698,6.36
11739,10.7
11740,7.83
11740,11.42
11741,15.14
11742,7.32
11742,9.75
11742,13.44
11746,15.21
11746,6.29
11746,9.16
11750,8.67
11750,4.32
11751,10.44
11758,33.24
11758,7.06
11763,9.86
11767,6.09
11767,6.17
11768,4.8
11768,11.62
11768,15.08
11768,7.03
11768,4.3
11768,12.02
11769,7.84
11769,6.8
11798,6.75
11805,11.85
11805,15.62
11808,5.89
11810,9.62
11824,17.24
11824,14.28
11847,10.71
11847,12.82
11847,7.87
11862,4.79
11890,2.68
11890,10.16
11890,5.67
11890,5.06
11890,9.55
11891,9.83
11891,6.38
11894,8.59
11895,6.45
11895,9.18
11899,11.1
11899,19.27
11899,13.62
11900,9.79
11900,5.72
11901,14.56
11901,15.92
11903,18.72
11903,12.18
11903,9.42
11907,19.45
11907,16.38
11907,5.45
11907,6.9
11909,14.05
11957,4.32
11957,9.19
11962,6.28
11967,9.34
11983,6.09
11991,9.33
11991,19.35
11995,7.84
11998,11.01
12000,6.2
12001,3.37
12001,8.23
12009,7.26
12009,6.77
12009,14.51
12015,19.31
12015,17.37
12015,14.29
12015,11.94
12015,6.88
12015,7.77
12015,41
12030,4.48
12030,5.77
12030,7.83
12033,5.38
12033,6.85
12056,5.89
12056,8.51
12072,10.4
12077,9.21
12077,6.21
12081,5.43
12084,9.08
12087,6.97
12087,8.6
12087,21.92
12089,3.46
12089,4.7
12091,6.4
12094,10.8
12100,9.78
12102,8.89
12102,7.16
12120,8.87
12120,9.21
12120,7.32
12127,9.01
12137,4.4
12137,4.06
12151,7.3
12151,6.71
12151,9.11
12161,12.04
12175,7.98
12175,5.45
12177,9.36
12178,8.5
12178,6.69
12178,12.49
12179,9.29
12179,7.35
12180,14.63
12180,7.37
12182,10.75
12185,12.39
12185,5.41
12185,6.36
12185,6.82
12185,10.57
12185,5.92
12185,5.75
12188,16.87
12188,21.37
12195,5.92
12198,19.28
12198,10.96
12201,10.3
12201,11.86
12255,3.35
12255,2.99
12255,4.78
12265,15.88
12265,21.16
12265,6.82
12265,21.26
12265,28.95
12266,11.26
12266,23.95
12266,8.93
12266,13.3
12269,35.67
12269,8
12273,3.75
12273,10.62
12281,7.15
12283,8.89
12283,13.76
12286,6.72
12286,5.35
12291,7
12300,9.14
12300,6.97
12300,7.95
12339,10.55
12339,7.25
12341,3.16
12341,4.13
12342,6.06
12343,8.36
12343,7.37
12345,5.79
12345,5.69
12346,6.09
12346,8.24
12347,12.1
12347,10.49
12347,10.31
12347,16.78
12360,7.51
12380,8.44
12386,14.9
12386,10.29
12390,7.89
12390,6.86
12397,4.53
12397,5.81
12404,8.45
12404,13.07
12409,7.02
12410,5.03
12425,8.21
12427,7.63
12427,8.11
12465,18.14
12465,13.36
12465,19.8
12465,11.46
12471,4.61
12471,7.78
12471,6.08
12472,9.19
12472,15.02
12520,6.72
12520,6.48
12520,8.52
12529,14.8
12550,3.53
12550,13.02
12552,4.25
12552,6.43
12562,7.41
12562,9.19
12562,5.25
12562,9.26
12573,10.89
12583,7.2
12583,7.4
12587,10.01
12587,12.47
12589,6
12589,8.09
12590,5.77
12590,5.49
12590,3.59
12617,9
12634,8.94
12645,9.84
12649,8.82
12663,7.91
12663,10.21
12671,10.62
12671,15.21
12672,9.2
12672,7.34
12674,16.36
12674,14.31
12686,10.43
12686,19.13
12694,10.89
12694,11.28
12747,8.59
12747,8.21
12747,15.59
12747,5.11
12747,7.69
12754,5.08
12761,8.45
12761,11.22
12761,10.58
12761,9.35
12766,7.88
12766,4.76
12780,9.93
12780,14.57
12789,11.22
12789,9.43
12790,8.94
12790,4.36
12790,7.92
12794,9.98
12794,6.4
12795,11.41
12795,17.76
12795,20.51
12795,16.2
12795,9.09
12832,8.01
12832,6.98
12849,9.41
12849,10.98
12849,8.04
12852,8.46
12859,5.66
12859,10.71
12859,7.83
12859,7.95
12859,8.52
12863,6.13
12866,5.12
12869,18.71
12869,14.21
12869,20.68
12869,15.69
12883,9.45
12883,14.61
12889,8.08
12889,8.83
12889,9.28
12893,11
12893,27.93
12893,22
12895,13.1
12895,19.45
12895,18.16
12910,9.71
12910,7.19
12910,25.02
12910,14.03
12922,10.49
12941,11.51
12944,8.38
12944,14.02
12944,8.5
12944,13.84
12944,10.96
12949,10.11
12951,5.05
12951,12.88
12954,7.65
12954,4.85
12954,1.67
12957,6.22
12957,8.71
12972,16.49
12972,4.92
12974,8.09
12974,7.33
12976,6.04
12976,7.6
12976,13.38
12983,9.72
12996,7.57
12996,11.66
12997,12.48
12998,7.26
12998,15.36
13006,12.72
13007,7.2
13007,6.13
13012,8.4
13012,6.16
13013,13.66
13013,4.29
13018,9.22
13018,10.63
13018,10.84
13020,7.08
13053,7.41
13073,11.25
13073,5.49
13076,9.6
13076,6.6
13080,6.23
13080,8.17
13080,8.65
13084,8.81
13084,11.27
13091,8.04
13091,16.76
13157,12.44
13157,9.27
13157,13.22
13172,6.89
13172,10.28
13175,11.27
13176,7.81
13176,4.54
13176,7.8
13176,3
13176,8.92
13176,9.59
13176,7.95
13177,4.83
13177,5.29
13178,17.33
13178,10.91
13182,8.77
13184,7.58
13184,11.62
13188,6.51
13188,6.62
13192,5.21
13192,8.17
13201,4.13
13226,14.67
13238,8.53
13238,8.23
13267,7.71
13274,12.44
13274,14.84
13276,9.88
13276,8.74
13276,16.14
13293,16.06
13299,11.11
13299,15.17
13299,6.43
13311,5.54
13311,3
13311,3.41
13377,9.13
13377,14.21
13380,12.54
13380,13.17
13384,8.54
13384,6.4
13385,9.2
13385,9.44
13393,6.36
13393,7.14
13394,7.91
13394,7.51
13394,16.49
13401,9.29
13405,5.63
13405,6.05
13405,3.26
13414,10.83
13415,13.72
13415,8.16
13452,7.24
13452,10.87
13452,7
13458,16.62
13458,9.49
13476,8.48
13476,12.15
13479,8.8
13479,7.95
13486,5.18
13486,3.98
13487,13.48
13487,10.92
13496,8.1
13496,9.4
13497,7.65
13497,14.25
13504,9.57
13504,9.14
13504,7.47
13540,6.45
13540,4.3
13554,4.75
13554,8.61
13568,7.36
13568,14.2
13587,9.91
13587,9.84
13587,6.29
13625,12.56
13625,7.33
13628,5.47
13628,4.82
13633,4.06
13633,8.61
13661,4.12
13665,7.35
13668,7.1
13694,11.89
13694,6.11
13700,9.06
13700,6.27
13798,7.5
13798,6.38
13798,10.95
13801,8.46
13804,10.1
13813,4.35
13813,5.96
13815,7.45
13815,3.01
13815,6.43
13906,5.58
13909,5.22
13920,7.51
13921,7.88
13921,7.42
13929,12.83
13929,15.02
14207,7.85
12682,7.65
12682,16.49
12682,9.03
12682,12.03
13272,9.98
13272,10.6
13272,9.15
13272,13.77
13272,30.79
13272,5.78
13272,17.15
13272,13.43
13272,17.76
13272,6.11
13272,18.4
13403,10.16
13403,10.45
13403,14.88
13403,14.83
13403,9.13
13403,13.45
13403,14.49
13410,15.3
13410,11.87
13410,15.99
13453,10.4
13453,5.25
13472,9.45
13472,7.59
13472,8.49
13550,4.78
13550,8.99
13550,7.95
13550,13.63
13550,7.62
13557,10.99
13557,9.62
13557,12.49
13557,16.87
13557,10.12
13557,13.59
13557,7.1
13561,9.91
13561,4.68
13561,7.01
13591,8.7
13591,17.74
13591,9.03
13631,5.01
13631,8.69
13636,6.39
13636,5.89
13636,8.56
13639,8.95
13639,8.32
13639,7.75
13641,5.72
13641,4.71
13642,6.62
13642,10.37
13698,11.81
13698,10.17
13698,7.8
13698,10.02
13698,8.13
13702,8.64
13702,9.2
13702,13.99
13770,8.63
13770,5.21
13792,12.59
13792,6.66
13806,13.1
13806,9.83
13808,16.9
13808,14.65
13808,4.08
13818,10.72
13818,10.9
13818,8.34
13859,8.94
13859,8.13
13859,7.77
13859,8.28
13859,4.59
13866,5.71
13879,7.01
13879,3.64
13897,9.35
13904,8.97
13904,10.03
13910,11.42
13910,11.46
13912,5.56
13912,5.08
13923,6.78
13923,5.82
13923,5.51
13926,7.56
13926,4.32
13926,6.25
13930,8.11
13930,6.05
13930,6.33
13931,11.08
13931,4.39
14008,4.23
14008,6.15
14010,7.12
14010,5.5
14010,6.87
14012,4.84
14012,6.9
14017,6
14019,12.02
14019,7.87
14021,7.78
14021,9.26
14021,7.38
14029,13.69
14029,13.23
14029,12.55
14030,5.06
14030,4.02
14033,10.02
14033,14
14033,3.67
14033,12.87
14033,13.01
14037,6.35
14079,7.81
14079,4.63
14093,20.37
14093,8.71
14112,6.67
14112,11.43
14115,4.37
14115,13.17
14115,6.47
14122,6.15
14122,6.51
14125,6.91
14125,11.27
14141,8.26
14141,4.94
14179,7.19
14184,5.71
14184,6.56
14185,6.59
14185,5.03
14185,5.93
14185,5.75
14185,10.81
14185,6.16
14186,9.69
14186,6.26
14188,10.81
14193,12
14193,6.74
14195,10.41
14195,9.42
14199,5.81
14199,10.29
14208,10.35
14210,8.24
14210,5.72
14211,6.31
14211,7.67
14219,5.56
14219,10.37
14219,8.98
14219,11.06
14241,8.15
14250,4.78
14250,11.29
14250,10.24
14256,5.83
14256,8.31
14256,3.3
14260,7.14
14260,6.47
14260,4.88
14262,7.06
14284,9.07
14284,5.6
14284,8.92
14284,5.03
14314,8.97
14314,12.32
14316,6.43
14316,5.04
14316,3.93
14317,10.21
14317,6.65
14324,5.62
14324,5.79
14325,11.17
14325,4.99
14327,9.4
14339,4.34
14339,5.82
14339,7.19
14339,4.3
14340,12.05
14341,6.32
14341,17.29
14341,6.05
14341,3.8
14403,8.5
14410,20.49
14410,11.44
14416,6.52
14416,4.51
14419,10.44
14423,4.75
14423,3.74
14424,9.81
14424,8.71
14428,11.33
14428,6.76
14429,8.73
14430,7.18
14434,6.23
14435,8.99
14435,16.87
14443,5.6
14443,1.41
14447,7.19
14448,10.46
14448,5.32
14464,15.25
14464,13.19
14464,15.78
14464,14.38
14464,12.35
14464,10.67
14464,11.59
14493,4.39
14493,7.25
14493,6.85
14496,4.09
14504,7.28
14527,6.27
14529,5.53
14529,5.37
14531,22.01
14531,23.56
14531,17.48
14531,23.34
14531,16.67
14539,6.17
14541,2.54
14541,5.43
14544,7.17
14544,5.76
14547,13.28
14547,7.97
14550,12.46
14551,9.23
14551,10.28
14551,6.75
14554,9.23
14554,8.38
14576,17.89
14576,15.3
14576,15.3
14582,6.43
14601,14.24
14605,4.91
14611,5.59
14611,5.85
14620,3.15
14620,3.42
14620,6.86
14620,4.83
14620,9.51
14624,9.32
14626,9.82
14630,7.13
14630,7.24
14631,7.63
14636,4.88
14644,7.41
14644,13.33
14646,6.94
14649,9.85
14677,5.74
14682,11.95
14682,15.85
14682,15.06
14682,6.57
14682,10.01
14698,12.84
14698,11.15
14698,14.13
14703,7.15
14709,4.69
14772,10.46
14772,7.91
14776,10.97
14776,8.49
14776,11.69
14783,5.66
14784,8.71
14786,8.37
14787,6.85
14787,6.37
14789,5.32
14789,5.51
14796,6.34
14796,14.88
14801,5.05
14801,8.9
14804,10.28
14808,6.66
14819,4.77
14820,9.89
14820,12.33
14820,18.99
14833,11.39
14833,4.86
14835,11.33
14835,5.77
14835,7.67
14836,9.36
14841,8.85
14841,12.11
14846,9.27
14846,11.89
14846,9.61
14846,8.23
14846,7.66
14846,10.46
14846,9.18
14915,6.4
14915,6.85
14915,7.52
14918,6.58
14918,9.38
14918,14.7
14921,10.24
14921,43.49
14921,10.96
14923,9.61
14925,11.92
14926,8.68
14926,5.89
14928,5.26
14932,10.19
14949,9.03
14949,5.21
14949,9.26
14977,6.05
14977,5.85
14985,11.23
14985,9.97
15010,9.85
15010,6.07
15017,7.61
15017,5.88
15017,7.82
15023,6.58
15026,7.76
15029,4.47
15035,6.58
15035,8.7
15039,5.14
15039,5.46
15039,8.56
15042,9.22
15042,4.71
15042,7.08
15048,4.62
15052,10.71
15052,4.44
15056,8.28
15056,8.07
15058,13.22
15130,9.88
15134,4.46
15134,5.41
15139,8.46
15139,11.88
15139,16.81
15145,10.07
15150,4.76
15150,7.08
15152,8.62
15152,5.62
15154,9.69
15156,6.61
15156,5.24
15156,16.65
15156,6.02
15158,8.38
15160,8.48
15160,11.18
15160,12.93
15164,6.03
15164,5.35
15164,7.26
15165,8.19
15165,18.45
15165,12.06
15165,16.82
15175,8.63
15175,11.75
15180,8.06
15219,10.47
15241,5.96
15241,6.69
15244,7.83
15245,7.48
15246,6.65
15246,7.19
15247,5.48
15247,5.4
15248,15.15
15248,9.39
15256,7.34
15265,6.99
15265,4.87
15273,11.17
15274,10.81
15274,3.97
15277,10.79
15277,13.91
15277,25.4
15322,9.7
15322,6.45
15329,6.47
15329,4.19
15333,4.39
15333,9.54
15333,6.72
15333,7.1
15338,10.42
15352,5.98
15352,10.53
15357,6.88
15357,13.87
15402,6.51
15411,9.35
15411,3.41
15413,9.41
15413,13.06
15418,14.08
15418,14.72
15424,13.66
15424,11.19
15427,7.03
15427,9.88
15435,5.95
15435,9.38
15442,6.96
15444,4.43
15449,9.01
15449,4.75
15468,8.35
15468,4.91
15468,5.54
15468,8.62
15468,7.4
15471,10.19
15471,4.57
15471,7.93
15476,9.16
15476,5.03
15480,11.07
15480,7.01
15487,20.28
15487,7.37
15489,5.63
15491,12.63
15491,26.48
15491,9.71
15499,6.57
15499,5.67
15499,7.69
15499,8.61
15500,2.81
15500,3.1
15500,5.2
15501,6.61
15501,6.02
15506,8.4
15506,11.62
15506,10.79
15511,6.83
15511,10.23
15513,6.01
15513,5.66
15513,7.79
15513,6.59
15517,5.53
15547,7.2
15547,11.77
15551,10.27
15551,8.68
15555,12.66
15555,8.58
15560,6.76
15560,10.71
15563,4.21
15564,13.02
15565,10.05
15565,11.49
15568,8.1
15570,12.41
15570,13.51
15570,9.54
15573,14.98
15573,9.52
15580,5.26
15580,5.51
15580,22.35
15585,14.67
15585,18.15
15585,14.81
15622,10.43
15645,5.74
15645,5.49
15665,5.8
15665,4.44
15668,8.11
15669,7.88
15669,18.06
15672,8.74
15672,4.36
15674,7.01
15675,10.43
15676,9.95
15676,10.65
15677,8.51
15677,10.42
15677,33.21
15677,10.63
15677,21.54
15677,15.16
15677,11.31
15678,10.92
15678,5.88
15678,7.74
15678,12.49
15683,6.79
15693,8.76
15722,10.83
15722,8.38
15722,5.1
15754,7.79
15754,12.45
15757,5.27
15758,7.61
15758,7.67
15759,4.04
15759,2.08
15765,7.8
15765,7.87
15769,7
15769,8.44
15771,4.08
15771,12.26
15773,12.93
15773,7.3
15773,9.89
15773,15.88
15773,8.86
15783,3.88
15783,4.58
15796,7.19
15796,9.69
15822,9.66
15845,6.7
15845,9.13
15846,3.1
15846,4.3
15846,3.09
15847,6.61
15850,3.59
15850,17.96
15850,12.74
15851,3.73
15851,7.05
15852,7.45
15852,7.2
15856,8.42
15858,10.81
15858,5.54
15860,4.43
15860,11.4
15867,5.1
15867,13.68
15867,9.21
15867,11.91
15934,5.41
15934,9.34
15936,7.9
15943,10.6
15944,10.36
15944,4.48
15945,9.14
15945,10.99
15948,13.99
15951,11.3
15951,2.95
15959,10.22
15966,7.1
15967,8.06
16011,8.88
16014,3.84
16020,10.75
16033,5.56
16035,26.6
16035,23.89
16036,11.13
16036,6.79
16036,9.63
16048,9.47
16064,8.44
16064,5.12
16064,4.34
16086,4.29
16092,12.47
16092,10.82
16095,5.45
16097,5.05
16097,6.53
16100,7.27
16103,7.29
16103,10.87
16105,4.05
16107,6.96
16121,15.54
16153,7.16
16153,7.45
16163,11.14
16163,12.82
16163,13.06
16164,9.32
16165,5.23
16165,4.52
16168,7.92
16171,9.97
16171,5.94
16177,10.04
16181,9.42
16181,8.07
16182,4.37
16183,4.15
16206,6.28
16230,11.43
16245,10.4
16254,9.01
16270,4.84
16272,8.71
16274,8.47
16281,9.14
16281,7.28
16286,11.88
16292,9.38
16356,8.23
16361,10.88
16361,7.43
16364,8.61
16366,11.38
16366,7.98
16367,6.01
16367,7.19
16368,14.64
16397,8.32
16465,24.96
16465,13.22
16468,6.99
16468,12.32
16468,12.7
16470,4.93
16470,5.33
16561,7.45
16561,8.41
16608,3.07
16608,3.44
16608,3.07
16618,5.74
18192,10.39
18192,12.56
18192,8.03
18192,9.29
18192,13.68
18192,19.34
18192,19.35
18192,13.87
18216,9.85
18216,10.12
18216,6.24
18216,9.51
18479,5.89
18479,8.92
18479,14.64
18479,20.21
18479,16.26
18479,23.25
18791,7.2
18791,5.78
18791,6.15
18816,10.08
18816,10.8
18816,10.13
18816,4.74
18835,17.54
18835,17.38
18835,6.37
18835,22.81
18915,6.95
18915,15.14
18999,5.87
18999,6.4
18999,9.18
18999,9.67
19012,2.95
19012,5.47
19012,2.8
19012,8.36
19012,4.08
19121,12.17
19121,9.39
19121,7.49
19147,6.73
19147,9.36
19151,6.66
19158,14.58
19158,11.7
19210,10.49
19210,17.57
19210,14.45
19221,31.56
19221,23.01
19221,17.97
19221,26.25
19221,23.36
19221,26.62
19324,5.94
19324,3.13
19328,4.73
19328,9.57
19329,5.83
19329,3.42
19333,13.87
19333,9.99
19383,16.39
19383,17.56
19383,12.62
19383,10.93
19401,4.37
19401,6.99
19414,7.78
19414,9.35
19415,6.67
19415,8.12
19423,8.15
19423,8.93
19425,13.24
19425,5.74
19436,7
19436,6.9
19439,12.39
19439,7.63
19461,10.05
19461,14.96
19478,8.18
19492,9.47
19492,11.88
19492,10.09
19538,5.76
19541,6.25
19541,8.48
19552,25.51
19552,19.76
19552,26.36
19553,12.24
19553,11.3
19560,7.97
19571,3.49
19571,9.39
19574,6.88
19574,10.13
19574,10.18
19574,11.69
19574,6.64
19574,13.12
19574,7.83
19574,9.38
19574,9.2
19611,12.13
19611,15.16
19620,12.83
19620,10.94
19623,13.55
19623,16.2
19623,15.21
19623,9.37
19632,7.49
19632,7.3
19640,4.4
19645,8.83
19645,6.45
19645,4.28
19654,10.24
19657,4.84
19657,7.39
19657,4.55
19657,3.64
19659,10.75
19659,9.75
19659,9.2
19661,3.78
19661,2.26
19661,4.7
19663,12.08
19663,11.66
19663,6.16
19664,11.47
19664,15.91
19664,10.72
19669,7.54
19672,8.91
19672,8.31
19675,10.42
19675,10.08
19684,7.27
19726,13.43
19726,16.74
19726,13.52
19731,8.62
19731,4.57
19731,12.33
19739,5.6
19739,4.87
19739,6.26
19742,16.35
19742,6.92
19742,10.68
19742,10.24
19743,7.07
19743,5.59
19743,5.06
19744,11.92
19744,5.96
19752,4.31
19756,10.84
19768,5.8
19768,5.64
19770,6.65
19770,5.98
19773,7.17
19773,8.04
19778,7.74
19778,16.97
19778,10.26
19785,3.67
19785,4.24
19785,3.42
19798,7.61
19798,9.21
19802,7.73
19802,3.35
19803,10.67
19803,6.9
19803,4.43
19803,8.14
19803,4.73
19808,7.02
19808,9.22
19809,5.54
19809,5.58
19811,5.55
19823,5.94
19823,7.34
19827,12.42
19827,5.83
19868,6.84
19873,6.39
19880,8.73
19880,11.15
19881,12.07
19881,10.21
19881,22.02
19887,8.28
19891,11.93
19980,5.3
19994,8.14
20000,7.56
20000,8.23
20000,7.95
20008,13.19
20008,4.04
20009,8.03
20011,6.67
20011,7.76
20012,5.94
20012,11.62
20020,10.63
20020,21.59
20020,11.4
20024,14.89
20024,8.84
20025,10.09
20026,9.05
20026,6.98
20033,13.76
20033,19.99
20033,17.44
20033,11.59
20033,18.79
20041,3.64
20041,4.72
20044,6.4
20044,6.5
20044,6.41
20046,10.52
20046,10.57
20077,19.18
20077,9.95
20102,4.06
20102,6.38
20102,7.71
20102,5.93
20111,9.62
20130,13.01
20130,7.42
20130,7.51
20130,6.24
20130,8.12
20130,5.13
20132,5.73
20140,12.06
20140,8.1
20141,9.27
20141,6.97
20142,11.17
20142,10.47
20142,18.94
20142,7.51
20147,10.58
20147,17.64
20158,6.05
20158,15.22
20160,6.95
20161,4.92
20176,9.42
20176,6.43
20176,7.04
20191,13.55
20191,11.42
20229,3.98
20229,6.12
20247,1.65
20247,4.15
20247,2.43
20255,4.11
20263,5.71
20263,2.6
20263,3.46
20264,3.46
20264,4.37
20265,10.1
20265,5.01
20282,11.97
20282,8.36
20282,8.48
20284,7.29
20284,6.76
20290,11.72
20290,7.32
20290,10.3
20355,5.23
20355,11.3
20358,8.29
20358,6.92
20362,6.89
20362,4.99
20375,7.95
20378,9.65
20387,5.5
20387,8.12
20387,7.68
20387,6.58
20393,5.77
20393,8.8
20393,5.39
20395,12.73
20395,9.88
20397,6.82
20403,5
20410,9.51
20474,10.53
20474,6.78
20478,10.91
20479,6.92
20482,7.61
20484,3.2
20484,1.71
20484,4.07
20484,4.4
20485,2.1
20485,3.79
20486,8.13
20486,6.43
20489,9.84
20489,6.67
20489,4.32
20492,9.19
20492,7.46
20492,9.19
20495,4.92
20495,5.98
20505,6.75
20505,7.86
20509,8.75
20516,8.88
20516,6.12
20517,5.77
20554,6.27
20554,9.69
20554,10.53
20557,13.35
20561,10.32
20561,6.27
20561,12.59
20561,6.87
20564,7.55
20564,3.47
20564,4.79
20566,7.67
20569,13.52
20569,6.04
20572,11.12
20572,8.66
20573,6.34
20573,9.44
20576,9.5
20576,5.63
20576,6.22
20576,15.56
20578,8.81
20579,14.57
20579,6.49
20583,6.65
20583,7.25
20583,8.63
20616,20.15
20616,7.98
20623,5.3
20624,7.32
20627,3.51
20627,12.78
20629,15.22
20629,6.45
20633,7.76
20635,11.54
20637,15.84
20637,11.18
20746,12.95
20746,11.93
20746,16.58
20750,15.25
20750,5.55
20751,9.12
20751,22.33
20751,15.97
20752,13.74
20752,23.19
20765,12.44
20772,24.3
20791,4.6
20870,10.08
20870,11.07
20870,12.03
20873,11.69
20874,6.33
20874,8.58
20880,5.19
20880,6.32
20882,8.01
20882,6.64
20883,6.32
20883,10.8
20886,8.08
20886,3.55
20886,4.1
20889,7.9
20889,7.81
20891,3.87
20891,6.5
20896,5.99
20896,8.27
20899,8.96
20901,14.5
20901,10.53
20901,13.52
20914,5.62
20914,9.65
20915,11.31
20915,6.99
20923,9.67
20923,8.32
20958,15.51
20958,18.61
20958,18.16
20987,4.82
20987,5.44
20989,4.2
20990,3.1
20990,4.79
20990,3.93
20993,5.87
20993,5.35
20993,8.95
20997,9.99
20997,6.81
21003,6.72
21003,5.48
21006,6.01
21006,6.99
21013,9.04
21013,8.99
21013,9.69
21020,8.34
21020,8.71
21020,10.34
21060,9.33
21060,9.3
21060,5.5
21073,4.85
21073,5.89
21073,3.4
21073,7.12
21073,12.23
21073,5.7
21080,8.46
21080,12.78
21082,8.34
21083,8.9
21083,13.26
21098,15.1
21098,11.42
21098,12.54
21108,6.97
21111,8.51
21113,6.24
21113,7.37
21121,15.77
21123,5.61
21127,7.11
21127,4.53
21128,16.43
21128,11.29
21128,17.1
21132,4.57
21132,4.75
21136,8.68
21136,11.14
21161,5.42
21168,11.79
21174,3.91
21174,5.36
21179,7.76
21179,17.39
21179,30.1
21180,8.29
21180,18.36
21186,13.03
21186,7.92
21186,9.07
21188,4.41
21188,4.35
21191,10.35
21191,12.15
21193,5.14
21193,7.72
21193,7.85
21200,5.97
21200,5.27
21210,9.91
21237,6.13
21243,18.35
21247,5.55
21247,10.7
21250,8.68
21250,18.18
21251,7.73
21252,5.35
21252,8.47
21255,9.15
21255,9.14
21258,19.1
21258,9.64
21271,14.14
21290,5.58
21290,2.74
21290,7.04
21294,7.47
21294,6.3
21294,5.05
21294,4.84
21294,2.92
21305,12.9
21305,9.69
21310,8.38
21311,7.1
21311,4.88
21311,9.82
21312,2.75
21312,9.61
21314,11.47
21314,13.57
21317,12.51
21328,7.25
21328,5.94
21328,10.69
21355,10.99
21361,8.12
21364,8.65
21364,6.03
21366,4.28
21367,9.41
21368,12.38
21368,2.47
21368,9.99
21371,4.4
21371,3.14
21372,10.75
21372,12.87
21377,6.96
21387,8.72
21387,9.35
21387,6.71
21390,10.04
21390,10.86
21391,9.61
21391,6.66
21394,5.21
21394,10.19
21394,7.01
21394,9.83
21395,7.02
21396,2.95
21396,9.46
21396,3.79
21396,2.62
21399,12.92
21399,13.68
21399,14.06
21410,12.61
21410,10.79
21417,9.17
21417,4.15
21421,4.24
21424,9.56
21425,10.08
21425,6.71
21434,5.23
21434,7.42
21435,6.02
21435,7.28
21441,11.73
21450,6.67
21450,4.27
21453,5.15
21453,5.28
21454,14.78
21454,8.23
21454,15.8
21454,7.7
21457,4.52
21457,10.11
21464,6.67
21464,5.64
21469,6
21469,10.57
21472,3.28
21473,6.45
21473,7.11
21478,5.09
21478,7.63
21479,6.39
21480,7.33
21482,19.51
21482,11.21
21485,10.75
21496,5.38
21498,12.12
21498,12.59
21505,11.19
21505,12.12
21506,11.26
21506,11.87
21506,9.44
21513,3.29
21513,8.25
21517,9.99
21517,8.81
21535,14.47
21535,5.62
21560,6.94
21567,10
21575,11.22
21589,5.94
21591,9.97
21612,17.69
21615,9.91
21626,11.85
21626,8.43
21628,15.79
21628,24.7
21782,7.91
21870,10.02
21902,13.64
21915,6.52
21933,7.37
21370,24.97
21370,17.83
21370,24.95
21370,18.65
21370,18.63
21370,15.37
21370,12.39
21370,18.47
21370,25.86
21370,31.01
21370,34.26
21370,25.54
21370,51.08
21370,17.21
21414,5.35
21414,3.89
21414,7.01
21415,3.2
21415,12.12
21415,8.39
21415,5.89
21415,8.37
21415,27.83
21415,2.69
21415,1.98
21415,1.51
21415,2.23
21452,11.04
21452,9.38
21452,10.85
21463,7.3
21463,9.71
21463,13.07
21463,9.4
21463,9.62
21463,15.92
21474,9.5
21474,9.37
21474,6.1
21504,8.06
21504,8.37
21548,10.08
21548,18.93
21548,9.86
21548,33.48
21555,11.76
21555,13.68
21555,40.26
21555,24.8
21555,13.04
21555,38.87
21555,11.92
21555,13.5
21555,23.14
21555,34.27
21555,7.27
21555,23.69
21555,11.66
21555,28.68
21556,10.77
21556,6.26
21565,21.52
21565,17.82
21565,22.51
21576,6.28
21576,4.85
21576,5.78
21576,10.73
21576,2.66
21580,5.96
21590,6.39
21593,7.16
21593,6.2
21593,5.66
21593,7.89
21593,7.29
21593,9.6
21613,5.09
21613,6.66
21617,29.86
21617,14.36
21617,11.82
21639,8.84
21639,7.9
21639,6.26
21639,10.07
21657,14.91
21657,7.13
21657,10.59
21657,6.41
21691,5.87
21691,7.36
21691,13.14
21693,14.72
21693,9.07
21704,7.96
21704,5.51
21706,27.68
21706,16.99
21706,12.52
21708,8.92
21708,11.26
21708,34.56
21708,18.03
21711,8.87
21711,13.63
21711,8.5
21711,5.81
21716,5.44
21716,4.45
21719,9.41
21719,11.54
21719,12.01
21725,9.42
21725,9.55
21769,14.99
21769,10.89
21787,8.4
21787,11.5
21788,4.9
21788,6.07
21791,4.14
21791,5.45
21799,31.45
21799,31.5
21803,6.25
21803,5.93
21808,10.86
21808,8.67
21810,12.42
21810,6.5
21810,6.77
21810,4.49
21825,9.96
21825,10.85
21825,8.47
21833,7.07
21833,12.04
21834,3.97
21834,11.72
21860,13.19
21860,8.73
21900,16.34
21900,13.99
21900,13.16
21918,10.97
21918,5.6
21928,8.69
21937,7.3
21937,7.58
21938,10.8
21938,5.37
21938,6.29
21940,7.04
21940,12.83
21959,8.01
21959,8.57
21962,7.13
21962,7.08
21977,11.07
21977,18.36
21978,5.9
21978,12.32
21978,5.72
21979,10.53
21979,7.56
21980,10.66
21985,8.5
21985,5.85
22001,4.51
22001,5.21
22003,14.52
22003,11.35
22015,4.37
22015,3.5
22021,11.86
22021,11.76
22022,8.18
22022,7.91
22023,6.05
22023,5.52
22023,7.81
22023,5.77
22027,9.41
22027,9.13
22027,6.34
22030,10.3
22030,11.13
22040,11.26
22040,9.21
22040,8.39
22040,10.87
22055,7.91
22061,5.66
22061,7.6
22062,16.77
22062,6.53
22062,7.6
22067,15.26
22067,9.95
22067,12.17
22077,12.51
22077,5.96
22078,6.7
22078,9.4
22078,23.01
22081,10.05
22082,2.82
22082,3.14
22095,8.04
22095,5.23
22095,5.87
22103,20.28
22103,12.41
22103,20.37
22121,10.6
22131,13.81
22131,10.73
22132,13.03
22132,8.68
22132,16.78
22156,9.99
22156,10.27
22168,6.95
22168,8.83
22168,9.18
22168,3.06
22168,6.87
22182,8.79
22182,8.26
22182,7.82
22182,3.89
22204,33.89
22204,14.33
22204,7.03
22214,10.5
22224,9.45
22227,7.74
22227,3.57
22227,5.13
22238,8.76
22238,11.54
22238,27.27
22242,9.44
22257,5.45
22257,11.52
22257,7.58
22257,7.75
22262,9.13
22269,3.44
22269,3.9
22270,11.01
22270,6.15
22271,8.91
22273,6.26
22275,10.63
22275,37.42
22347,12.42
22354,7.49
22354,17.79
22354,20.87
22354,13.44
22355,10.71
22355,7.11
22361,6.7
22361,13.75
22361,11.91
22362,7.93
22375,10.16
22379,7.04
22379,7.4
22379,21.6
22380,5.23
22382,19.48
22382,11.96
22451,11.63
22451,15.22
22454,5.4
22454,5.03
22454,8.3
22468,9.6
22468,8.59
22469,10.27
22469,11.33
22469,8.42
22474,8.92
22474,11.35
22523,8.88
22523,10.16
22529,6.95
22534,16.64
22534,12
22536,8.84
22536,4.62
22536,6.02
22537,3.53
22537,5.03
22548,5.26
22556,10.72
22556,25.72
22593,5.7
22611,8.74
22619,6.09
22619,10.19
22625,16.55
22625,6.89
22626,19.92
22626,9.52
22626,16.06
22634,13.38
22634,3.56
22640,10.96
22640,9.22
22641,21.76
22641,12.16
22644,7.71
22651,13.76
22651,9.53
22674,10.46
22674,11.14
22683,16.31
22683,21.09
22687,22.4
22687,25.01
22687,25.69
22687,17.89
22698,6.27
22703,11.29
22703,11.57
22703,9.9
22703,8.09
22706,7.49
22706,16.04
22706,6.18
22708,19.54
22708,7.76
22711,11.17
22711,6.24
22730,19.56
22730,10.85
22731,14.59
22734,8.12
22736,9.71
22738,15.42
22738,11.88
22740,6.1
22740,5.56
22741,3.78
22742,14.39
22749,24.06
22749,5.91
22749,6.38
22751,4.64
22762,4.53
22762,12.9
22765,10.52
22765,17.72
22768,4.91
22783,11.37
22783,4.83
22783,10.71
22810,7.24
22810,11.03
22818,10.24
22818,10.18
22822,6.48
22822,6.11
22836,16.31
22836,15.48
22845,5.58
22845,5.46
22853,7.78
22853,8.97
22855,9.56
22855,10.01
22860,5.85
22864,7.99
22871,14.13
22871,17.24
22871,11.64
22871,15.46
22872,6.44
22877,7.84
22877,7.44
22877,9.85
22882,3.83
22882,4.83
22909,12.08
22909,7.84
22912,6.53
22921,10.51
22921,7.41
22921,21.67
22925,5.14
22925,5.27
22945,17.28
22955,6.74
22959,5.62
22959,5.59
22961,8.22
22961,24.05
22961,7.82
22962,7.31
22962,12.23
22963,11.59
22963,6.8
22976,5.15
22976,4.78
22980,12.77
22980,13.57
22980,13.66
22983,8.48
23034,7.22
23034,9.01
23037,16.99
23037,15.25
23037,17.89
23038,7.77
23038,7.77
23038,8.34
23046,14.29
23046,17.19
23046,15.5
23046,14.12
23046,16.97
23046,8.51
23048,11.89
23051,6.27
23051,9.63
23052,3.05
23052,11.35
23052,5.01
23052,7.23
23057,12.75
23057,10.77
23061,7.14
23061,7.5
23073,6.81
23074,6.12
23074,4.61
23075,9.62
23075,3.55
23080,7.66
23089,8.33
23122,6.42
23122,6.53
23152,4.48
23152,4.17
23152,13.53
23153,3.17
23153,13.34
23157,10.02
23163,12.62
23173,7.82
23173,11.82
23173,5.83
23173,7.57
23193,9.45
23193,7.32
23195,6.14
23195,8.77
23195,12.01
23216,14.02
23216,5.87
23218,5.44
23218,9.51
23218,9.14
23219,14.39
23219,9.85
23220,7.38
23220,9.22
23222,3.23
23222,3.31
23238,11.48
23238,5.37
23251,11.35
23251,8.69
23252,7.58
23252,5.52
23253,8.41
23253,12.57
23253,8.36
23253,6.85
23253,5.28
23258,9.45
23258,12.11
23267,7.43
23267,9.73
23270,11.62
23270,2.39
23270,10.69
23284,4.77
23284,4.13
23284,5.18
23289,12.36
23289,12.03
23292,8.53
23292,13.53
23292,10.74
23294,5.74
23294,13.66
23294,6.82
23297,12.64
23297,6.19
23297,10.05
23297,9.84
23300,8.57
23300,8.59
23334,15.44
23334,11.69
23341,16.55
23341,7.52
23341,11.36
23345,12.62
23345,6.85
23345,7.92
23347,18.46
23347,36.59
23347,19.21
23347,13.47
23347,6.82
23347,14.52
23367,6.51
23403,7.87
23403,6.71
23403,18.52
23403,27.02
23421,12.27
23421,6.28
23424,7.67
23424,18.78
23425,10.12
23425,14.17
23425,9.54
23430,6.7
23442,7.92
23442,9.14
23452,3.83
23452,10.64
23452,10.22
23457,6.79
23459,7.74
23462,9.25
23462,10.17
23462,7.14
23464,7.27
23469,17.13
23469,7.51
23469,6.47
23470,7
23471,8.94
23491,17.53
23492,8.21
23493,18.12
23551,9.83
23551,9.1
23557,11.05
23557,12.87
23557,11.93
23566,16.02
23566,9.61
23567,4.58
23577,3.18
23577,7.23
23582,7.45
23591,10.08
23591,9.28
23593,16.97
23593,7.56
23595,16.29
23595,8.63
23595,12.22
23595,21.55
23596,6.32
23596,11.19
23596,7.82
23657,12.75
23657,8.22
23660,9.45
23670,24.68
23670,5.74
23670,6.47
23673,12.68
23673,15.69
23673,9.38
23675,13.57
23675,10.14
23680,11.17
23681,18.4
23681,8.99
23696,28.03
23696,14.62
23747,8.2
23747,8.39
23752,7.86
23752,4.78
23762,7.04
23762,18.2
23776,19.7
23776,4.84
23787,6.71
23787,5.96
23808,11.63
23810,5.62
23810,7.22
23816,5.69
23816,9.16
23818,6.46
23835,7.84
23835,9.96
23835,11.79
23844,8.27
23844,7.76
23854,14.3
23855,11.27
23858,7.89
23860,8.13
23860,9.84
23860,5.65
23860,6.8
23860,20.97
23864,7.49
23865,8.32
23865,7.12
23869,19.37
23869,13
23869,13.39
23873,8.59
23879,3.8
23879,4.32
23880,10.14
23889,14.46
23889,15.84
23890,5.92
23890,7.91
23892,30.38
23892,10.5
23892,19.08
23903,17.96
23903,11.87
23928,10.77
23928,7.32
23931,7.5
23931,3.97
23932,8.56
23932,5.89
23934,8.44
23936,6.44
23936,7.01
23952,10.41
23952,4.89
23958,6.31
23958,7.52
23958,8.93
23963,4.01
23963,2.86
23964,8.39
24007,8.16
24007,6.28
24007,18.71
24037,10.6
24037,10.71
24040,11.91
24053,18.81
24056,13.93
24056,9.44
24057,9.99
24057,13.52
24062,4.8
24062,4.19
24066,3.57
24066,3.85
24090,8.23
24094,7.46
24094,7.55
24094,18.39
24094,20.96
24158,5
24162,12.77
24162,6.89
24162,8.61
24168,6.47
24168,8.66
24194,8.26
24194,3.49
24247,8.83
24247,8.05
24268,4.52
24268,4.07
24345,4.91
24388,7.29
24426,6.14
24467,4.75
24512,9.94
24515,5.74
24547,8.89
23692,7.57
23692,8.59
23692,7.14
23692,6.65
23692,5.98
23757,18.16
23757,18.26
23757,17.69
23757,24.81
23896,20.41
23896,27.33
23896,27.01
23896,24.47
23900,7.31
24096,6.13
24096,10.79
24096,4.27
24096,16.17
24156,9.7
24156,9.01
24156,10.01
24156,5.25
24156,10.13
24156,6.96
24156,6.06
24156,7.46
24156,15.04
24161,7.18
24161,7.6
24161,6.31
24161,9.11
24177,14.8
24177,13.92
24188,9.52
24188,7.25
24220,11.86
24220,18.7
24220,14.73
24313,7.92
24313,6.29
24330,8.08
24330,13.11
24339,6.92
24340,4.47
24340,8.81
24340,7
24350,25.7
24350,29.85
24350,30.57
24358,10.39
24358,10.02
24358,6.26
24374,6.33
24374,7.05
24375,6.13
24375,7.08
24385,10.57
24387,6.01
24387,5.91
24389,8.65
24390,6.83
24391,6.37
24391,11.61
24393,9.47
24393,3.62
24395,8.93
24395,11.7
24419,9.67
24419,8.76
24432,8.28
24437,12.71
24438,9.8
24438,10.74
24438,7.02
24449,6.53
24449,17.52
24449,5.12
24465,9.2
24465,9.54
24475,9.85
24475,5.94
24475,9.01
24494,7.53
24504,8.64
24513,8.19
24513,5.89
24522,8.45
24525,10.41
24525,11.4
24540,10.02
24540,9.37
24540,8.15
24540,7.58
24540,16.88
24540,5.86
24551,8.27
24551,9.13
24551,2.99
24553,21.24
24553,5.15
24558,5.97
24558,5.75
24561,6.95
24561,8.94
24566,11.65
24566,9.23
24566,8.73
24567,9.02
24567,5.47
24568,4.51
24568,4.43
24597,7.26
24597,5.98
24603,8.37
24612,4.33
24639,10.53
24639,8.99
24639,6.34
24639,6.17
24646,5
24646,4.43
24648,7.54
24652,4.97
24653,10.46
24653,7.31
24655,11.87
24661,6.76
24670,6.86
24670,9.77
24670,5.75
24670,11.89
24670,13.16
24675,9.67
24675,14.25
24676,10.33
24676,9.26
24720,12.06
24720,7.57
24720,11.84
24739,11.02
24739,5.88
24739,17.23
24741,10.21
24741,8.84
24742,15.5
24742,7.74
24742,5.74
24742,9.43
24751,7.32
24752,21.77
24752,17.14
24759,5.87
24760,7.58
24760,7.77
24763,5.73
24763,8.77
24763,5.49
24766,5.94
24766,11.03
24774,9.95
24774,3.47
24778,7.19
24778,4.1
24784,16.71
24784,12.16
24784,11.35
24784,14.94
24786,6.49
24847,7.12
24849,9.5
24851,7.81
24857,11.36
24857,8.39
24857,11.86
24857,8.18
24864,13.01
24864,18.02
24865,13.54
24869,10.42
24872,6.96
24883,8.91
24883,17.18
24884,18.6
24884,5.63
24884,17.47
24884,15.66
24887,12.05
24893,10.72
24893,4.96
24914,13.08
24914,11.8
24914,10.03
24936,9.06
24966,3.94
24966,3.7
24970,8.26
24970,12.54
24978,4.58
24978,4.45
24988,8.66
24988,9.45
24988,7
24992,5.2
24993,9.27
24997,9.45
25009,11.8
25009,10.95
25009,9.67
25021,5.79
25021,2.44
25027,10.41
25027,12.48
25033,8.67
25033,8.51
25033,4.41
25042,10.52
25042,12.63
25043,12.19
25043,5.04
25050,10.74
25050,3.83
25054,7.67
25061,32.74
25061,34.57
25061,43.91
25061,26.12
25061,19.76
25061,19.27
25061,29.16
25061,25.04
25063,9.22
25063,15.93
25069,6.87
25069,4.65
25075,6.38
25078,4.85
25078,5.26
25078,8.88
25081,7.6
25084,7.19
25084,8.63
25089,4.87
25112,5.65
25112,11.34
25113,3.77
25113,7.48
25114,11.31
25114,11.45
25116,11.76
25116,5.55
25122,9.05
25122,3.55
25124,10.73
25134,21.36
25138,10.4
25138,4.86
25138,4.73
25138,5.12
25138,4.87
25140,11.25
25140,7.62
25143,7.11
25143,9.06
25143,8.39
25148,8.38
25159,12.72
25159,16.22
25172,26.7
25172,9.22
25172,8.27
25204,5.23
25204,6.35
25204,3.67
25214,9.33
25214,5.81
25214,17.95
25214,8.4
25218,6.4
25220,8.68
25220,12.15
25228,3.79
25228,5.37
25235,8.58
25244,14.32
25244,27.35
25244,10.88
25249,5.77
25249,7.81
25250,28.69
25250,10.02
25250,7.62
25250,16.84
25250,10.3
25250,14.79
25252,7.87
25252,6.33
25252,6.78
25253,7.12
25253,5.75
25254,14.72
25254,12.13
25330,13.8
25330,6.41
25330,5.12
25338,12.37
25338,19.12
25338,17
25344,7.25
25347,16.03
25347,9.19
25347,10.66
25351,12.05
25357,21.42
25357,16.52
25357,13.8
25357,23.33
25358,8.38
25364,6.33
25364,9.25
25369,6.95
25372,10.85
25372,13.84
25375,10.09
25375,5.46
25375,16.52
25377,7.98
25384,7.39
25384,8.71
25400,7.7
25400,4.55
25400,4.62
25439,11.29
25451,15.71
25451,8.99
25451,17.99
25451,20.44
25451,21.2
25452,11.57
25453,6.23
25460,5.85
25460,5.19
25460,7.17
25461,7.62
25462,16.17
25462,18.58
25477,12.27
25477,7.72
25477,17.43
25482,6.6
25482,9.31
25489,6.39
25489,5.99
25495,8.84
25495,14.64
25524,8.28
25530,8.12
25530,8.12
25559,8.45
25559,4.96
25575,8.84
25575,13.71
25576,7.14
25576,6.36
25576,16.96
25583,7.05
25583,18.8
25587,10.92
25587,14.52
25590,20.87
25590,9.9
25590,18.08
25590,9.96
25592,6.13
25592,5.72
25593,27.55
25593,13.2
25593,14.82
25593,22.95
25598,11.38
25598,8.17
25598,6.17
25602,8.25
25602,15.47
25602,17.06
25609,6.97
25620,15.56
25620,30.33
25646,4.34
25655,18.17
25655,22.32
25655,4.74
25655,20.36
25686,5.44
25686,4.02
25699,6.83
25699,9.06
25699,10.22
25700,18.9
25700,6.91
25705,9.39
25716,6.69
25719,7.2
25734,9.28
25735,6.03
25735,5.85
25738,3.98
25743,5.91
25743,14.17
25748,4.48
25748,6.41
25749,6.88
25749,6.92
25764,14.22
25764,8.35
25782,9.89
25782,5.71
25782,5.68
25782,9.21
25782,5.19
25785,7.84
25791,9.24
25791,7.09
25792,9.22
25796,13.17
25796,18.19
25796,17.41
25796,7.01
25798,6.46
25798,8.51
25799,22.85
25799,9.16
25799,8
25801,9.18
25801,19.61
25801,10.89
25802,16.86
25802,8.49
25804,5.76
25804,7.52
25811,9.9
25811,11.17
25812,9.18
25812,6.31
25812,7.93
25858,6.59
25869,10.78
25869,9.32
25869,29.03
25904,8.43
25904,14.53
25904,9.23
25909,6.96
25909,10.67
25912,3.65
25912,4.04
25913,11.69
25913,17.02
25913,15.74
25913,18.96
25922,8.32
25924,14.9
25932,13.2
25932,20.39
25932,13.01
25939,5.24
25939,3.92
25940,6.25
25940,4.74
25951,4.51
25951,3.18
25951,6.03
25958,9.14
25988,6.69
25988,16.49
26005,6.61
26008,7.42
26018,6.56
26025,9.64
26030,7.51
26031,6.99
26031,17.47
26033,8.74
26033,6.64
26033,9.81
26034,10.27
26034,6.15
26036,6.29
26036,23.05
26036,5.53
26043,9.83
26043,9.1
26043,13.98
26046,11.15
26046,6.35
26048,6.76
26059,5.53
26061,6.03
26063,11.83
26066,9.08
26066,6.87
26089,9.21
26144,7.05
26144,7.12
26150,11.09
26150,23.47
26157,7.92
26159,7.23
26159,5.34
26160,8.46
26160,6.75
26160,9.42
26160,13.68
26169,12.49
26169,8.66
26183,6.09
26191,6.46
26191,6.16
26228,9.6
26228,10.25
26263,5.45
26263,7.19
26263,6.61
26263,5.84
26263,10.92
26268,11.54
26271,5.87
26271,6.86
26271,9.85
26272,6.69
26279,10.58
26279,9.56
26281,9.87
26281,7.64
26284,4.57
26284,7.26
26284,4.57
26290,9.06
26296,19.47
26296,10.84
26297,8.2
26334,12.16
26334,9.67
26341,9.76
26341,12.34
26341,18.02
26341,13.66
26351,12.35
26351,6.23
26351,8.27
26354,17.54
26354,19.34
26356,11.57
26356,8.11
26359,12.97
26359,11.09
26363,21.91
26363,7.32
26363,9.97
26365,6.34
26369,7.52
26369,9.05
26382,9.3
26387,7.58
26387,12.04
26387,12.7
26389,5.89
26389,8.05
26390,7.48
26411,12.83
26415,8.05
26415,10.3
26415,9.76
26454,6.73
26455,13.33
26455,12.75
26463,20.2
26463,19.63
26463,13.27
26468,10.1
26485,13.97
26485,5.47
26485,4.36
26488,7.52
26488,9.6
26488,5.66
26491,14.58
26491,13.12
26515,10.17
26515,10.59
26525,18.61
26525,8.26
26536,5.87
26536,5.83
26587,28.68
26587,21
26587,31.42
26590,13.58
26590,7.81
26594,12.64
26595,6.51
26595,8.56
26597,18.26
26600,7.02
26600,6.07
26605,5.46
26606,12.55
26631,5.21
26631,5.3
26633,11.33
26633,13.71
26634,7.6
26634,5.68
26635,9.35
26641,12.43
26641,13.22
26696,11.75
26697,9.41
26697,7.29
26697,6.31
26704,7.24
26704,7.51
26706,12.92
26706,9.88
26708,14.3
26711,6.1
26711,3.12
26713,9.52
26714,7.87
26717,7.1
26720,8.09
26726,12.66
26726,30.05
26791,8.85
26796,6.28
26796,7.33
26802,7.86
26802,8.79
26806,4.05
26820,8.18
26825,17.81
26825,11.53
26827,11.35
26831,11
26833,8.07
26833,5.06
26838,7.61
26838,6.82
26838,12.88
26842,9.13
26842,7.27
26842,8.05
26909,13.02
26909,6.06
26910,24.43
26910,21.51
26922,15.82
26922,9.11
26926,4.23
26927,8.23
26928,7.23
26934,9.71
26934,11.29
26938,12.85
26938,21.64
26938,7.94
26943,12.65
26993,9.73
26998,11.11
27002,11.35
27002,4.47
27014,6.16
27014,7.53
27022,6.01
27054,6.53
27054,6.45
27067,10.41
27073,7.86
27120,9.48
27120,7.78
27128,5.09
27259,6.6
25636,17.67
25636,15.46
25636,23.18
25636,10.02
25636,22.96
25636,6.17
25636,20.49
25636,13.19
25636,13.23
25937,9.15
25937,10.34
25937,7.73
25937,6.38
25937,7.95
25937,10.08
25937,6.88
25937,12.14
25937,13.15
25937,7.11
25937,10.56
25937,11.25
25937,12.02
25937,8.68
25937,6.55
25937,12.34
26378,7.44
26378,9.52
26378,8.01
26482,6.12
26482,9.19
26482,12.75
26626,20.5
26626,19.3
26626,21.53
26626,22.13
26626,8.84
26626,14.7
26626,16.89
26626,8.36
26626,24.41
26626,10.6
26626,17.57
26626,17.85
26626,15.17
26626,21.26
26690,12.94
26690,9.15
26690,11.51
26690,7.17
26728,7.75
26728,8.5
26728,20.33
26728,12.42
26728,18.02
26728,4.68
26810,8.15
26810,21.71
26810,14.77
26904,14.12
26904,10.45
26904,9.58
26931,8.48
26931,9.87
26931,6.73
26931,11.51
26995,21.62
26995,19.12
26995,15.3
27001,9.33
27001,9.73
27031,17.6
27031,11.05
27031,21.26
27043,3.65
27043,4.8
27043,8.92
27048,8.95
27048,15.11
27048,15.98
27048,16.39
27048,10.19
27048,8.62
27056,3.82
27056,7.02
27057,9.87
27057,13.22
27069,8.78
27069,7.07
27069,7.41
27070,18.79
27070,13.86
27070,22.27
27076,8.14
27084,8.1
27084,4.49
27084,7.11
27085,7.08
27085,7.9
27087,8.8
27087,10.91
27087,18.59
27088,18.88
27088,12.56
27089,14.7
27089,14.12
27089,14.43
27103,9.65
27103,6.09
27121,7.58
27121,7.24
27129,8.76
27129,21.72
27171,10.09
27171,11.97
27171,18.29
27191,7.14
27191,5.06
27191,5.88
27225,8.29
27225,5.54
27229,14.36
27229,9.12
27230,9.54
27230,7.99
27232,12.76
27232,11.13
27232,7.14
27238,3.27
27238,3.29
27238,4.58
27241,12.52
27241,11.46
27241,10.48
27246,6.28
27246,5.43
27248,4.24
27248,3.9
27249,10.31
27249,13.1
27250,7.32
27250,6.89
27275,5.04
27275,6.64
27275,2.19
27275,6.4
27275,2.2
27275,3.43
27275,2.4
27275,4.01
27275,6.17
27275,4.3
27275,6.51
27280,6.82
27280,3.67
27281,5.12
27285,15.95
27285,11.06
27285,8.92
27295,5.87
27295,4.43
27295,6.89
27330,13.55
27330,11.06
27330,6.26
27330,17.18
27332,5.54
27332,8.99
27337,13.46
27337,12.3
27337,18.07
27347,8.38
27347,6.46
27348,11.51
27348,7.1
27349,9.67
27349,13.74
27350,8.61
27350,6.2
27350,7.85
27350,5.95
27350,10.64
27353,6.24
27353,5.77
27362,8.9
27362,12
27367,10.05
27370,8.4
27371,7.14
27375,10.19
27375,8.84
27375,11.82
27413,10.51
27413,7.04
27427,9.16
27427,6.14
27427,14.92
27427,7.49
27427,8.46
27427,11.3
27429,9.71
27436,11.79
27436,9.5
27437,4.17
27437,2.7
27439,5.41
27441,11.03
27448,4.02
27448,5.53
27451,12.2
27451,13.09
27451,13.07
27452,5.12
27456,10.74
27456,6.51
27462,10.87
27462,10.37
27493,5.3
27498,11.05
27498,6.25
27500,5.57
27500,7
27505,14.04
27514,7.81
27514,7.19
27514,18.76
27515,14.62
27515,18.85
27515,19.56
27515,13.12
27520,12.84
27520,17.65
27542,9.96
27542,6.44
27542,7.89
27549,8.18
27551,6.16
27558,23.81
27558,34.43
27561,9.28
27561,9.3
27561,9.58
27561,21.73
27564,10.97
27564,18.5
27564,23.05
27564,16.53
27564,21.94
27564,31.39
27570,8.17
27570,6.14
27594,8.73
27595,10.03
27595,8.09
27597,3.48
27600,5.91
27600,6.4
27600,4.53
27600,9.57
27600,5.26
27600,4.14
27600,5.36
27600,3.99
27600,18.39
27600,13.5
27600,3.4
27605,10.53
27605,17.46
27605,6.93
27606,6.93
27606,6.16
27607,18.11
27607,6.17
27608,10.8
27608,14.26
27608,8.39
27608,5.68
27608,5.59
27608,10.45
27608,7.77
27608,12.73
27611,14.35
27611,11.73
27611,15.54
27611,14.25
27611,19.13
27613,11.84
27613,12.77
27620,9.89
27623,17.51
27623,11.63
27623,7.21
27623,12.15
27663,8.36
27673,5.57
27673,5.3
27674,8.21
27674,10.22
27676,17.55
27676,26.01
27676,13.02
27676,13.97
27676,23.28
27676,12.02
27676,12.03
27698,14.7
27698,18.1
27698,17.58
27762,12.46
27762,11.64
27762,9.84
27762,11.44
27785,5.9
27810,10.61
27810,10.72
27811,3.67
27811,7.54
27815,10.03
27815,4.94
27825,33.95
27825,7.66
27825,8.28
27828,6.09
27828,4.5
27830,9.78
27830,9.08
27840,8.17
27840,10.46
27840,23.73
27844,11.47
27844,9.03
27844,13.31
27852,5.75
27852,5.1
27913,10.11
27913,13.11
27921,9.75
27921,8.8
27935,17.96
27935,10.99
27937,8.79
27943,7.66
27943,4.99
27945,8.38
27945,8.59
27948,17.55
27948,16.45
27963,10.28
27963,16.66
27974,8.58
28045,10.1
28045,11.26
28045,9.93
28053,6.74
28053,7.26
28056,16.23
28056,4.68
28056,5.41
28057,9.16
28063,12.54
28063,14.2
28072,8.39
28074,10.57
28074,7.46
28074,13.47
28077,3.71
28077,2.95
28090,4.72
28090,3.09
28091,5.45
28091,10.47
28091,9.21
28092,5.8
28092,9.24
28095,9.58
28095,11.31
28097,12.03
28145,7.24
28145,11.06
28145,7.51
28145,7.57
28145,5.7
28163,14.03
28163,16.22
28165,9.69
28170,5.53
28170,3.13
28173,9.79
28173,14.12
28175,10.04
28175,14.36
28181,13.03
28183,7.64
28189,2.23
28189,5.13
28189,2.9
28196,5.41
28196,5.29
28196,7.02
28199,5.29
28199,3.9
28202,6.07
28215,12.23
28218,10.54
28219,7.24
28224,6.13
28224,7.24
28260,8.38
28260,10.65
28263,8.93
28263,7.36
28284,8.39
28286,9.03
28286,6.06
28294,6.05
28305,4.74
28305,6.7
28312,9.04
28312,5.42
28312,6.77
28312,9.17
28312,5.12
28312,6.26
28316,7.17
28316,6.37
28331,8.29
28333,6.67
28333,10.89
28333,6.9
28347,4.62
28347,3.98
28363,7.92
28363,10.57
28369,9.96
28369,6.4
28369,6.42
28369,4.9
28373,5.33
28373,5.49
28373,4.21
28374,15.45
28374,6.06
28379,14.31
28379,18.35
28379,9.39
28379,18.26
28379,8.85
28385,14.98
28385,3.02
28388,11.51
28388,7.72
28388,7.2
28388,13.56
28388,19.55
28393,6.58
28393,4.14
28394,3.92
28394,4.95
28396,10.89
28396,12.32
28402,7.37
28402,8.01
28404,9.68
28404,14.52
28407,16.06
28407,10.75
28497,11.39
28497,17.3
28497,10.24
28512,6.17
28515,19.23
28515,13.68
28520,7.13
28520,11.84
28524,10.03
28527,5.33
28527,8.75
28530,9.77
28530,9.64
28533,13.78
28533,7
28533,11.56
28547,5.5
28553,19.85
28553,8.01
28555,13.07
28555,15.3
28555,18.84
28617,7.41
28625,23.4
28625,19.67
28625,9.6
28644,7.4
28644,5.71
28644,8.81
28649,8.36
28649,9.15
28649,9.37
28657,11.77
28657,16.32
28657,14.61
28657,16.37
28664,8.94
28664,7.88
28671,11.19
28671,6.44
28694,6.15
28694,11.7
28712,9.49
28712,10.97
28712,9.6
28712,11.01
28712,10.76
28723,8.21
28723,9.58
28727,10.74
28727,6.17
28730,9.26
28730,8.14
28746,9.72
28747,34.18
28747,6.76
28747,6.74
28759,10.76
28759,11.41
28759,7.96
28777,8.09
28785,11.7
28785,18.28
28785,12.51
28849,9.74
28857,10.98
28882,12.6
28882,14.02
28894,8.22
28894,8.85
28894,9.36
28903,7.65
28905,22.32
28905,16.82
28907,9.69
28910,13.69
28913,17.03
28913,26.03
28920,10.98
28920,12.51
28928,7.62
28928,8.15
28951,7.02
28951,17.6
28951,9.11
28951,12.47
28951,18.66
28952,5.73
28952,5.88
28952,12.93
28958,10.05
28958,8.34
28959,8.4
28959,11.48
28959,13.13
28973,12.45
28978,13.02
28978,10.68
28979,16.74
28979,13.8
28979,15.37
28998,12.76
28998,8.31
28998,9.31
29024,7.19
29025,3.85
29025,4.8
29027,12.93
29027,13.42
29027,11.57
29027,14.37
29027,7.87
29027,17.95
29027,6.78
29032,5.43
29034,10.07
29034,10.82
29049,5.3
29049,5.62
29049,6.3
29050,12.89
29050,7.02
29052,8.31
29052,10.32
29055,21.57
29055,11.44
29055,10.49
29055,11.61
29094,4.47
29094,4.64
29100,13.19
29100,6.32
29101,5.95
29101,6.25
29102,7.29
29102,7.83
29110,11.78
29110,7.34
29114,8.44
29114,9.53
29118,4.33
29118,3.81
29122,10.6
29122,7.91
29122,17.94
29197,6.61
29197,6.28
29238,6.07
29241,17.97
29241,15.04
29241,14.3
29245,19.22
29245,13.7
29248,4.76
29254,5.08
29254,10.63
29259,13.15
29259,10.35
29268,4.89
29268,9.31
29284,4.07
29290,7.8
29290,12.85
29314,9.15
29314,4.2
29316,7.12
29316,9.11
29316,11.67
29331,9.23
29331,6.94
29346,7.98
29346,5.11
29350,9.74
29350,8
29351,6.24
29351,18.43
29351,10.09
29351,7.91
29351,5.63
29369,9.53
29369,16.8
29369,7.31
29369,5.2
29370,8.23
29370,5.35
29372,14.22
29396,7.35
29443,11.04
29443,12.11
29444,4.93
29450,11.29
29450,7.63
29456,8.05
29456,12.37
29468,12.27
29468,16.75
29469,7.19
29471,5.08
29471,3.84
29493,7.65
29493,9.34
29538,4.99
29551,10.28
29559,3.36
29559,4.33
29559,4.12
29565,7.31
29565,8.31
29572,5.76
29572,12.35
29573,9.16
29573,12.76
29574,9.87
29574,25.76
29603,5.57
29612,8.7
29612,8.21
29612,10.03
29614,8.06
29614,13.06
29626,11.8
29626,13.65
29631,11.76
29634,9.15
29634,7.69
29640,5.95
29640,3.7
29653,8.03
29658,12.18
29658,4.61
29659,14.71
29659,10.61
29659,12.04
29669,6.36
29669,5.7
29697,7.17
29710,5.02
29710,5.82
29726,8.04
29726,8.55
29769,7.37
29774,6.4
29778,16.23
29781,5.71
29781,3.8
29781,3.99
29782,5.51
29782,7.91
29873,11.08
29882,10.29
29896,3.87
29914,3.98
29914,5.18
29962,13.66
29962,20.81
30008,5.52
30008,4.58
30022,9.99
30135,10.05
30213,6.2
