1025,10.11,39.45
1054,0.30,49.11
1103,1.95,44.85
1104,6.71,37.73
1109,0.10,35
1127,6.37,44.94
1139,6.76,27.91
1163,1.71,42.67
1168,0.09,39.94
1172,1.19,45.56
1173,1.25,44.56
1211,1.87,40
1212,0.41,43
1213,0.36,43
1217,0.13,46
1224,0.59,50
1263,0.51,42
1271,0.13,37
1275,4.16,44
1276,0.43,42
1281,0.41,37
1352,0.61,49
1364,6.38,44
1367,0.98,41
1431,6.27,37
1456,8.14,44
1464,0.41,41
1556,8.64,39
1618,1.75,42
1650,0.19,44
1658,1.73,43
1670,0.72,45
1687,4.44,41
1688,5.04,44
1702,0.36,43
1705,3.55,45
1756,2.17,43
1780,11.19,40
1783,5.81,39
1784,6.41,44
1821,13.40,43
1830,3.99,43
1894,3.19,45
1935,1.21,47
1944,0.49,45
1956,0.70,38
1969,3.17,42
1994,5.57,41
1996,3.52,43
2046,7.30,38
2058,0.95,44
2062,0.94,44
2063,3.87,42
2124,6.15,39
2133,0.20,42
2138,8.32,48
2145,10.95,30
2156,5.31,41
2210,0.38,43
2218,9.16,35
2219,1.85,42
2290,5.74,46
2291,6.07,40
2292,1.75,47
2366,0.43,44
2369,0.18,40
2371,0.79,35
2387,2.65,36
2397,1.36,51
2399,4.06,30
2400,7.23,31
2401,0.16,43
2420,2.35,40
2551,4.80,36
2587,6.80,40
2664,0.11,38
2665,0.35,37
2666,2.53,41
2667,3.44,40
2674,2.19,43
2739,10.56,31
2760,3.07,44
2782,7.90,47
2836,0.34,44
2847,1.25,44
2919,11.01,41
2921,1.04,47
2924,4.44,36
2951,1.79,47
2964,0.82,45
2968,4.33,42
2969,1.18,40
3018,2.67,42
302,2.70,36
3031,7.32,38
3085,3.02,42.56
3111,4.21,40
3114,5.57,41
3204,3.57,47
3216,6.13,40
3219,4.56,35
3221,3.85,45
3294,0.18,0
3315,7.68,42
3382,3.40,42
3389,1.52,46
3390,0.83,43
3399,4.90,38
3461,5.72,43
3490,7.34,40
3528,0.76,50
3531,0.38,38
3558,0.35,40
3561,1.82,42
3570,1.25,46
3583,4.28,38
3675,3.63,41
3682,0.20,38
3689,0.68,45
3694,4.11,44
3706,4.45,46
3768,8.81,37
3769,1.01,40
3776,0.25,43
3787,0.78,40
3853,3.71,42
3864,6.45,38
3867,2.90,46
3946,4.82,42
3960,3.97,41
3971,3.38,46
3972,1.40,50
3974,4.85,43
3976,2.13,46
4063,8.10,45
4086,5.72,47
4092,0.30,46
4139,10.33,41
417,1.05,0
4177,1.39,51
4185,2.08,44
4201,5.20,42
4204,3.20,49
4289,7.77,42
4290,1.65,37
4292,0.26,46
4299,9.82,46
4303,9.72,43
4315,2.50,43
4323,0.11,39
436,0.96,39.17
4404,4.76,40
4406,5.89,38
4408,10.59,46
4409,1.28,44
4412,1.01,38
4420,1.96,44
4425,3.52,43
4434,0.48,47
4496,0.95,42
4497,1.93,47
4500,0.59,47
4503,5.07,44
452,10.55,37.77
4530,0.33,37
458,10.03,44.75
4600,5.20,42
4601,13.40,43
4602,6.39,40
4604,11.70,42
461,0.55,40.61
4628,0.28,47
463,0.79,48.59
468,2.88,46.3
4696,2.09,43
4701,0.79,48
4704,2.84,40
4706,2.35,41
472,3.10,37.25
473,0.44,35.97
4744,2.10,42
4754,1.10,43
4756,0.65,41
4781,2.52,46
4817,0.85,45
4818,3.08,37
483,12.64,38.45
4831,3.02,48
4913,4.17,40
4914,1.71,39
4916,1.96,40
494,2.33,49.72
4989,2.54,45
501,1.77,38.96
5010,0.40,41
5018,1.74,46
503,3.08,46.14
504,0.45,46.3
5040,8.55,46
5105,0.10,39
5110,1.51,41
5126,1.57,43
5132,0.10,37
5137,5.58,48
5157,1.17,47
5201,1.64,40
5238,6.39,44
526,3.13,40.95
5261,3.50,38
5266,2.58,42
5311,0.29,45
5317,0.15,38
534,3.67,47.51
5342,0.60,45
5346,1.68,44
536,2.48,43.26
5368,0.69,42
5371,1.79,44
5372,6.16,38
5379,6.01,39
5383,7.83,45
5389,2.13,39
5439,0.84,44
544,0.68,42.62
5449,0.16,40
5450,0.15,42
5452,0.53,41
5463,3.88,40
548,1.38,38.9
5548,0.67,43
5564,2.53,43
5565,1.38,38
5569,6.19,41
5578,10.62,41
559,0.14,41.49
562,11.48,41.43
5660,1.48,40
5667,11.02,47
5668,0.39,46
5671,5.91,41
569,0.50,46.28
574,0.39,42.07
5764,0.13,39
5774,4.67,43
5778,0.74,46
5782,0.15,44
5783,6.83,41
5785,0.67,50
5786,5.36,41
580,3.87,29.89
588,10.33,46.26
5943,0.58,38
5954,1.00,41
5958,8.52,42
6018,0.09,41
6050,1.08,45
6076,9.06,42
6084,1.68,43
609,4.08,37.83
6095,3.62,39
6100,4.21,42
614,1.13,37.42
615,3.95,48.82
6163,0.30,47
617,0.65,44.11
619,4.73,44.93
6214,0.88,47
6218,3.05,46
622,0.13,40.81
6229,5.65,46
624,7.04,43.85
6270,0.27,43
6287,1.67,40
6299,6.53,47
6301,5.68,38
6309,0.21,46
6310,1.07,42
6351,6.85,35
637,5.17,41.66
6378,1.17,42
6394,0.11,46
6415,1.26,48
646,1.52,49.7
648,5.90,46.93
6490,1.19,42
6506,1.63,42
6507,4.18,43
6518,1.13,41
6533,9.97,43
6563,0.63,33
6605,3.39,40
6628,2.11,32
665,10.29,38
667,0.41,44.34
6682,1.25,44
669,3.45,45.21
6699,4.81,45
6796,0.90,49
6832,0.19,43
705,6.39,39.55
723,11.90,43.34
734,4.30,40.06
739,0.19,35.5
748,0.85,37.6
758,0.25,41.1
768,4.62,39.04
773,0.10,43.46
774,0.40,40.52
787,7.69,40.43
796,2.83,44.15
801,1.32,45.04
809,3.26,39.4
817,9.50,44.56
861,6.71,44.44
871,4.06,40.54
874,2.49,45.53
877,5.25,44.87
884,1.58,43.11
890,4.17,32.49
926,1.61,50.61
935,3.85,41.13
990,4.67,39.86
993,2.48,37.47
995,1.71,42.12
10058,7.18,39.03
10064,0.72,0
10139,0.97,44.67
10152,8.71,47.2
10156,4.12,44.36
10159,4.16,41.59
10210,2.13,38.74
10229,4.24,43.03
10237,0.19,42.3
10242,0.15,41.8
10244,0.93,40.24
10250,2.01,44.78
10305,3.77,50.41
10312,1.38,43.78
10313,2.52,39.33
10316,0.19,41.22
10317,3.24,34.68
10321,7.08,40.58
10324,2.25,48.23
10326,2.67,44.99
10333,7.93,39.22
10375,3.88,43.22
10377,1.93,35.38
10382,0.23,46.52
10388,4.61,47.64
10405,6.46,40.44
10433,1.74,44
10434,3.80,4.49E+01
10439,2.36,46.1
10445,3.12,49.93
10477,3.05,47.1
10510,7.53,40.66
10522,4.53,44.94
10567,4.96,37.31
10583,6.27,41.1
10601,0.16,40.2
10606,0.48,39.65
10670,5.21,40
10672,5.09,49.1
10681,2.09,40
10684,0.21,42
10717,3.91,46.29
10792,6.17,0
10802,6.43,0
10804,3.27,0
10805,0.51,0
10812,3.15,0
10813,2.66,0
10815,2.48,0
10816,9.52,0
10817,3.22,0
10819,0.76,0
10822,6.19,0
10880,0.61,46.6
10899,12.74,41
10904,1.47,43
10987,4.80,42.61
10992,0.84,44.2
10994,3.23,43.4
10996,0.63,47.78
11001,0.37,47.78
11010,0.67,35.9
11012,3.13,47.8
11021,2.50,43.2
11083,3.36,41.78
11087,0.34,42.8
11094,0.23,37.4
11099,1.09,43.42
11103,2.24,47.86
11105,1.62,38.5
11162,0.62,38.6
11189,0.16,36.27
11204,1.73,40.21
11248,0.97,40.62
11348,0.82,44.08
11350,7.77,47
5653,0.15,38
6186,0.48,40
6305,0.89,38
6618,5.64,39
6685,6.10,45
6707,3.15,40
6743,7.30,40
6804,1.62,43
6895,1.77,35
6919,2.90,36
6922,0.25,43
6974,3.11,44
6975,1.58,42
6982,0.66,47
6990,0.21,41
7076,5.07,41
7130,1.12,43
7134,1.06,46
7142,3.21,45
7169,11.28,42
7175,0.53,42
7176,3.27,43
7180,6.59,39
7186,5.22,45
7212,0.11,40
7225,0.16,45
7240,2.16,45
7272,1.50,40
7281,7.12,38
7285,3.34,42
7288,4.46,45
7297,0.41,48
7306,2.99,42
7307,0.79,49
7367,2.45,41
7371,1.78,47
7376,0.29,45
7378,5.62,40
7389,0.86,41
7422,3.16,41
7461,3.82,46
7463,2.56,44
7472,1.59,39
7479,1.59,36
7481,0.34,47
7554,5.42,42
7591,0.35,44
7623,4.07,41
7626,3.19,44
7627,0.16,42
7641,1.75,39
7646,3.35,45
7702,0.39,41
7710,1.02,40
7717,2.88,47
7736,0.16,43
7737,4.21,43
7742,0.16,44
7746,3.07,43
7758,0.59,46
7768,2.34,42
7770,1.37,41
7784,1.41,48
7787,2.06,49
7809,0.48,44
7815,4.70,51
7816,2.91,40
7818,3.30,41
7820,11.03,47
7907,4.55,43
7909,6.13,40
7910,3.79,43
7915,0.95,45
7917,1.07,44
7931,3.45,41
7965,3.63,41
7981,4.67,39
7994,6.15,49
8006,0.39,38
8051,0.12,35
8054,0.59,39
8056,0.12,37
8059,4.21,38
8063,5.23,43
8075,0.85,48
8100,0.18,42
8113,1.45,41
8123,0.56,43
8147,0.47,46
8179,7.12,39
8187,3.40,44
8215,0.13,38
8216,0.35,45
8217,3.85,46
8231,0.32,46
8264,5.31,39
8267,3.11,37
8305,0.94,43
8307,0.61,48
8310,2.14,32
8331,2.17,43
8332,6.14,48
8346,0.55,45
8347,2.15,48
8356,1.17,45
8362,6.81,38
8363,3.10,43
8377,2.50,41
8384,1.90,41
8385,0.97,42
8393,3.10,46
8394,3.60,41
8396,7.73,46
8399,0.09,39
8400,0.13,39
8404,10.56,48
8413,4.22,50
8422,5.60,45
8442,0.16,43
8463,2.23,40
8464,0.73,47
8470,1.28,40
8473,0.98,48
8517,1.59,45
8526,1.52,43
8533,6.67,39
8582,3.35,43
8588,1.10,46
8590,3.74,47
8598,0.73,41
8600,3.46,38
8621,1.15,48
8625,0.46,44
8632,8.25,38
8659,0.95,44
8668,3.25,42
8689,6.84,41
8696,1.03,45
8711,1.42,40
8720,0.72,44
8731,4.91,43
8733,0.45,44
8735,0.61,45
8736,1.87,0
8745,2.06,42
8752,7.04,38
8760,1.56,44
8816,0.48,47
8831,6.19,42
8837,2.61,43
8883,0.25,37
8892,2.65,38
8896,0.47,38
8901,7.98,38
8917,8.72,40
8953,1.74,47
8968,7.82,27
8980,3.79,47
8981,0.19,39
8987,4.90,43
8989,0.33,46.1
9023,0.50,44.99
9031,4.06,0.34
9032,1.62,41
9036,9.29,39
9040,0.12,41
9045,4.07,44.4
9077,0.29,39
9093,3.25,50
9098,4.67,42
9108,1.94,41
9111,2.32,45
9136,1.68,47
9142,3.16,40
9145,0.25,40.77
9154,0.75,44
9156,5.24,39
9157,0.60,0
9165,0.14,41
9187,1.44,47
9234,0.16,41
9247,2.19,44
9252,0.92,46
9273,5.46,40.16
9275,8.15,38.68
9276,3.44,44.34
9277,0.21,44.23
9282,1.98,51.31
9285,3.05,42.96
9286,7.43,40.45
9288,3.74,37.9
9295,3.54,39.75
9306,1.84,42.49
9307,2.18,46.2
9312,4.75,46.72
9315,4.39,36.81
9347,13.23,44.97
9348,4.15,44.37
9349,2.60,42.3
9350,0.74,40.7
9388,0.18,43.07
9390,3.11,38.42
9397,4.22,42.15
9398,0.11,35.73
9422,9.94,46.3
9430,2.44,40.69
9474,6.01,32.43
9478,4.03,41.27
9487,1.16,0
9492,3.29,45.54
9558,6.73,35.55
9560,6.07,43.76
9580,0.29,45.83
9583,6.87,37.96
9640,4.26,37.15
9649,3.73,35.53
9650,0.68,43.41
9654,7.37,41.57
9655,1.73,41.82
9657,0.13,41.78
9671,0.56,48.27
9675,5.10,43.75
9680,0.85,49.62
9681,4.46,38.49
9684,0.63,37.7
9721,2.13,44.07
9734,3.33,40.84
9735,4.08,41.21
9738,2.91,48.15
9741,2.70,43.11
9746,4.83,46.1
9748,3.24,45.22
9758,1.61,41.35
9763,8.51,42.72
9798,1.32,41.1
9816,0.13,44.3
9821,1.34,40.4
9827,3.40,41.29
9886,3.98,39.32
9917,0.16,38.95
9930,0.28,41.46
9932,4.50,35.77
9947,0.25,42.62
9981,9.67,0.97
9985,8.07,43.3
9987,3.42,46.6
9991,3.39,38.3
9996,6.58,38.27
10444,6.80,33.9
10520,6.57,26.3
10586,0.09,35.92
10870,3.84,34.43
10965,0.74,45
10999,6.49,40.79
11009,1.96,46.74
11013,0.37,42.66
11049,2.67,36.45
11112,5.93,40.88
11142,5.06,37.3
11179,3.76,0
11181,5.12,37.8
11186,1.18,47.2
11202,1.73,41.4
11249,0.09,40.71
11250,7.05,43.4
11256,3.79,44.2
11257,1.08,38.6
11262,0.32,35
11265,2.83,42.6
11267,0.15,41.2
11270,3.93,41.3
11271,0.46,36.4
11336,0.59,46.6
11337,6.12,43.1
11344,2.37,44.52
11346,0.51,28.9
11347,3.53,44.4
11357,3.70,36.6
11366,8.33,42
11371,5.84,39
11383,3.35,44.23
11385,0.44,43.83
11393,3.80,45.22
11433,2.70,41.8
11438,0.41,41.2
11449,2.61,43.07
11455,2.49,42.64
11456,5.04,47.79
11460,6.16,41.7
11466,2.37,45.48
11470,0.16,44.25
11503,1.10,54.3
11528,0.28,42.69
11537,0.53,38.5
11539,0.81,44.2
11550,3.67,42.7
11558,1.85,45.1
11575,0.11,38.63
11578,6.57,0.26
11587,1.24,42.7
11602,2.46,40.47
11611,0.33,42.6
11645,0.21,0
11653,1.47,40.6
11654,4.27,41.8
11658,7.75,35.85
11664,1.09,43.71
11668,4.12,40.3
11698,4.82,38.4
11739,4.19,48.6
11740,3.26,41.72
11741,3.39,42.4
11742,1.40,47.5
11746,4.88,43.15
11750,2.88,46.91
11751,0.24,40.28
11758,1.64,41.8
11763,7.39,38.14
11767,3.24,42.8
11768,5.75,40.7
11769,3.04,50.8
11798,3.05,43.5
11805,3.31,44
11808,0.49,45.95
11810,0.67,50
11824,1.69,43.03
11847,0.73,43.5
11862,0.17,40.38
11890,1.28,41.27
11891,8.94,42.7
11894,0.25,42.4
11895,9.45,38.49
11899,0.84,47.6
11900,5.19,0.01
11901,0.81,45.41
11903,0.73,42.32
11907,1.22,37.99
11909,2.88,34.3
11957,5.45,40.06
11962,3.81,46.8
11967,3.93,44.9
11983,3.46,40.7
11991,5.61,38.19
11995,0.20,43.55
11998,0.31,41.1
12000,6.96,42.82
12001,0.56,45.3
12009,2.79,41.6
12015,2.45,41.7
12030,3.03,44.1
12033,2.05,40.8
12056,9.93,39.4
12072,2.73,47.4
12077,0.13,41.92
12081,1.27,44
12084,11.53,43.63
12087,5.06,38.68
12089,7.32,40.2
12091,1.80,46.9
12094,0.59,47.6
12100,2.53,43.34
12102,7.85,40.45
12120,3.32,45.6
12127,0.13,37.6
12137,3.44,43.7
12151,3.86,36.2
12161,1.37,42.7
12175,2.39,46.3
12177,3.93,40.73
12178,8.67,50.3
12179,5.21,41.2
12180,1.76,46
12182,3.39,42.36
12185,15.18,44
12188,0.40,38.7
12195,8.86,42.3
12201,6.69,40.21
12255,5.69,40.51
12265,0.22,32.92
12266,2.11,46.8
12269,3.87,37.46
12273,3.79,41.78
12281,3.55,43.2
12283,5.39,40.01
12286,6.41,39.1
12339,4.17,53
12341,9.85,43.5
12342,2.60,42.5
12343,1.83,44.78
12345,3.65,40.08
12346,2.50,39.91
12347,1.89,39.04
12386,0.18,37.66
12390,0.83,46.1
12397,6.44,37.08
12404,1.21,40.9
12409,0.75,41.02
12410,1.85,40.98
12427,2.78,0
12465,0.47,44.5
12471,8.01,39.27
12472,1.95,47.9
12520,10.20,47.8
12529,3.34,45.7
12550,3.98,39
12552,4.18,42.76
12562,7.99,35.7
12573,0.37,43.8
12583,6.30,43.29
12587,0.70,42.78
12589,3.25,39.41
12590,2.61,37.5
12617,0.58,40.4
12634,1.65,43.4
12645,0.41,42.8
12649,1.13,45.7
12663,2.64,41.34
12671,3.63,41.7
12674,0.95,0
12694,6.34,42.19
12747,2.77,35.16
12754,2.43,46
12761,4.91,46.7
12766,0.72,46.7
12780,0.69,40.73
12789,5.35,0.09
12790,2.74,39.66
12794,2.30,38.77
12795,4.30,0.09
12832,2.16,39.98
12849,3.00,40.7
12852,2.52,44.95
12859,0.46,39.76
12863,3.89,41.5
12866,0.86,44.5
12869,0.68,42.69
12883,2.40,46.15
12889,3.94,35.01
12893,0.86,41.56
12895,0.30,45.81
12910,4.37,37.84
12922,3.76,46.3
12941,2.39,44.9
12944,3.75,41.4
12949,0.53,38.5
12951,0.27,40.42
12954,5.05,40.6
12957,3.93,39.3
12972,3.08,35.1
12974,6.04,37.11
12976,4.30,35.23
12983,0.32,41.6
12996,6.67,0.07
12997,2.05,46.4
12998,2.15,49.8
13006,0.13,36
13007,0.81,42.7
13012,8.02,0.15
13013,0.65,48.9
13018,2.31,46.8
13020,3.70,47
13053,3.33,38.4
13066,8.48,40.74
13073,1.08,36.08
13076,3.96,30.97
13080,1.24,49.9
13084,2.27,39.5
13091,3.43,44.3
13157,0.76,39.6
13172,1.62,44.49
13175,0.23,44.3
13176,0.11,38.4
13177,4.79,42.01
13178,2.05,46.3
13182,5.24,33
13184,2.36,42.7
13188,0.28,39.83
13192,6.47,41.6
13201,10.91,37.7
13226,0.76,46.4
13238,0.85,39.1
13267,3.72,40.6
13274,0.18,41.1
13276,2.18,42.4
13293,0.24,0
13299,2.87,43
13311,2.28,42.7
13377,4.30,36.38
13380,0.97,39.8
13384,8.04,0.01
13385,0.58,47.5
13393,0.24,42.25
13394,1.56,38.8
13401,0.29,39.29
13405,5.43,45.97
13414,3.43,46.8
13415,0.65,39
13452,6.66,42
13458,1.07,42.3
13476,1.61,36.76
13479,5.00,42.38
13486,10.90,41.18
13487,2.35,49.3
13496,10.14,42.33
13497,1.82,37.52
13504,8.14,50
13540,7.19,43.3
13554,4.15,42.1
13568,1.26,44.09
13587,0.15,39.03
13625,2.06,45.9
13628,3.74,43.9
13633,4.59,40.62
13661,0.21,41.07
13665,0.95,51.44
13668,1.20,42.51
13694,1.02,45.3
13700,4.01,44.4
13798,4.67,36.87
13801,2.02,42.82
13804,3.86,42.2
13813,2.07,0
13815,3.46,49.37
13906,0.12,42.18
13909,1.53,39.04
13920,1.34,44
13921,1.10,38.07
13929,0.44,42.61
14207,3.59,46.7
12682,7.76,38.1
13272,0.92,32
13403,2.65,42.5
13410,0.44,42.36
13453,6.24,37.6
13472,4.98,44.9
13550,6.39,42.1
13557,0.42,43.1
13561,2.82,0
13591,1.28,40.4
13631,10.25,0.08
13636,5.01,41.4
13639,5.87,36.3
13641,8.67,42
13642,7.71,42.11
13698,1.16,39.1
13702,2.61,36.3
13770,9.05,43.3
13792,0.99,42.39
13806,2.07,40.8
13808,1.69,41.1
13818,8.66,36.2
13859,0.16,31.7
13866,0.97,38.4
13879,8.97,40.8
13897,1.42,46.7
13904,4.20,43.58
13910,3.95,45.62
13912,6.67,41.4
13923,2.02,35.36
13926,7.06,36.44
13930,2.25,35.5
13931,7.38,41.92
14008,4.16,44.8
14010,1.16,30.2
14012,0.15,38.26
14017,1.26,43
14019,2.24,43.5
14021,3.57,39.4
14029,0.83,43.47
14030,4.45,44.73
14033,1.12,49.9
14037,6.24,41.1
14079,3.53,41.7
14093,2.03,39.6
14112,2.46,45.28
14115,2.48,37.59
14122,3.73,42.19
14125,1.34,44.54
14141,4.07,39.49
14179,2.13,46
14184,0.81,42
14185,0.41,32.6
14186,3.81,41.74
14188,0.62,40.72
14193,0.32,45.3
14195,1.50,48.8
14199,10.11,40.6
14208,3.33,47.53
14210,0.29,46.98
14211,4.99,37.5
14219,10.98,42.2
14241,0.28,45.5
14250,0.35,42.83
14256,0.20,42.32
14260,3.86,41.85
14262,1.65,44.6
14284,2.34,37.93
14314,2.71,45
14316,1.81,39.73
14317,0.61,44.5
14324,0.25,45.27
14325,0.25,38.38
14327,0.09,36.37
14339,9.20,37
14340,0.79,46.1
14341,8.29,41.94
14403,3.27,44.2
14410,2.57,45.5
14416,6.86,35.14
14419,1.15,44.7
14423,2.75,43.9
14424,2.89,32.85
14428,0.78,45.01
14429,0.91,40.15
14430,1.34,43.76
14434,5.75,47.7
14435,8.40,44.64
14443,2.92,38.57
14447,0.41,36.1
14448,0.75,42.8
14464,0.38,40
14493,6.70,37
14496,0.19,41.1
14504,3.22,40.4
14527,1.19,47.64
14529,3.37,43.76
14531,0.56,43.6
14539,0.96,46.5
14541,1.15,43.51
14544,5.63,39.3
14547,0.20,42.11
14550,2.59,47.8
14551,2.74,45.27
14554,0.30,43.36
14576,0.40,43.3
14582,2.16,41.6
14601,0.40,39.4
14605,1.60,44.5
14611,3.36,0
14620,5.67,43.5
14624,7.80,36.9
14626,0.49,46.53
14630,1.04,46.8
14636,1.50,45.6
14644,6.57,39.3
14646,0.15,42.2
14649,3.69,41.46
14677,1.18,42.5
14682,3.02,51.49
14698,6.96,38.5
14703,9.10,0
14709,3.31,42
14772,2.19,39.07
14776,0.45,43.74
14783,0.39,44.1
14784,2.48,38.5
14786,1.13,40
14787,1.41,43.67
14789,0.45,44.4
14796,0.53,45.28
14801,8.13,40.4
14804,0.18,42.3
14808,1.98,44.98
14819,0.77,39.49
14820,2.62,46.38
14833,2.27,42.83
14835,6.95,33.87
14836,0.60,47.2
14841,0.57,37.6
14846,4.61,0.02
14915,1.06,46.93
14918,0.62,41.2
14921,0.76,35.58
14923,0.67,42.3
14925,0.68,42
14926,0.17,39.12
14928,3.70,43.16
14932,1.89,46.07
14949,2.90,39.48
14977,1.07,41.52
14985,0.69,41.57
15010,0.41,39.6
15017,8.24,44.85
15023,0.80,43.9
15026,0.12,41.55
15029,0.85,43.1
15035,3.42,44.16
15039,0.79,49.3
15042,1.45,41.5
15048,3.75,40.9
15052,1.30,40.95
15056,3.17,44
15058,0.23,46.72
15130,2.13,48.3
15134,1.59,44.9
15139,4.12,49.2
15145,0.15,46.64
15150,1.92,42.8
15152,4.15,42.86
15154,3.08,41.9
15156,0.44,38
15158,0.47,44.22
15160,0.10,41.2
15164,6.08,0.17
15165,0.76,45.99
15175,0.62,0
15180,1.44,47.2
15219,3.78,47.7
15241,1.36,48.02
15244,0.24,42.49
15245,0.34,47.76
15246,6.56,43.7
15247,3.99,39.46
15248,1.06,48.91
15256,1.95,40.9
15265,6.23,42.6
15273,0.91,44.1
15274,1.02,43.3
15277,0.83,37.5
15322,1.33,38.6
15329,6.29,38.4
15333,6.49,34.8
15338,1.99,42.5
15352,8.14,33.93
15357,0.84,44.98
15402,0.44,40.5
15411,0.19,45.12
15413,0.13,42.1
15418,0.70,47
15424,2.35,48.2
15427,4.28,40.5
15435,7.62,48.46
15442,2.19,46.8
15444,4.34,39.3
15449,8.89,43.3
15468,0.39,38
15471,6.21,38
15476,3.84,0.08
15480,3.92,43.77
15487,0.82,35.8
15489,0.17,44.75
15491,0.33,37.4
15500,2.49,43.38
15501,0.21,40.58
15506,4.41,42.5
15511,2.28,40.5
15513,3.34,42.6
15517,6.99,40.4
15547,0.49,46.3
15551,0.96,44.3
15555,3.85,38.86
15560,4.18,38.02
15563,4.23,39.15
15564,0.41,40.67
15565,0.18,44.18
15568,1.65,42.65
15570,5.05,33.6
15573,0.50,42.6
15580,6.75,38.7
15585,0.88,43
15622,0.78,44.9
15645,5.68,43.7
15665,0.10,39.9
15668,1.30,40.66
15669,0.33,0.01
15672,0.44,42.3
15674,1.55,42.6
15675,0.42,45.8
15676,0.27,46.65
15677,4.08,32.2
15678,0.80,28.8
15683,0.15,38.7
15693,0.46,42.4
15722,0.59,46.82
15754,0.90,40.5
15757,1.41,40.83
15758,0.11,44.6
15759,7.73,45.2
15765,1.30,41.94
15769,1.86,38.68
15771,0.22,49.08
15773,0.13,40.2
15783,6.27,44.2
15796,2.22,39.5
15822,0.21,36.2
15845,3.97,42.4
15846,5.30,0.11
15847,2.65,44.8
15850,7.60,37.5
15851,3.37,46.58
15852,3.93,34.64
15856,11.93,44.7
15858,0.12,42.53
15860,0.56,41.18
15867,0.85,37.18
15934,6.76,41.89
15936,5.76,45.6
15943,0.73,45.45
15944,0.15,42.33
15945,2.34,42.8
15948,1.95,43.63
15951,2.73,50.2
15959,4.32,44.6
15966,0.22,47.1
15967,0.14,34.3
16011,0.26,40.4
16014,0.45,43.9
16020,0.98,44.3
16033,3.20,41.58
16035,0.22,37
16036,3.79,45.12
16048,5.33,42.9
16064,4.97,40.29
16086,3.05,44
16092,0.25,40.3
16095,0.92,42
16097,0.82,46.4
16100,0.12,42.8
16103,3.67,43.56
16105,2.58,46
16107,1.25,41.23
16121,0.15,41.1
16153,2.46,37
16163,0.80,39.3
16164,0.14,40.36
16165,6.33,37.54
16168,5.04,43.3
16171,1.83,43.5
16177,2.79,49.3
16181,3.71,41.62
16182,1.00,44.7
16183,0.22,43.85
16206,5.89,46.2
16230,1.99,46.38
16245,0.34,44.7
16254,0.12,37.2
16270,0.34,44.62
16272,0.32,43.06
16274,0.76,46.78
16281,0.16,45.99
16286,4.18,44.41
16292,0.14,33.8
16356,0.59,45.2
16361,0.57,45.03
16364,0.17,41.39
16366,0.86,40.19
16367,2.12,40.09
16368,0.56,42.64
16397,1.26,47.52
16465,0.29,41.57
16468,8.53,39.26
16470,1.88,36.01
16561,0.12,39.09
16608,3.67,44.4
16618,0.11,38.86
18192,0.99,37.9
18216,0.13,41
18479,9.93,38.6
18791,2.13,36
18816,0.32,42.1
18835,0.53,41.15
18915,0.22,35.39
18999,6.95,28.3
19012,5.96,41.8
19121,2.74,0.24
19151,0.23,34
19158,0.24,45.84
19221,0.16,40.35
19324,1.78,42.73
19329,8.90,41.3
19333,4.45,35.2
19383,1.35,41
19401,2.50,40.1
19414,0.23,45.1
19415,0.46,46.2
19423,1.50,40.5
19425,4.78,39.19
19436,0.26,41.5
19439,0.64,39
19461,0.91,39.8
19478,0.24,43.4
19492,0.16,39.4
19538,1.25,39.75
19541,4.05,35.14
19552,0.21,39.3
19553,0.16,39.77
19560,5.64,41.13
19571,2.03,44.8
19574,0.19,38.5
19611,0.25,40.1
19620,1.08,52.7
19623,0.22,41.3
19632,1.41,45.9
19640,2.92,43.7
19645,3.62,53.2
19654,1.19,43.8
19657,10.55,37.68
19659,4.17,39.2
19661,5.55,35.71
19663,7.23,30.52
19664,1.01,46.08
19669,0.17,38.44
19672,0.29,37.23
19675,0.12,38.8
19684,9.59,41.73
19726,0.72,46.7
19731,0.30,45.2
19739,6.41,39.05
19742,1.27,0.14
19743,5.55,37.74
19744,8.25,44.4
19752,2.70,38.88
19756,0.96,0.14
19768,4.97,38.69
19770,2.84,38.9
19773,0.12,39.81
19778,0.89,39.4
19785,2.06,46.1
19798,5.42,42.3
19802,4.30,43.18
19803,8.52,0.22
19808,10.53,46.33
19809,3.27,37.12
19811,8.12,39
19823,1.30,41.96
19827,0.84,36.6
19868,0.35,45.5
19873,2.47,47.02
19880,0.26,45.98
19881,0.13,36.1
19887,1.30,44.03
19891,1.79,43.77
19980,6.49,39
19994,0.82,48.7
20000,1.49,35.86
20008,0.37,46.4
20009,1.01,0
20011,2.53,41.75
20012,6.37,43.57
20020,1.12,37.7
20024,5.02,46
20026,0.56,45.9
20033,0.31,39.8
20041,4.49,39.1
20044,0.24,43.33
20046,1.29,43
20077,1.40,37.91
20102,2.36,40.4
20111,1.11,47.4
20130,2.16,39.81
20132,0.80,44.6
20140,2.21,38.47
20141,0.13,39.26
20142,0.19,37.1
20147,1.16,40.4
20158,0.11,39.8
20160,0.52,43.7
20161,3.00,37.49
20176,1.26,38.55
20191,3.19,46.7
20229,0.46,45.9
20247,3.47,42.5
20263,4.45,43.3
20264,4.89,38.09
20265,1.10,39.93
20282,8.52,0.02
20284,0.22,40
20290,2.18,43.51
20355,1.08,39.3
20358,6.95,39
20362,4.91,40.8
20375,0.57,45.9
20378,1.19,46.2
20387,0.17,42.3
20393,2.29,41.4
20395,0.29,42.8
20397,0.71,40.9
20403,4.51,37.83
20474,0.72,40.55
20478,2.84,0.05
20479,1.80,44.7
20482,0.11,37.3
20485,4.91,39.59
20486,1.32,44.2
20489,4.33,0.07
20492,0.14,41.1
20495,0.14,40
20505,0.82,44.3
20516,1.91,30.32
20517,1.08,47.9
20554,0.48,37.3
20557,0.24,43.6
20561,0.48,43.19
20564,0.70,46.35
20566,9.92,0.07
20569,3.77,42.56
20572,4.79,40.76
20573,0.32,45.5
20576,0.81,37.7
20578,0.38,0.13
20579,1.10,43.7
20583,2.18,47.3
20616,3.65,45.39
20623,0.15,40.22
20624,3.99,42.99
20627,0.97,40.71
20629,3.22,41.1
20633,0.13,39.8
20635,1.29,44.5
20637,1.37,45
20746,1.10,39.3
20750,3.39,35.83
20751,2.25,30.3
20752,0.45,0
20765,0.13,36.51
20772,0.55,44
20791,4.75,38.7
20870,0.28,38.8
20873,0.66,45.2
20874,0.12,35.2
20880,0.13,46.4
20882,2.36,0
20883,3.19,37.13
20886,4.52,43.38
20889,0.36,37
20891,2.28,45
20896,12.33,45.12
20901,2.26,40.1
20914,0.25,41.99
20915,0.90,43.9
20923,1.31,38.1
20958,0.59,42.06
20987,0.49,44.3
20989,0.43,45.1
20990,1.20,44.8
20993,1.20,40.5
20997,1.49,41.76
21003,2.88,39.3
21006,0.23,39.5
21013,4.24,36.95
21020,1.26,42.02
21060,1.46,43
21073,1.80,25.4
21080,1.39,38.3
21082,0.46,45.8
21083,0.40,35.38
21098,0.12,36.81
21108,8.28,43.4
21111,0.77,48.1
21113,0.79,43.6
21121,0.14,38.7
21127,3.00,35.53
21128,0.27,35.85
21132,5.08,47.5
21136,0.41,41.9
21161,10.28,39.2
21168,0.17,43.3
21174,5.44,42.32
21179,0.48,40.7
21180,0.76,40.67
21186,3.59,44.3
21191,1.01,43.22
21193,3.82,44.01
21200,3.13,38.26
21210,1.56,41.31
21237,1.90,40.22
21243,2.05,48.6
21247,2.31,40.01
21250,0.83,44.43
21251,13.09,37.16
21252,5.66,39.2
21255,1.23,45.7
21258,1.59,40.8
21271,3.29,40.9
21290,3.26,36.88
21294,0.21,37.8
21305,2.50,39.03
21310,0.14,41.29
21311,1.19,45.83
21312,0.99,44.83
21314,1.09,43.7
21317,0.58,38.3
21328,4.30,41.1
21355,4.05,45.43
21361,7.30,39.24
21364,0.11,40
21366,1.28,44.8
21367,1.10,45.24
21368,0.38,40.7
21371,3.60,41.7
21372,0.46,42.35
21377,1.33,44.1
21387,2.01,47.2
21390,0.53,40
21391,11.07,42.3
21394,0.15,34.3
21395,0.64,40.44
21396,3.09,40.7
21399,0.22,44
21410,0.14,42.75
21417,0.21,40.15
21421,0.40,42.26
21424,3.74,41.06
21425,0.89,48.69
21434,0.22,42.5
21435,3.61,39.15
21441,0.71,42.7
21450,0.47,44.6
21453,2.72,41.46
21454,2.25,41.7
21457,0.30,46.9
21464,5.83,40.63
21469,0.70,41.9
21472,2.33,40.19
21473,5.54,34.56
21478,9.25,39.32
21479,0.36,43.4
21480,2.90,43.14
21482,0.17,42.43
21485,0.41,40.71
21496,0.25,39.4
21498,1.39,42.5
21505,0.15,38.3
21506,0.29,41.6
21513,0.34,45.55
21517,0.29,45.3
21535,0.11,39.67
21560,0.70,42.4
21567,0.41,42.09
21575,0.21,41.28
21589,0.73,44.57
21591,1.07,44.3
21612,0.46,47.5
21615,1.73,43.45
21626,0.96,41.2
21628,0.63,41.8
21782,8.40,48.7
21870,0.15,40.6
21902,1.18,36.8
21915,0.21,38.67
21933,1.31,48.8
21370,0.35,42.28
21414,6.35,42.66
21415,9.97,40.7
21452,2.96,31.51
21463,0.22,42.3
21474,0.50,37.7
21504,3.91,40.31
21548,0.92,41.5
21555,0.12,40.31
21556,0.18,40.9
21565,0.20,39.31
21576,5.05,46.3
21580,0.70,45.04
21590,0.97,42.3
21593,0.29,42.2
21613,4.56,37.87
21617,0.58,39.77
21639,3.16,0.01
21657,2.34,42.6
21691,1.18,37.11
21693,0.62,45.02
21704,5.86,41.09
21706,1.27,41.67
21708,0.65,42.42
21711,4.03,40.8
21716,0.88,47.5
21719,0.26,41.1
21725,0.13,36.92
21787,0.33,43.2
21788,1.82,40.03
21791,3.67,43.7
21799,0.47,30.4
21803,0.33,39.41
21808,0.94,37.32
21810,0.16,36.68
21825,5.12,36.89
21833,0.30,44.3
21834,0.19,38.2
21860,0.21,39.2
21900,0.25,43.4
21918,0.15,38.9
21928,0.86,44.3
21937,0.13,42.03
21938,0.85,44.91
21940,1.13,39.97
21959,0.41,43.4
21962,1.33,40.6
21977,4.02,41.5
21978,10.57,41.1
21979,1.84,40.7
21980,0.37,42.7
21985,0.38,39.7
22001,3.13,42.25
22003,0.31,39.1
22015,1.20,40.6
22021,0.56,39.43
22022,5.57,44
22023,0.25,41.3
22027,3.56,40.9
22030,0.23,40
22040,0.46,38.6
22055,0.22,0
22061,0.50,44.6
22062,0.78,38.8
22067,0.62,38.2
22077,3.28,44.1
22078,2.55,46.5
22081,0.66,49.7
22082,4.21,40.68
22095,8.84,41.7
22103,1.36,47.21
22121,0.23,44.4
22131,0.50,38.6
22132,0.72,44
22156,0.25,41.8
22168,1.28,49.2
22182,0.10,44.42
22198,0.38,39.79
22204,0.50,38.26
22214,0.78,0.02
22224,0.30,41.07
22227,4.12,40.97
22238,0.43,38.1
22242,0.73,41.91
22252,0.25,40.65
22257,0.50,41.1
22262,0.10,40.38
22269,3.66,41.73
22270,9.54,42.53
22271,0.50,41.8
22273,2.87,46.44
22275,0.90,41.09
22347,0.46,42.04
22354,1.46,36.2
22355,0.55,39.33
22361,1.50,46.4
22362,2.37,44.49
22375,1.64,48.8
22379,1.98,0.01
22380,8.67,39.02
22382,2.02,41.08
22451,0.95,41.65
22454,9.44,40.5
22468,0.11,41
22469,1.08,44.7
22474,0.22,43.4
22523,1.39,47
22529,1.15,43.93
22534,2.75,0.12
22536,0.22,43.9
22537,2.78,42.31
22548,0.56,38.8
22556,0.82,41.35
22593,11.18,40.5
22611,0.23,40.81
22619,1.01,44.34
22625,0.91,44.72
22626,0.55,43.2
22634,2.13,43.4
22640,0.59,44.42
22641,0.69,46.21
22644,2.30,43.04
22651,0.79,45.07
22674,0.68,37.54
22683,0.62,40.2
22687,0.44,46.66
22698,0.87,44
22703,0.19,38.1
22706,0.88,41.3
22708,0.30,47.4
22711,0.76,46.8
22730,0.20,38.2
22731,1.12,37.99
22734,1.08,44.72
22736,0.10,38.81
22738,0.48,41.09
22740,4.08,37.98
22742,0.61,40.22
22749,3.05,42.86
22751,8.56,40.32
22762,5.14,44.46
22765,0.72,46.51
22768,3.02,43.8
22783,0.41,40.19
22810,0.22,40.4
22818,0.41,40.4
22822,6.58,42.3
22836,0.21,41.9
22845,3.08,43.13
22853,0.09,35.5
22855,1.16,48
22860,10.68,39.59
22864,0.16,41.6
22871,4.41,47.1
22877,1.48,42.1
22882,2.96,44.9
22909,0.28,41.9
22912,0.31,41
22921,0.96,45.3
22925,0.28,43.85
22945,0.82,45.1
22959,0.25,44.2
22961,2.02,39.86
22962,0.54,38.61
22963,12.61,32.7
22967,0.71,40.58
22976,7.07,43.1
22980,0.11,31.84
23034,3.95,48.1
23037,0.34,39.7
23038,0.28,47.8
23046,0.21,36.45
23048,0.13,38.4
23051,4.78,35.28
23052,0.25,43.83
23057,0.19,37.34
23061,0.30,42.5
23073,0.46,44.72
23074,0.34,44.4
23075,1.69,51
23080,2.58,41.36
23089,0.59,44.15
23122,2.07,0
23152,6.11,41.74
23153,4.80,46.5
23163,0.22,40.74
23173,0.42,42.8
23193,1.38,42
23195,2.30,40.6
23216,1.34,44.1
23218,3.63,35.81
23219,7.95,41.98
23220,0.21,41.31
23222,4.18,40.86
23238,5.75,43.9
23251,0.19,43
23252,2.27,49.6
23253,0.22,44.5
23258,3.40,41.86
23267,0.25,39.9
23270,0.68,38.1
23284,0.37,41.5
23289,0.37,44.2
23294,1.77,35.9
23297,1.18,46.2
23334,0.16,34.1
23341,0.16,42.1
23347,0.19,41.03
23403,1.00,38.33
23424,0.66,43.71
23425,0.95,37
23430,0.22,41.7
23442,10.47,46
23452,0.37,45.39
23457,0.19,38.82
23459,0.08,0
23462,1.99,40.8
23471,1.04,43.25
23491,0.16,42.16
23492,0.10,37.91
23493,0.73,39.74
23551,0.22,40.2
23557,0.67,43.6
23566,1.72,44.1
23567,14.13,45.01
23577,2.00,38.82
23591,0.08,37.5
23593,2.38,41.89
23595,0.28,42.31
23596,3.01,43.91
23657,3.82,43.11
23660,3.56,42.21
23670,3.64,47.63
23673,0.78,43.55
23675,3.30,44.6
23680,1.92,39.99
23681,0.39,37.55
23696,0.40,42.69
23747,0.27,36.9
23752,2.09,40.7
23762,2.35,39.65
23776,9.34,35.49
23787,0.86,44.2
23808,1.17,46.8
23810,4.19,44.8
23816,0.90,42.7
23818,0.47,41.6
23835,3.49,40.2
23844,0.82,42
23854,0.71,44.93
23855,0.90,44.18
23858,0.34,40.75
23860,1.83,44.94
23864,0.43,0
23865,0.43,40.1
23869,0.22,40.7
23873,0.42,36.9
23879,6.65,39.95
23880,1.19,44.11
23889,0.45,38.93
23890,1.79,48.7
23892,8.74,41.05
23903,1.04,44.06
23928,0.21,37.7
23931,0.72,46.3
23932,0.15,33.5
23934,0.82,42.58
23936,0.22,39.9
23952,12.18,41.68
23958,0.34,44.2
23963,2.26,42.41
23964,0.45,45.3
24007,4.93,44.3
24037,0.12,41.3
24040,9.13,41.57
24053,0.51,46.4
24056,0.67,42.4
24057,0.34,43.6
24062,1.39,42.9
24066,2.65,45.7
24094,0.42,42.4
24158,0.17,37.2
24162,1.09,37.31
24168,0.18,42.36
24194,0.64,39.92
24247,0.44,44.7
24268,2.13,45.73
24345,6.10,0
24388,0.44,42.9
24426,3.27,40.4
24467,13.60,43.6
24512,3.80,41.01
24515,4.11,0
24547,3.42,42.7
23692,0.19,34.47
23757,0.13,34.92
23896,0.24,39.4
23900,0.47,41.56
24096,11.54,0.35
24156,1.12,30.2
24161,0.12,41
24177,0.57,46.5
24188,0.47,44.4
24220,1.32,44
24279,0.11,38.91
24313,0.23,42.2
24330,0.29,44.3
24339,1.14,45.9
24340,4.46,41.5
24350,0.18,41.39
24358,1.35,42.5
24374,0.18,41.01
24375,1.99,37.93
24385,0.77,41.37
24387,0.56,36.5
24389,0.62,45.14
24390,4.62,44.9
24391,4.73,44.69
24393,4.25,36.44
24395,0.95,40.3
24419,0.55,43.3
24432,1.07,0.12
24437,0.19,40.77
24438,2.43,41.84
24449,4.62,41.1
24465,1.98,46.2
24475,0.13,37.06
24494,5.61,43.8
24504,0.13,38.14
24513,4.24,37.02
24522,0.24,40.35
24525,3.53,41.5
24540,0.25,32.2
24551,1.19,39.8
24553,12.51,41.89
24558,4.27,41.96
24561,2.41,45.2
24566,0.25,37.2
24567,0.15,40.9
24568,4.75,42
24597,2.84,45.4
24603,4.38,44.9
24612,4.90,43.8
24639,6.64,40.1
24646,2.83,40.26
24648,0.58,45
24652,2.22,42.97
24653,0.92,43.38
24655,3.99,0
24661,0.13,37.5
24670,2.02,31.8
24675,0.10,40.26
24676,1.22,42.1
24720,0.61,44.99
24739,0.46,43.48
24741,0.45,38.17
24742,1.30,0.03
24751,5.08,41.27
24752,2.01,42.1
24759,4.26,40.65
24760,0.16,39.4
24763,7.32,44.5
24766,6.10,43.02
24774,0.55,41.7
24778,3.70,39.89
24784,0.34,44.9
24786,0.13,39.9
24847,5.32,0
24849,0.24,40.2
24851,0.72,41.5
24857,3.43,34.5
24864,0.19,42.89
24865,4.39,41.46
24869,3.06,41.3
24872,1.07,44.5
24878,13.12,39.86
24882,0.72,40.71
24883,0.39,38.1
24884,0.81,40.72
24887,0.62,40.3
24893,2.37,49.3
24914,2.85,45.5
24936,3.84,47.9
24966,9.01,40.29
24970,0.63,43.1
24978,4.99,44.6
24988,0.83,43.4
24992,3.92,46.02
24993,0.61,47.33
24997,2.42,0.01
25009,4.09,45.54
25021,3.56,43.5
25027,2.23,37.8
25033,5.34,44.3
25042,0.73,0.09
25043,5.99,39.68
25050,6.35,39.6
25051,1.24,0.01
25054,0.84,46.48
25061,0.83,44.6
25063,0.48,46.02
25069,4.26,41.53
25075,0.13,32.4
25078,2.15,44.5
25081,3.80,45.82
25084,0.83,41.52
25112,8.73,38.98
25113,1.72,38.2
25114,0.47,41.1
25116,8.39,42
25122,0.57,45.46
25134,2.00,47.08
25138,8.72,34.6
25140,0.50,44.9
25143,3.66,40.56
25159,0.24,47.01
25172,3.66,37.48
25204,0.55,41.9
25214,0.45,46.7
25220,2.46,42.29
25228,4.19,38.85
25235,5.56,42.35
25244,3.05,41.83
25249,1.75,42.7
25250,2.27,36.76
25252,7.94,40.6
25253,1.07,41.93
25254,2.81,46.4
25330,3.95,38
25338,0.76,38
25344,5.37,42.15
25351,1.50,49.24
25357,0.14,43.5
25358,0.50,43.74
25364,1.16,43.74
25369,6.72,43.7
25372,0.23,35.43
25375,4.80,41
25377,3.49,48.71
25384,0.19,39.51
25400,1.54,43.5
25439,3.83,44
25451,0.78,0.16
25452,2.50,41.6
25453,1.50,42.7
25460,0.56,41.8
25461,0.33,40.3
25462,0.38,43.08
25477,0.34,38.3
25482,0.67,44.05
25489,0.18,38.89
25495,6.72,39.49
25524,0.11,35.9
25530,5.07,41.2
25559,10.81,41.4
25575,2.66,42.54
25576,0.81,41.8
25583,0.80,45.37
25587,2.03,36.37
25590,0.22,42
25592,7.23,36.8
25593,0.92,48
25598,0.10,42.25
25602,1.02,42.87
25609,2.15,42.36
25646,0.78,40.1
25655,0.94,43.6
25686,0.58,44.9
25699,4.40,45.6
25700,6.34,41.34
25705,1.12,44.03
25716,0.96,45.9
25735,0.27,38.16
25738,2.28,37.06
25743,4.53,34.37
25748,0.22,39.8
25749,0.19,38.47
25764,2.60,38.53
25782,0.54,40.7
25785,0.70,38
25791,0.32,34.4
25796,0.32,36.77
25798,4.45,44.4
25799,0.27,37.98
25801,0.48,39.23
25802,0.30,41.41
25804,2.28,45.14
25811,0.27,42.6
25812,0.49,37
25869,6.28,39.1
25904,0.19,39.43
25909,2.09,38.19
25912,0.58,38.86
25913,3.79,0.12
25922,0.66,43.04
25924,3.81,0.14
25932,0.28,43.98
25939,0.59,36.8
25940,7.05,39.27
25951,3.57,41.5
25958,0.33,40.19
25988,0.34,45.7
26018,4.93,40.6
26030,2.73,0.05
26031,2.28,0.09
26033,0.18,38.7
26034,0.51,37.07
26036,6.54,45.1
26043,0.77,45.3
26046,1.93,40.65
26048,8.56,34.67
26059,0.52,45.53
26063,0.75,42.31
26066,4.56,35.9
26144,6.54,44.6
26150,1.59,40.94
26157,1.22,43
26159,0.11,37.04
26160,2.93,0.12
26169,1.87,40
26183,0.14,37.8
26191,3.58,40
26228,0.26,36.8
26263,8.30,37.81
26268,0.16,39.21
26271,1.53,36.6
26272,0.13,36.3
26279,0.63,41.9
26281,0.40,41.9
26284,2.71,42.2
26296,0.90,37.81
26297,7.47,42.43
26334,0.14,38
26341,0.85,44.9
26351,0.92,44.3
26354,0.49,43.87
26356,5.97,45.9
26359,0.12,42.4
26365,7.39,44.9
26369,0.88,39.7
26387,0.37,37.98
26389,0.11,35.72
26390,6.21,46.8
26411,5.38,41.33
26415,8.09,38.1
26454,0.17,36
26455,0.15,40.5
26463,0.20,40.8
26468,0.15,39.4
26485,4.46,38
26488,0.21,43.9
26491,1.31,45.08
26515,3.97,40.4
26525,1.67,39.19
26536,3.61,44
26587,0.13,37.3
26590,4.98,37.7
26594,1.34,48.5
26595,5.06,43.6
26597,0.44,45.46
26600,3.92,41
26605,1.53,40.13
26606,0.13,37.46
26631,3.36,41.33
26633,0.17,38.2
26634,4.28,39.68
26635,0.30,39.3
26641,8.76,47.16
26696,1.56,44.06
26697,1.21,41.7
26704,2.69,43.5
26706,0.25,41.28
26708,0.27,39.53
26711,0.20,41.36
26713,1.92,0.08
26714,0.67,41.2
26717,4.06,38.23
26720,4.08,43.7
26726,0.40,36.14
26791,2.75,46.3
26796,0.74,42.8
26802,0.78,43.04
26806,0.66,41.74
26820,0.61,41.84
26825,0.80,0.01
26827,1.81,50.37
26831,0.92,42.19
26833,3.93,40.62
26838,1.56,43.3
26842,4.63,39.06
26909,2.71,37.15
26910,0.21,39.67
26922,2.42,47.27
26926,10.19,46.9
26927,4.36,0
26928,7.30,45.66
26934,7.52,43.3
26938,2.76,40.3
26943,0.14,42.29
26993,3.47,44.38
26998,0.19,40.03
27002,0.67,43.6
27014,1.42,46.9
27022,0.17,40.4
27054,4.49,38.79
27060,10.21,0
27067,0.79,47.4
27073,5.65,38.26
27120,2.81,41.3
27128,4.13,0
27259,3.24,0
25636,0.64,35.2
25937,0.13,33.61
26378,5.30,35.6
26482,5.78,41.51
26626,0.23,31.54
26690,5.90,38.1
26728,1.98,45.2
26810,6.16,41.74
26904,5.99,36.8
26931,3.38,39.2
26995,0.31,42.76
27031,0.47,46
27043,6.42,42.4
27048,0.21,30.2
27056,7.36,38.4
27057,3.67,39.12
27069,2.72,37.57
27070,0.18,38
27076,8.60,41.9
27081,11.05,45.8
27084,6.75,39.9
27085,1.39,38.22
27087,1.00,44.3
27088,0.34,47.19
27089,4.86,41.84
27103,0.13,36.6
27121,2.07,44.11
27129,6.95,37.96
27171,0.80,45.6
27191,6.14,40.8
27225,5.33,39.76
27229,3.92,40.15
27230,5.51,40.6
27232,4.34,39.69
27238,3.58,35.75
27241,1.63,38.7
27246,4.35,38.5
27248,3.15,41.13
27249,0.19,38.51
27250,1.34,36.3
27275,10.43,47.5
27280,1.81,45.1
27281,10.18,0
27285,3.33,37.3
27295,6.26,42.2
27330,0.33,33.09
27332,6.27,40.8
27337,2.68,44.33
27347,4.16,33.63
27348,0.38,40.02
27349,1.72,41.64
27350,0.70,39.84
27353,1.07,43.7
27354,1.01,41.32
27362,1.00,0.27
27367,5.07,44.4
27370,1.28,41.4
27371,3.80,39.56
27375,1.31,41.21
27413,0.71,41.9
27427,4.64,43.7
27429,1.23,47.6
27436,1.41,40.1
27437,4.43,40.92
27439,0.85,41.14
27441,1.16,45.5
27448,2.10,43.1
27451,0.11,39.87
27452,0.74,0
27456,6.36,41
27462,0.20,40.33
27493,7.47,0
27498,3.03,33
27500,9.50,41.79
27505,0.16,37.7
27514,4.55,37.66
27515,0.25,42.8
27520,0.16,39.3
27542,10.20,46.4
27549,4.31,45.05
27551,4.09,43.4
27558,0.51,44.88
27561,0.64,42.3
27564,0.88,47.11
27594,0.54,40.59
27595,3.42,44.1
27597,10.55,0
27600,2.62,30.64
27605,1.51,42.5
27606,1.36,42.95
27607,1.49,39.2
27608,0.31,36.2
27611,11.09,40.4
27613,0.85,46.08
27620,0.41,44.5
27623,0.43,42.12
27663,13.57,46.6
27673,4.01,42.7
27674,3.14,43.99
27676,0.74,42.1
27698,0.35,42.31
27762,0.75,43.9
27785,0.76,45.2
27810,0.44,40.15
27811,7.89,39.3
27815,3.43,40.32
27825,3.71,45.89
27828,3.18,38.8
27830,3.96,41.91
27840,1.98,33.65
27844,0.15,36.7
27852,2.80,42.62
27913,2.94,46.3
27921,0.32,43.4
27935,3.88,39.32
27937,2.05,41.27
27943,0.65,47.2
27945,6.15,46
27948,0.25,40.58
27963,0.48,46.04
27974,2.00,46.7
28045,4.27,41.9
28053,0.30,35.8
28056,5.40,41.3
28057,7.27,38.23
28063,0.96,35.15
28072,0.26,37.58
28074,0.41,39.3
28077,3.69,44.9
28090,0.55,41.5
28091,4.45,41.6
28092,1.60,44.91
28095,4.28,48.9
28097,0.34,42.3
28145,0.35,39.3
28163,0.13,38.9
28165,0.67,40.9
28170,1.42,46.5
28173,3.25,38.9
28175,0.54,42.5
28181,0.64,44.5
28183,1.27,44.4
28189,5.05,40.1
28196,0.27,40.6
28199,2.96,40.63
28202,0.29,43.1
28215,1.55,44.41
28218,0.67,46.23
28219,4.42,38.04
28224,4.07,42.7
28260,1.02,45.92
28263,1.13,35.87
28284,4.47,44.3
28286,5.56,38.69
28294,11.12,45.4
28305,4.68,42.9
28312,0.51,44.3
28316,0.55,42.4
28331,6.62,41.92
28333,5.17,38.26
28347,3.08,35.5
28363,0.38,41.74
28369,0.40,41.84
28373,1.34,41.23
28374,8.82,44.8
28379,1.05,37.79
28385,0.88,42.67
28388,0.99,42.7
28393,4.35,0
28394,9.09,42.1
28396,0.48,42.7
28402,3.00,52.9
28404,1.41,37.66
28407,0.49,41.55
28497,0.40,42.7
28512,0.33,46.9
28515,0.32,45.66
28520,1.11,35.5
28524,1.02,45.24
28527,0.23,39.2
28530,0.19,41.2
28533,0.52,37.9
28547,0.38,40.8
28553,13.18,48.1
28555,3.39,46.23
28557,5.95,38.64
28617,2.79,45
28625,1.10,44.8
28644,3.14,33.64
28649,0.25,43.6
28657,1.29,46.1
28664,6.66,41.6
28671,0.29,47.79
28694,7.54,42.2
28712,0.26,41.9
28723,0.22,42.4
28727,4.28,45.52
28730,3.48,39.5
28746,0.69,46.9
28759,6.37,38.9
28772,0.52,41.2
28777,0.56,45.14
28785,1.61,40.8
28849,4.93,0
28857,0.54,44.79
28882,0.12,38.46
28894,4.48,39.57
28903,0.52,0
28905,2.23,48.09
28907,0.50,39.56
28910,3.53,50.81
28913,0.16,40.96
28920,0.14,33.7
28928,2.79,43.8
28951,0.51,40.6
28952,4.38,44.3
28958,0.45,43.8
28959,0.51,43.25
28973,0.56,41.95
28978,0.64,40.75
28979,0.18,38
28998,2.39,40.3
29024,0.83,42.2
29025,7.62,44.1
29027,7.88,43.9
29032,0.26,43.8
29034,0.65,42.9
29049,3.47,43
29050,1.01,44.4
29052,3.24,42.13
29055,0.18,44.38
29094,3.75,38.77
29100,1.57,41.9
29101,6.66,44.92
29102,9.64,43.4
29110,0.71,48.24
29114,0.16,38.6
29118,11.37,43.8
29122,1.55,49.1
29197,2.15,44.4
29238,4.16,37
29241,0.33,40.61
29245,0.18,38.25
29248,11.50,41.4
29254,1.33,41.69
29259,7.19,47.02
29268,3.96,40.5
29284,5.98,42.8
29290,0.76,41.5
29314,0.96,42.21
29316,6.03,45.46
29331,8.13,38.86
29346,3.90,41.63
29350,0.13,40.5
29351,3.65,42
29369,2.88,40.9
29370,8.38,42.09
29372,0.96,45.09
29396,4.77,0
29443,5.07,45.07
29444,0.53,44.9
29450,2.58,40.7
29456,3.21,41.82
29468,2.53,46.97
29469,1.23,42.4
29471,2.53,43.11
29493,6.16,41.86
29538,5.73,42.3
29551,2.33,51.01
29559,2.08,35.63
29565,3.05,47.51
29572,1.16,47.6
29573,3.21,45
29574,1.98,46.71
29603,4.38,46
29612,4.99,42.4
29614,1.08,36.4
29626,3.36,39.92
29631,0.72,45.77
29634,7.88,42.1
29640,2.47,47.5
29653,8.02,0
29658,12.11,41.13
29659,3.28,35
29669,4.91,43.8
29697,9.98,0
29710,0.10,38.22
29726,2.96,48.1
29769,5.26,46.4
29774,11.29,42.02
29778,0.12,39.2
29781,3.05,47.1
29782,0.28,45.07
29873,0.31,39.76
29882,0.36,46.5
29896,11.57,42.9
29914,1.15,39.94
29962,0.43,47
30008,8.82,37.59
30022,5.52,0
30135,1.08,46.9
30213,8.08,40.07
