1025,10.11,39.45,8.23
1054,0.30,49.11,16.52
1103,1.95,44.85,7.41
1104,6.71,37.73,6.29
1109,0.10,35,14.09
1127,6.37,44.94,9.25
1139,6.76,27.91,15.77
1163,1.71,42.67,8.93
1168,0.09,39.94,11.11
1172,1.19,45.56,8.34
1173,1.25,44.56,8.74
1211,1.87,40,4.54
1212,0.41,43,15.15
1213,0.36,43,15.35
1217,0.13,46,8.93
1224,0.59,50,12.28
1263,0.51,42,11.79
1271,0.13,37,6.19
1275,4.16,44,6.33
1276,0.43,42,10.79
1281,0.41,37,12.01
1352,0.61,49,7.69
1364,6.38,44,12.83
1367,0.98,41,9.08
1431,6.27,37,7.13
1456,8.14,44,8.70
1464,0.41,41,9.53
1556,8.64,39,8.94
1618,1.75,42,9.44
1650,0.19,44,11.75
1658,1.73,43,8.80
1670,0.72,45,12.04
1687,4.44,41,8.40
1688,5.04,44,3.56
1702,0.36,43,11.11
1705,3.55,45,7.53
1756,2.17,43,6.24
1780,11.19,40,6.23
1783,5.81,39,8.19
1784,6.41,44,14.09
1821,13.40,43,5.64
1830,3.99,43,7.73
1894,3.19,45,7.48
1935,1.21,47,8.27
1944,0.49,45,7.62
1956,0.70,38,11.68
1969,3.17,42,6.96
1994,5.57,41,8.97
1996,3.52,43,8.92
2046,7.30,38,4.80
2058,0.95,44,10.17
2062,0.94,44,11.12
2063,3.87,42,9.01
2124,6.15,39,7.61
2133,0.20,42,21.45
2138,8.32,48,8.53
2145,10.95,30,23.29
2156,5.31,41,13.51
2210,0.38,43,7.26
2218,9.16,35,14.38
2219,1.85,42,9.09
2290,5.74,46,11.05
2291,6.07,40,5.15
2292,1.75,47,6.45
2366,0.43,44,20.83
2369,0.18,40,7.71
2371,0.79,35,22.30
2387,2.65,36,14.86
2397,1.36,51,10.00
2399,4.06,30,11.78
2400,7.23,31,11.80
2401,0.16,43,10.29
2420,2.35,40,11.69
2551,4.80,36,9.30
2587,6.80,40,6.52
2664,0.11,38,10.77
2665,0.35,37,9.88
2666,2.53,41,11.33
2667,3.44,40,8.03
2674,2.19,43,6.09
2739,10.56,31,8.08
2760,3.07,44,6.01
2782,7.90,47,5.09
2836,0.34,44,9.96
2847,1.25,44,13.30
2919,11.01,41,8.07
2921,1.04,47,15.01
2924,4.44,36,8.11
2951,1.79,47,7.11
2964,0.82,45,9.50
2968,4.33,42,5.35
2969,1.18,40,8.41
3018,2.67,42,4.34
302,2.70,36,10.91
3031,7.32,38,5.98
3085,3.02,42.56,5.35
3111,4.21,40,11.49
3114,5.57,41,6.65
3204,3.57,47,9.66
3216,6.13,40,6.17
3219,4.56,35,6.08
3221,3.85,45,5.93
3294,0.18,0,14.54
3315,7.68,42,4.11
3382,3.40,42,8.23
3389,1.52,46,8.68
3390,0.83,43,10.47
3399,4.90,38,11.68
3461,5.72,43,6.58
3490,7.34,40,6.73
3528,0.76,50,11.46
3531,0.38,38,16.46
3558,0.35,40,9.41
3561,1.82,42,4.37
3570,1.25,46,5.44
3583,4.28,38,4.64
3675,3.63,41,7.33
3682,0.20,38,12.73
3689,0.68,45,6.49
3694,4.11,44,6.21
3706,4.45,46,5.10
3768,8.81,37,7.36
3769,1.01,40,8.46
3776,0.25,43,9.97
3787,0.78,40,11.33
3853,3.71,42,7.21
3864,6.45,38,7.04
3867,2.90,46,8.84
3946,4.82,42,9.84
3960,3.97,41,8.93
3971,3.38,46,8.25
3972,1.40,50,7.31
3974,4.85,43,12.04
3976,2.13,46,9.46
4063,8.10,45,7.27
4086,5.72,47,9.87
4092,0.30,46,11.20
4139,10.33,41,11.57
417,1.05,0,6.32
4177,1.39,51,13.57
4185,2.08,44,6.16
4201,5.20,42,8.68
4204,3.20,49,8.74
4289,7.77,42,9.14
4290,1.65,37,9.05
4292,0.26,46,7.07
4299,9.82,46,9.44
4303,9.72,43,9.44
4315,2.50,43,8.07
4323,0.11,39,14.72
436,0.96,39.17,9.30
4404,4.76,40,6.09
4406,5.89,38,6.10
4408,10.59,46,7.77
4409,1.28,44,5.45
4412,1.01,38,6.71
4420,1.96,44,6.85
4425,3.52,43,7.92
4434,0.48,47,11.26
4496,0.95,42,4.91
4497,1.93,47,3.92
4500,0.59,47,15.99
4503,5.07,44,8.04
452,10.55,37.77,10.96
4530,0.33,37,12.87
458,10.03,44.75,7.45
4600,5.20,42,7.99
4601,13.40,43,7.96
4602,6.39,40,6.50
4604,11.70,42,8.73
461,0.55,40.61,10.72
4628,0.28,47,8.64
463,0.79,48.59,7.81
468,2.88,46.3,15.33
4696,2.09,43,6.43
4701,0.79,48,17.01
4704,2.84,40,5.54
4706,2.35,41,7.80
472,3.10,37.25,7.02
473,0.44,35.97,18.25
4744,2.10,42,7.77
4754,1.10,43,5.17
4756,0.65,41,8.85
4781,2.52,46,6.60
4817,0.85,45,8.98
4818,3.08,37,5.59
483,12.64,38.45,7.56
4831,3.02,48,9.37
4913,4.17,40,7.51
4914,1.71,39,7.39
4916,1.96,40,9.89
494,2.33,49.72,16.99
4989,2.54,45,5.30
501,1.77,38.96,24.50
5010,0.40,41,12.01
5018,1.74,46,12.28
503,3.08,46.14,30.61
504,0.45,46.3,7.83
5040,8.55,46,9.99
5105,0.10,39,13.14
5110,1.51,41,18.59
5126,1.57,43,10.76
5132,0.10,37,6.02
5137,5.58,48,9.05
5157,1.17,47,8.14
5201,1.64,40,9.03
5238,6.39,44,12.53
526,3.13,40.95,8.81
5261,3.50,38,10.92
5266,2.58,42,7.79
5311,0.29,45,13.15
5317,0.15,38,9.87
534,3.67,47.51,10.47
5342,0.60,45,10.43
5346,1.68,44,8.58
536,2.48,43.26,18.38
5368,0.69,42,13.71
5371,1.79,44,10.43
5372,6.16,38,7.36
5379,6.01,39,11.38
5383,7.83,45,10.04
5389,2.13,39,8.89
5439,0.84,44,14.20
544,0.68,42.62,8.40
5449,0.16,40,9.91
5450,0.15,42,15.17
5452,0.53,41,10.57
5463,3.88,40,10.41
548,1.38,38.9,5.92
5548,0.67,43,6.48
5564,2.53,43,8.21
5565,1.38,38,8.43
5569,6.19,41,9.87
5578,10.62,41,5.61
559,0.14,41.49,27.37
562,11.48,41.43,6.77
5660,1.48,40,14.69
5667,11.02,47,10.11
5668,0.39,46,7.19
5671,5.91,41,4.67
569,0.50,46.28,11.62
574,0.39,42.07,9.60
5764,0.13,39,12.02
5774,4.67,43,5.54
5778,0.74,46,16.81
5782,0.15,44,9.27
5783,6.83,41,5.21
5785,0.67,50,10.54
5786,5.36,41,7.45
580,3.87,29.89,7.25
588,10.33,46.26,7.28
5943,0.58,38,16.03
5954,1.00,41,12.59
5958,8.52,42,10.63
6018,0.09,41,12.68
6050,1.08,45,12.49
6076,9.06,42,5.71
6084,1.68,43,9.27
609,4.08,37.83,7.19
6095,3.62,39,9.86
6100,4.21,42,7.73
614,1.13,37.42,20.00
615,3.95,48.82,11.75
6163,0.30,47,19.02
617,0.65,44.11,5.67
619,4.73,44.93,13.20
6214,0.88,47,13.05
6218,3.05,46,8.38
622,0.13,40.81,11.04
6229,5.65,46,6.27
624,7.04,43.85,7.33
6270,0.27,43,0
6287,1.67,40,14.70
6299,6.53,47,6.03
6301,5.68,38,5.64
6309,0.21,46,15.26
6310,1.07,42,9.02
6351,6.85,35,5.06
637,5.17,41.66,3.92
6378,1.17,42,9.61
6394,0.11,46,17.55
6415,1.26,48,11.82
646,1.52,49.7,12.35
648,5.90,46.93,9.36
6490,1.19,42,7.23
6506,1.63,42,7.60
6507,4.18,43,3.95
6518,1.13,41,19.07
6533,9.97,43,5.71
6563,0.63,33,13.97
6605,3.39,40,10.97
6628,2.11,32,17.53
665,10.29,38,7.08
667,0.41,44.34,13.58
6682,1.25,44,5.98
669,3.45,45.21,9.59
6699,4.81,45,12.16
6796,0.90,49,9.85
6832,0.19,43,9.12
705,6.39,39.55,10.70
723,11.90,43.34,5.95
734,4.30,40.06,7.70
739,0.19,35.5,9.73
748,0.85,37.6,12.06
758,0.25,41.1,26.42
768,4.62,39.04,9.16
773,0.10,43.46,17.70
774,0.40,40.52,6.57
787,7.69,40.43,3.92
796,2.83,44.15,21.87
801,1.32,45.04,7.36
809,3.26,39.4,6.27
817,9.50,44.56,8.01
861,6.71,44.44,5.28
871,4.06,40.54,5.89
874,2.49,45.53,7.93
877,5.25,44.87,9.82
884,1.58,43.11,6.34
890,4.17,32.49,10.59
926,1.61,50.61,5.44
935,3.85,41.13,7.20
990,4.67,39.86,3.87
993,2.48,37.47,10.96
995,1.71,42.12,6.55
10058,7.18,39.03,10.71
10064,0.72,0,5.33
10139,0.97,44.67,7.41
10152,8.71,47.2,4.58
10156,4.12,44.36,14.09
10159,4.16,41.59,9.23
10210,2.13,38.74,13.34
10229,4.24,43.03,5.80
10237,0.19,42.3,9.10
10242,0.15,41.8,9.25
10244,0.93,40.24,7.83
10250,2.01,44.78,9.05
10305,3.77,50.41,6.59
10312,1.38,43.78,10.46
10313,2.52,39.33,10.05
10316,0.19,41.22,16.39
10317,3.24,34.68,7.36
10321,7.08,40.58,10.25
10324,2.25,48.23,9.66
10326,2.67,44.99,7.83
10333,7.93,39.22,5.71
10375,3.88,43.22,13.53
10377,1.93,35.38,7.16
10382,0.23,46.52,16.06
10388,4.61,47.64,4.57
10405,6.46,40.44,8.45
10433,1.74,44,12.96
10434,3.80,4.49E+01,6.17
10439,2.36,46.1,6.42
10445,3.12,49.93,11.63
10477,3.05,47.1,8.64
10510,7.53,40.66,6.94
10522,4.53,44.94,13.31
10567,4.96,37.31,9.41
10583,6.27,41.1,6.17
10601,0.16,40.2,9.54
10606,0.48,39.65,10.50
10670,5.21,40,5.99
10672,5.09,49.1,8.28
10681,2.09,40,9.68
10684,0.21,42,11.34
10717,3.91,46.29,12.38
10792,6.17,0,9.07
10802,6.43,0,7.43
10804,3.27,0,8.97
10805,0.51,0,11.23
10812,3.15,0,9.22
10813,2.66,0,7.33
10815,2.48,0,7.32
10816,9.52,0,8.53
10817,3.22,0,11.33
10819,0.76,0,8.88
10822,6.19,0,6.69
10880,0.61,46.6,10.84
10899,12.74,41,6.64
10904,1.47,43,6.87
10987,4.80,42.61,11.34
10992,0.84,44.2,15.18
10994,3.23,43.4,6.99
10996,0.63,47.78,10.14
11001,0.37,47.78,11.70
11010,0.67,35.9,7.61
11012,3.13,47.8,6.86
11021,2.50,43.2,7.34
11083,3.36,41.78,11.95
11087,0.34,42.8,4.25
11094,0.23,37.4,9.62
11099,1.09,43.42,22.38
11103,2.24,47.86,10.08
11105,1.62,38.5,8.23
11162,0.62,38.6,20.19
11189,0.16,36.27,13.46
11204,1.73,40.21,9.35
11248,0.97,40.62,9.01
11348,0.82,44.08,10.05
11350,7.77,47,12.91
5653,0.15,38,8.83
6186,0.48,40,13.89
6305,0.89,38,9.17
6618,5.64,39,11.15
6685,6.10,45,17.25
6707,3.15,40,9.73
6743,7.30,40,10.55
6804,1.62,43,9.31
6895,1.77,35,13.12
6919,2.90,36,5.47
6922,0.25,43,13.23
6974,3.11,44,6.99
6975,1.58,42,13.43
6982,0.66,47,13.73
6990,0.21,41,6.66
7076,5.07,41,6.25
7130,1.12,43,8.75
7134,1.06,46,13.19
7142,3.21,45,8.54
7169,11.28,42,6.21
7175,0.53,42,14.77
7176,3.27,43,5.50
7180,6.59,39,9.63
7186,5.22,45,7.46
7212,0.11,40,8.63
7225,0.16,45,13.81
7240,2.16,45,4.40
7272,1.50,40,9.79
7281,7.12,38,5.70
7285,3.34,42,2.24
7288,4.46,45,14.77
7297,0.41,48,7.70
7306,2.99,42,6.49
7307,0.79,49,12.00
7367,2.45,41,6.50
7371,1.78,47,11.97
7376,0.29,45,11.77
7378,5.62,40,5.25
7389,0.86,41,8.18
7422,3.16,41,10.04
7461,3.82,46,5.29
7463,2.56,44,9.31
7472,1.59,39,10.70
7479,1.59,36,11.41
7481,0.34,47,12.98
7554,5.42,42,7.73
7591,0.35,44,5.66
7623,4.07,41,6.57
7626,3.19,44,8.48
7627,0.16,42,9.95
7641,1.75,39,7.39
7646,3.35,45,5.10
7702,0.39,41,5.65
7710,1.02,40,10.91
7717,2.88,47,11.39
7736,0.16,43,8.76
7737,4.21,43,13.54
7742,0.16,44,13.58
7746,3.07,43,4.33
7758,0.59,46,11.44
7768,2.34,42,7.44
7770,1.37,41,10.07
7784,1.41,48,9.18
7787,2.06,49,7.34
7809,0.48,44,12.48
7815,4.70,51,10.88
7816,2.91,40,12.64
7818,3.30,41,6.26
7820,11.03,47,7.32
7907,4.55,43,5.04
7909,6.13,40,5.13
7910,3.79,43,6.79
7915,0.95,45,11.77
7917,1.07,44,11.64
7931,3.45,41,10.13
7965,3.63,41,10.56
7981,4.67,39,10.07
7994,6.15,49,15.62
8006,0.39,38,10.14
8051,0.12,35,9.50
8054,0.59,39,14.91
8056,0.12,37,17.63
8059,4.21,38,5.69
8063,5.23,43,8.49
8075,0.85,48,8.21
8100,0.18,42,7.37
8113,1.45,41,16.00
8123,0.56,43,7.10
8147,0.47,46,4.61
8179,7.12,39,8.77
8187,3.40,44,9.38
8215,0.13,38,7.84
8216,0.35,45,6.53
8217,3.85,46,5.30
8231,0.32,46,6.98
8264,5.31,39,7.34
8267,3.11,37,10.48
8305,0.94,43,11.43
8307,0.61,48,10.11
8310,2.14,32,6.51
8331,2.17,43,5.63
8332,6.14,48,9.32
8346,0.55,45,23.97
8347,2.15,48,13.49
8356,1.17,45,11.77
8362,6.81,38,6.09
8363,3.10,43,11.84
8377,2.50,41,7.68
8384,1.90,41,8.93
8385,0.97,42,6.06
8393,3.10,46,4.67
8394,3.60,41,9.84
8396,7.73,46,6.73
8399,0.09,39,19.72
8400,0.13,39,10.49
8404,10.56,48,8.30
8413,4.22,50,8.71
8422,5.60,45,15.84
8442,0.16,43,6.38
8463,2.23,40,15.86
8464,0.73,47,10.34
8470,1.28,40,10.84
8473,0.98,48,8.80
8517,1.59,45,3.65
8526,1.52,43,9.24
8533,6.67,39,13.73
8582,3.35,43,10.60
8588,1.10,46,10.98
8590,3.74,47,8.41
8598,0.73,41,8.42
8600,3.46,38,0
8621,1.15,48,10.73
8625,0.46,44,18.64
8632,8.25,38,5.32
8659,0.95,44,11.70
8668,3.25,42,8.28
8689,6.84,41,5.09
8696,1.03,45,5.84
8711,1.42,40,7.96
8720,0.72,44,12.41
8731,4.91,43,7.55
8733,0.45,44,7.21
8735,0.61,45,7.92
8736,1.87,0,5.79
8745,2.06,42,4.65
8752,7.04,38,7.12
8760,1.56,44,9.11
8816,0.48,47,5.06
8831,6.19,42,5.13
8837,2.61,43,6.60
8883,0.25,37,6.02
8892,2.65,38,9.88
8896,0.47,38,18.00
8901,7.98,38,8.06
8917,8.72,40,11.80
8953,1.74,47,12.41
8968,7.82,27,13.73
8980,3.79,47,6.60
8981,0.19,39,14.98
8987,4.90,43,7.25
8989,0.33,46.1,10.93
9023,0.50,44.99,8.98
9031,4.06,0.34,7.59
9032,1.62,41,12.70
9036,9.29,39,7.56
9040,0.12,41,5.55
9045,4.07,44.4,6.25
9077,0.29,39,9.25
9093,3.25,50,7.26
9098,4.67,42,14.53
9108,1.94,41,7.10
9111,2.32,45,6.72
9136,1.68,47,19.74
9142,3.16,40,6.35
9145,0.25,40.77,11.29
9154,0.75,44,13.11
9156,5.24,39,5.40
9157,0.60,0,6.28
9165,0.14,41,4.46
9187,1.44,47,9.68
9234,0.16,41,6.61
9247,2.19,44,9.92
9252,0.92,46,11.81
9273,5.46,40.16,7.15
9275,8.15,38.68,11.69
9276,3.44,44.34,4.35
9277,0.21,44.23,7.71
9282,1.98,51.31,6.17
9285,3.05,42.96,8.41
9286,7.43,40.45,6.14
9288,3.74,37.9,8.53
9295,3.54,39.75,10.63
9306,1.84,42.49,10.41
9307,2.18,46.2,14.82
9312,4.75,46.72,11.19
9315,4.39,36.81,15.03
9347,13.23,44.97,5.05
9348,4.15,44.37,5.93
9349,2.60,42.3,8.80
9350,0.74,40.7,12.69
9388,0.18,43.07,20.49
9390,3.11,38.42,10.31
9397,4.22,42.15,9.32
9398,0.11,35.73,19.51
9422,9.94,46.3,7.22
9430,2.44,40.69,4.50
9474,6.01,32.43,12.98
9478,4.03,41.27,11.67
9487,1.16,0,11.99
9492,3.29,45.54,3.91
9558,6.73,35.55,8.31
9560,6.07,43.76,6.69
9580,0.29,45.83,12.70
9583,6.87,37.96,8.97
9640,4.26,37.15,10.91
9649,3.73,35.53,8.52
9650,0.68,43.41,11.42
9654,7.37,41.57,6.92
9655,1.73,41.82,8.79
9657,0.13,41.78,5.79
9671,0.56,48.27,11.80
9675,5.10,43.75,0
9680,0.85,49.62,9.41
9681,4.46,38.49,7.35
9684,0.63,37.7,9.62
9721,2.13,44.07,7.30
9734,3.33,40.84,8.54
9735,4.08,41.21,6.14
9738,2.91,48.15,8.18
9741,2.70,43.11,11.49
9746,4.83,46.1,8.23
9748,3.24,45.22,7.80
9758,1.61,41.35,12.22
9763,8.51,42.72,0
9798,1.32,41.1,7.67
9816,0.13,44.3,11.89
9821,1.34,40.4,10.87
9827,3.40,41.29,7.29
9886,3.98,39.32,9.00
9917,0.16,38.95,10.55
9930,0.28,41.46,18.70
9932,4.50,35.77,6.30
9947,0.25,42.62,10.52
9981,9.67,0.97,10.22
9985,8.07,43.3,6.66
9987,3.42,46.6,19.37
9991,3.39,38.3,7.50
9996,6.58,38.27,6.47
10444,6.80,33.9,13.98
10520,6.57,26.3,13.28
10586,0.09,35.92,15.54
10870,3.84,34.43,19.02
10965,0.74,45,8.55
10999,6.49,40.79,3.96
11009,1.96,46.74,5.71
11013,0.37,42.66,26.74
11049,2.67,36.45,5.89
11112,5.93,40.88,7.26
11142,5.06,37.3,7.71
11179,3.76,0,9.48
11181,5.12,37.8,6.75
11186,1.18,47.2,11.48
11202,1.73,41.4,10.48
11249,0.09,40.71,19.25
11250,7.05,43.4,8.14
11256,3.79,44.2,14.93
11257,1.08,38.6,8.74
11262,0.32,35,8.79
11265,2.83,42.6,11.09
11267,0.15,41.2,9.33
11270,3.93,41.3,13.20
11271,0.46,36.4,5.42
11336,0.59,46.6,8.15
11337,6.12,43.1,9.56
11344,2.37,44.52,7.73
11346,0.51,28.9,11.19
11347,3.53,44.4,4.32
11357,3.70,36.6,13.86
11366,8.33,42,7.28
11371,5.84,39,8.37
11383,3.35,44.23,11.08
11385,0.44,43.83,13.84
11393,3.80,45.22,10.77
11433,2.70,41.8,8.67
11438,0.41,41.2,8.07
11449,2.61,43.07,10.86
11455,2.49,42.64,6.31
11456,5.04,47.79,10.84
11460,6.16,41.7,6.99
11466,2.37,45.48,6.26
11470,0.16,44.25,5.69
11503,1.10,54.3,5.99
11528,0.28,42.69,7.48
11537,0.53,38.5,8.47
11539,0.81,44.2,11.27
11550,3.67,42.7,7.09
11558,1.85,45.1,11.59
11575,0.11,38.63,6.00
11578,6.57,0.26,9.25
11587,1.24,42.7,10.07
11602,2.46,40.47,9.30
11611,0.33,42.6,8.71
11645,0.21,0,7.70
11653,1.47,40.6,23.35
11654,4.27,41.8,8.18
11658,7.75,35.85,5.99
11664,1.09,43.71,11.95
11668,4.12,40.3,6.05
11698,4.82,38.4,11.71
11739,4.19,48.6,10.70
11740,3.26,41.72,9.62
11741,3.39,42.4,15.14
11742,1.40,47.5,10.17
11746,4.88,43.15,10.22
11750,2.88,46.91,6.50
11751,0.24,40.28,10.44
11758,1.64,41.8,20.15
11763,7.39,38.14,9.86
11767,3.24,42.8,6.13
11768,5.75,40.7,9.14
11769,3.04,50.8,7.32
11798,3.05,43.5,6.75
11805,3.31,44,13.73
11808,0.49,45.95,5.89
11810,0.67,50,9.62
11824,1.69,43.03,15.76
11847,0.73,43.5,10.47
11862,0.17,40.38,4.79
11890,1.28,41.27,6.62
11891,8.94,42.7,8.11
11894,0.25,42.4,8.59
11895,9.45,38.49,7.81
11899,0.84,47.6,14.66
11900,5.19,0.01,7.75
11901,0.81,45.41,15.24
11903,0.73,42.32,13.44
11907,1.22,37.99,12.04
11909,2.88,34.3,14.05
11957,5.45,40.06,6.75
11962,3.81,46.8,6.28
11967,3.93,44.9,9.34
11983,3.46,40.7,6.09
11991,5.61,38.19,14.34
11995,0.20,43.55,7.84
11998,0.31,41.1,11.01
12000,6.96,42.82,6.20
12001,0.56,45.3,5.80
12009,2.79,41.6,9.51
12015,2.45,41.7,16.94
12030,3.03,44.1,6.03
12033,2.05,40.8,6.12
12056,9.93,39.4,7.20
12072,2.73,47.4,10.40
12077,0.13,41.92,7.71
12081,1.27,44,5.43
12084,11.53,43.63,9.08
12087,5.06,38.68,12.50
12089,7.32,40.2,4.08
12091,1.80,46.9,6.40
12094,0.59,47.6,10.80
12100,2.53,43.34,9.78
12102,7.85,40.45,8.03
12120,3.32,45.6,8.47
12127,0.13,37.6,9.01
12137,3.44,43.7,4.23
12151,3.86,36.2,7.71
12161,1.37,42.7,12.04
12175,2.39,46.3,6.71
12177,3.93,40.73,9.36
12178,8.67,50.3,9.23
12179,5.21,41.2,8.32
12180,1.76,46,11.00
12182,3.39,42.36,10.75
12185,15.18,44,7.60
12188,0.40,38.7,19.12
12195,8.86,42.3,5.92
12201,6.69,40.21,11.08
12255,5.69,40.51,3.71
12265,0.22,32.92,18.81
12266,2.11,46.8,14.36
12269,3.87,37.46,21.84
12273,3.79,41.78,7.18
12281,3.55,43.2,7.15
12283,5.39,40.01,11.32
12286,6.41,39.1,6.04
12339,4.17,53,8.90
12341,9.85,43.5,3.65
12342,2.60,42.5,6.06
12343,1.83,44.78,7.87
12345,3.65,40.08,5.74
12346,2.50,39.91,7.17
12347,1.89,39.04,12.42
12386,0.18,37.66,12.59
12390,0.83,46.1,7.38
12397,6.44,37.08,5.17
12404,1.21,40.9,10.76
12409,0.75,41.02,7.02
12410,1.85,40.98,5.03
12427,2.78,0,7.87
12465,0.47,44.5,15.69
12471,8.01,39.27,6.16
12472,1.95,47.9,12.11
12520,10.20,47.8,7.24
12529,3.34,45.7,14.80
12550,3.98,39,8.28
12552,4.18,42.76,5.34
12562,7.99,35.7,7.78
12573,0.37,43.8,10.89
12583,6.30,43.29,7.30
12587,0.70,42.78,11.24
12589,3.25,39.41,7.04
12590,2.61,37.5,4.95
12617,0.58,40.4,9.00
12634,1.65,43.4,8.94
12645,0.41,42.8,9.84
12649,1.13,45.7,8.82
12663,2.64,41.34,9.06
12671,3.63,41.7,12.91
12674,0.95,0,15.34
12694,6.34,42.19,11.09
12747,2.77,35.16,9.04
12754,2.43,46,5.08
12761,4.91,46.7,9.90
12766,0.72,46.7,6.32
12780,0.69,40.73,12.25
12789,5.35,0.09,10.32
12790,2.74,39.66,7.07
12794,2.30,38.77,8.19
12795,4.30,0.09,14.99
12832,2.16,39.98,7.50
12849,3.00,40.7,9.48
12852,2.52,44.95,8.46
12859,0.46,39.76,8.13
12863,3.89,41.5,6.13
12866,0.86,44.5,5.12
12869,0.68,42.69,17.32
12883,2.40,46.15,12.03
12889,3.94,35.01,8.73
12893,0.86,41.56,20.31
12895,0.30,45.81,16.90
12910,4.37,37.84,13.99
12922,3.76,46.3,10.49
12941,2.39,44.9,11.51
12944,3.75,41.4,11.14
12949,0.53,38.5,10.11
12951,0.27,40.42,8.96
12954,5.05,40.6,4.72
12957,3.93,39.3,7.46
12972,3.08,35.1,10.70
12974,6.04,37.11,7.71
12976,4.30,35.23,9.01
12983,0.32,41.6,9.72
12996,6.67,0.07,9.62
12997,2.05,46.4,12.48
12998,2.15,49.8,11.31
13006,0.13,36,12.72
13007,0.81,42.7,6.67
13012,8.02,0.15,7.28
13013,0.65,48.9,8.97
13018,2.31,46.8,10.23
13020,3.70,47,7.08
13053,3.33,38.4,7.41
13066,8.48,40.74,0
13073,1.08,36.08,8.37
13076,3.96,30.97,8.10
13080,1.24,49.9,7.68
13084,2.27,39.5,10.04
13091,3.43,44.3,12.40
13157,0.76,39.6,11.64
13172,1.62,44.49,8.58
13175,0.23,44.3,11.27
13176,0.11,38.4,7.09
13177,4.79,42.01,5.06
13178,2.05,46.3,14.12
13182,5.24,33,8.77
13184,2.36,42.7,9.60
13188,0.28,39.83,6.56
13192,6.47,41.6,6.69
13201,10.91,37.7,4.13
13226,0.76,46.4,14.67
13238,0.85,39.1,8.38
13267,3.72,40.6,7.71
13274,0.18,41.1,13.64
13276,2.18,42.4,11.59
13293,0.24,0,16.06
13299,2.87,43,10.90
13311,2.28,42.7,3.98
13377,4.30,36.38,11.67
13380,0.97,39.8,12.86
13384,8.04,0.01,7.47
13385,0.58,47.5,9.32
13393,0.24,42.25,6.75
13394,1.56,38.8,10.64
13401,0.29,39.29,9.29
13405,5.43,45.97,4.98
13414,3.43,46.8,10.83
13415,0.65,39,10.94
13452,6.66,42,8.37
13458,1.07,42.3,13.05
13476,1.61,36.76,10.32
13479,5.00,42.38,8.38
13486,10.90,41.18,4.58
13487,2.35,49.3,12.20
13496,10.14,42.33,8.75
13497,1.82,37.52,10.95
13504,8.14,50,8.73
13540,7.19,43.3,5.38
13554,4.15,42.1,6.68
13568,1.26,44.09,10.78
13587,0.15,39.03,8.68
13625,2.06,45.9,9.95
13628,3.74,43.9,5.14
13633,4.59,40.62,6.33
13661,0.21,41.07,4.12
13665,0.95,51.44,7.35
13668,1.20,42.51,7.10
13694,1.02,45.3,9.00
13700,4.01,44.4,7.67
13798,4.67,36.87,8.28
13801,2.02,42.82,8.46
13804,3.86,42.2,10.10
13813,2.07,0,5.15
13815,3.46,49.37,5.63
13906,0.12,42.18,5.58
13909,1.53,39.04,5.22
13920,1.34,44,7.51
13921,1.10,38.07,7.65
13929,0.44,42.61,13.93
14207,3.59,46.7,7.85
12682,7.76,38.1,11.30
13272,0.92,32,13.90
13403,2.65,42.5,12.48
13410,0.44,42.36,14.39
13453,6.24,37.6,7.83
13472,4.98,44.9,8.51
13550,6.39,42.1,8.59
13557,0.42,43.1,11.54
13561,2.82,0,7.20
13591,1.28,40.4,11.82
13631,10.25,0.08,6.85
13636,5.01,41.4,6.95
13639,5.87,36.3,8.34
13641,8.67,42,5.21
13642,7.71,42.11,8.49
13698,1.16,39.1,9.59
13702,2.61,36.3,10.61
13770,9.05,43.3,6.92
13792,0.99,42.39,9.62
13806,2.07,40.8,11.46
13808,1.69,41.1,11.88
13818,8.66,36.2,9.99
13859,0.16,31.7,7.54
13866,0.97,38.4,5.71
13879,8.97,40.8,5.33
13897,1.42,46.7,9.35
13904,4.20,43.58,9.50
13910,3.95,45.62,11.44
13912,6.67,41.4,5.32
13923,2.02,35.36,6.04
13926,7.06,36.44,6.04
13930,2.25,35.5,6.83
13931,7.38,41.92,7.73
14008,4.16,44.8,5.19
14010,1.16,30.2,6.50
14012,0.15,38.26,5.87
14017,1.26,43,6.00
14019,2.24,43.5,9.95
14021,3.57,39.4,8.14
14029,0.83,43.47,13.16
14030,4.45,44.73,4.54
14033,1.12,49.9,10.71
14037,6.24,41.1,6.35
14079,3.53,41.7,6.22
14093,2.03,39.6,14.54
14112,2.46,45.28,9.05
14115,2.48,37.59,8.00
14122,3.73,42.19,6.33
14125,1.34,44.54,9.09
14141,4.07,39.49,6.60
14179,2.13,46,7.19
14184,0.81,42,6.13
14185,0.41,32.6,6.71
14186,3.81,41.74,7.97
14188,0.62,40.72,10.81
14193,0.32,45.3,9.37
14195,1.50,48.8,9.91
14199,10.11,40.6,8.05
14208,3.33,47.53,10.35
14210,0.29,46.98,6.98
14211,4.99,37.5,6.99
14219,10.98,42.2,8.99
14241,0.28,45.5,8.15
14250,0.35,42.83,8.77
14256,0.20,42.32,5.81
14260,3.86,41.85,6.16
14262,1.65,44.6,7.06
14284,2.34,37.93,7.16
14314,2.71,45,10.64
14316,1.81,39.73,5.13
14317,0.61,44.5,8.43
14324,0.25,45.27,5.71
14325,0.25,38.38,8.08
14327,0.09,36.37,9.40
14339,9.20,37,5.41
14340,0.79,46.1,12.05
14341,8.29,41.94,8.37
14403,3.27,44.2,8.50
14410,2.57,45.5,15.96
14416,6.86,35.14,5.51
14419,1.15,44.7,10.44
14423,2.75,43.9,4.25
14424,2.89,32.85,9.26
14428,0.78,45.01,9.04
14429,0.91,40.15,8.73
14430,1.34,43.76,7.18
14434,5.75,47.7,6.23
14435,8.40,44.64,12.93
14443,2.92,38.57,3.50
14447,0.41,36.1,7.19
14448,0.75,42.8,7.89
14464,0.38,40,13.32
14493,6.70,37,6.16
14496,0.19,41.1,4.09
14504,3.22,40.4,7.28
14527,1.19,47.64,6.27
14529,3.37,43.76,5.45
14531,0.56,43.6,20.61
14539,0.96,46.5,6.17
14541,1.15,43.51,3.98
14544,5.63,39.3,6.46
14547,0.20,42.11,10.62
14550,2.59,47.8,12.46
14551,2.74,45.27,8.75
14554,0.30,43.36,8.80
14576,0.40,43.3,16.16
14582,2.16,41.6,6.43
14601,0.40,39.4,14.24
14605,1.60,44.5,4.91
14611,3.36,0,5.72
14620,5.67,43.5,5.55
14624,7.80,36.9,9.32
14626,0.49,46.53,9.82
14630,1.04,46.8,7.19
14636,1.50,45.6,4.88
14644,6.57,39.3,10.37
14646,0.15,42.2,6.94
14649,3.69,41.46,9.85
14677,1.18,42.5,5.74
14682,3.02,51.49,11.89
14698,6.96,38.5,12.71
14703,9.10,0,7.15
14709,3.31,42,4.69
14772,2.19,39.07,9.19
14776,0.45,43.74,10.38
14783,0.39,44.1,5.66
14784,2.48,38.5,8.71
14786,1.13,40,8.37
14787,1.41,43.67,6.61
14789,0.45,44.4,5.42
14796,0.53,45.28,10.61
14801,8.13,40.4,6.97
14804,0.18,42.3,10.28
14808,1.98,44.98,6.66
14819,0.77,39.49,4.77
14820,2.62,46.38,13.74
14833,2.27,42.83,8.12
14835,6.95,33.87,8.26
14836,0.60,47.2,9.36
14841,0.57,37.6,10.48
14846,4.61,0.02,9.47
14915,1.06,46.93,6.92
14918,0.62,41.2,10.22
14921,0.76,35.58,21.56
14923,0.67,42.3,9.61
14925,0.68,42,11.92
14926,0.17,39.12,7.29
14928,3.70,43.16,5.26
14932,1.89,46.07,10.19
14949,2.90,39.48,7.83
14977,1.07,41.52,5.95
14985,0.69,41.57,10.60
15010,0.41,39.6,7.96
15017,8.24,44.85,7.10
15023,0.80,43.9,6.58
15026,0.12,41.55,7.76
15029,0.85,43.1,4.47
15035,3.42,44.16,7.64
15039,0.79,49.3,6.39
15042,1.45,41.5,7.00
15048,3.75,40.9,4.62
15052,1.30,40.95,7.58
15056,3.17,44,8.18
15058,0.23,46.72,13.22
15130,2.13,48.3,9.88
15134,1.59,44.9,4.94
15139,4.12,49.2,12.38
15145,0.15,46.64,10.07
15150,1.92,42.8,5.92
15152,4.15,42.86,7.12
15154,3.08,41.9,9.69
15156,0.44,38,8.63
15158,0.47,44.22,8.38
15160,0.10,41.2,10.86
15164,6.08,0.17,6.21
15165,0.76,45.99,13.88
15175,0.62,0,10.19
15180,1.44,47.2,8.06
15219,3.78,47.7,10.47
15241,1.36,48.02,6.33
15244,0.24,42.49,7.83
15245,0.34,47.76,7.48
15246,6.56,43.7,6.92
15247,3.99,39.46,5.44
15248,1.06,48.91,12.27
15256,1.95,40.9,7.34
15265,6.23,42.6,5.93
15273,0.91,44.1,11.17
15274,1.02,43.3,7.39
15277,0.83,37.5,16.70
15322,1.33,38.6,8.07
15329,6.29,38.4,5.33
15333,6.49,34.8,6.94
15338,1.99,42.5,10.42
15352,8.14,33.93,8.25
15357,0.84,44.98,10.38
15402,0.44,40.5,6.51
15411,0.19,45.12,6.38
15413,0.13,42.1,11.23
15418,0.70,47,14.40
15424,2.35,48.2,12.43
15427,4.28,40.5,8.46
15435,7.62,48.46,7.67
15442,2.19,46.8,6.96
15444,4.34,39.3,4.43
15449,8.89,43.3,6.88
15468,0.39,38,6.96
15471,6.21,38,7.56
15476,3.84,0.08,7.10
15480,3.92,43.77,9.04
15487,0.82,35.8,13.83
15489,0.17,44.75,5.63
15491,0.33,37.4,16.27
15500,2.49,43.38,3.70
15501,0.21,40.58,6.31
15506,4.41,42.5,10.27
15511,2.28,40.5,8.53
15513,3.34,42.6,6.51
15517,6.99,40.4,5.53
15547,0.49,46.3,9.48
15551,0.96,44.3,9.47
15555,3.85,38.86,10.62
15560,4.18,38.02,8.73
15563,4.23,39.15,4.21
15564,0.41,40.67,13.02
15565,0.18,44.18,10.77
15568,1.65,42.65,8.10
15570,5.05,33.6,11.82
15573,0.50,42.6,12.25
15580,6.75,38.7,11.04
15585,0.88,43,15.88
15622,0.78,44.9,10.43
15645,5.68,43.7,5.62
15665,0.10,39.9,5.12
15668,1.30,40.66,8.11
15669,0.33,0.01,12.97
15672,0.44,42.3,6.55
15674,1.55,42.6,7.01
15675,0.42,45.8,10.43
15676,0.27,46.65,10.30
15677,4.08,32.2,15.83
15678,0.80,28.8,9.26
15683,0.15,38.7,6.79
15693,0.46,42.4,8.76
15722,0.59,46.82,8.10
15754,0.90,40.5,10.12
15757,1.41,40.83,5.27
15758,0.11,44.6,7.64
15759,7.73,45.2,3.06
15765,1.30,41.94,7.83
15769,1.86,38.68,7.72
15771,0.22,49.08,8.17
15773,0.13,40.2,10.97
15783,6.27,44.2,4.23
15796,2.22,39.5,8.44
15822,0.21,36.2,9.66
15845,3.97,42.4,7.92
15846,5.30,0.11,3.50
15847,2.65,44.8,6.61
15850,7.60,37.5,11.43
15851,3.37,46.58,5.39
15852,3.93,34.64,7.33
15856,11.93,44.7,8.42
15858,0.12,42.53,8.18
15860,0.56,41.18,7.92
15867,0.85,37.18,9.98
15934,6.76,41.89,7.38
15936,5.76,45.6,7.90
15943,0.73,45.45,10.60
15944,0.15,42.33,7.42
15945,2.34,42.8,10.07
15948,1.95,43.63,13.99
15951,2.73,50.2,7.12
15959,4.32,44.6,10.22
15966,0.22,47.1,7.10
15967,0.14,34.3,8.06
16011,0.26,40.4,8.88
16014,0.45,43.9,3.84
16020,0.98,44.3,10.75
16033,3.20,41.58,5.56
16035,0.22,37,25.25
16036,3.79,45.12,9.18
16048,5.33,42.9,9.47
16064,4.97,40.29,5.97
16086,3.05,44,4.29
16092,0.25,40.3,11.64
16095,0.92,42,5.45
16097,0.82,46.4,5.79
16100,0.12,42.8,7.27
16103,3.67,43.56,9.08
16105,2.58,46,4.05
16107,1.25,41.23,6.96
16121,0.15,41.1,15.54
16153,2.46,37,7.30
16163,0.80,39.3,12.34
16164,0.14,40.36,9.32
16165,6.33,37.54,4.88
16168,5.04,43.3,7.92
16171,1.83,43.5,7.96
16177,2.79,49.3,10.04
16181,3.71,41.62,8.75
16182,1.00,44.7,4.37
16183,0.22,43.85,4.15
16206,5.89,46.2,6.28
16230,1.99,46.38,11.43
16245,0.34,44.7,10.40
16254,0.12,37.2,9.01
16270,0.34,44.62,4.84
16272,0.32,43.06,8.71
16274,0.76,46.78,8.47
16281,0.16,45.99,8.21
16286,4.18,44.41,11.88
16292,0.14,33.8,9.38
16356,0.59,45.2,8.23
16361,0.57,45.03,9.16
16364,0.17,41.39,8.61
16366,0.86,40.19,9.68
16367,2.12,40.09,6.60
16368,0.56,42.64,14.64
16397,1.26,47.52,8.32
16465,0.29,41.57,19.09
16468,8.53,39.26,10.67
16470,1.88,36.01,5.13
16561,0.12,39.09,7.93
16608,3.67,44.4,3.19
16618,0.11,38.86,5.74
18192,0.99,37.9,13.31
18216,0.13,41,8.93
18479,9.93,38.6,14.86
18791,2.13,36,6.38
18816,0.32,42.1,8.94
18835,0.53,41.15,16.02
18915,0.22,35.39,11.04
18999,6.95,28.3,7.78
19012,5.96,41.8,4.73
19121,2.74,0.24,9.68
19151,0.23,34,6.66
19158,0.24,45.84,13.14
19221,0.16,40.35,24.79
19324,1.78,42.73,4.54
19329,8.90,41.3,4.62
19333,4.45,35.2,11.93
19383,1.35,41,14.38
19401,2.50,40.1,5.68
19414,0.23,45.1,8.56
19415,0.46,46.2,7.39
19423,1.50,40.5,8.54
19425,4.78,39.19,9.49
19436,0.26,41.5,6.95
19439,0.64,39,10.01
19461,0.91,39.8,12.51
19478,0.24,43.4,8.18
19492,0.16,39.4,10.48
19538,1.25,39.75,5.76
19541,4.05,35.14,7.37
19552,0.21,39.3,23.88
19553,0.16,39.77,11.77
19560,5.64,41.13,7.97
19571,2.03,44.8,6.44
19574,0.19,38.5,9.45
19611,0.25,40.1,13.64
19620,1.08,52.7,11.88
19623,0.22,41.3,13.58
19632,1.41,45.9,7.39
19640,2.92,43.7,4.40
19645,3.62,53.2,6.52
19654,1.19,43.8,10.24
19657,10.55,37.68,5.11
19659,4.17,39.2,9.90
19661,5.55,35.71,3.58
19663,7.23,30.52,9.97
19664,1.01,46.08,12.70
19669,0.17,38.44,7.54
19672,0.29,37.23,8.61
19675,0.12,38.8,10.25
19684,9.59,41.73,7.27
19726,0.72,46.7,14.56
19731,0.30,45.2,8.51
19739,6.41,39.05,5.58
19742,1.27,0.14,11.05
19743,5.55,37.74,5.91
19744,8.25,44.4,8.94
19752,2.70,38.88,4.31
19756,0.96,0.14,10.84
19768,4.97,38.69,5.72
19770,2.84,38.9,6.32
19773,0.12,39.81,7.60
19778,0.89,39.4,11.66
19785,2.06,46.1,3.78
19798,5.42,42.3,8.41
19802,4.30,43.18,5.54
19803,8.52,0.22,6.97
19808,10.53,46.33,8.12
19809,3.27,37.12,5.56
19811,8.12,39,5.55
19823,1.30,41.96,6.64
19827,0.84,36.6,9.12
19868,0.35,45.5,6.84
19873,2.47,47.02,6.39
19880,0.26,45.98,9.94
19881,0.13,36.1,14.77
19887,1.30,44.03,8.28
19891,1.79,43.77,11.93
19980,6.49,39,5.30
19994,0.82,48.7,8.14
20000,1.49,35.86,7.91
20008,0.37,46.4,8.62
20009,1.01,0,8.03
20011,2.53,41.75,7.21
20012,6.37,43.57,8.78
20020,1.12,37.7,14.54
20024,5.02,46,11.87
20026,0.56,45.9,8.02
20033,0.31,39.8,16.31
20041,4.49,39.1,4.18
20044,0.24,43.33,6.44
20046,1.29,43,10.54
20077,1.40,37.91,14.56
20102,2.36,40.4,6.02
20111,1.11,47.4,9.62
20130,2.16,39.81,7.91
20132,0.80,44.6,5.73
20140,2.21,38.47,10.08
20141,0.13,39.26,8.12
20142,0.19,37.1,12.02
20147,1.16,40.4,14.11
20158,0.11,39.8,10.63
20160,0.52,43.7,6.95
20161,3.00,37.49,4.92
20176,1.26,38.55,7.63
20191,3.19,46.7,12.48
20229,0.46,45.9,5.05
20247,3.47,42.5,2.74
20263,4.45,43.3,3.92
20264,4.89,38.09,3.92
20265,1.10,39.93,7.55
20282,8.52,0.02,9.60
20284,0.22,40,7.03
20290,2.18,43.51,9.78
20355,1.08,39.3,8.27
20358,6.95,39,7.60
20362,4.91,40.8,5.94
20375,0.57,45.9,7.95
20378,1.19,46.2,9.65
20387,0.17,42.3,6.97
20393,2.29,41.4,6.65
20395,0.29,42.8,11.30
20397,0.71,40.9,6.82
20403,4.51,37.83,5.00
20474,0.72,40.55,8.65
20478,2.84,0.05,10.91
20479,1.80,44.7,6.92
20482,0.11,37.3,7.61
20485,4.91,39.59,2.95
20486,1.32,44.2,7.28
20489,4.33,0.07,6.94
20492,0.14,41.1,8.61
20495,0.14,40,5.45
20505,0.82,44.3,7.30
20516,1.91,30.32,7.50
20517,1.08,47.9,5.77
20554,0.48,37.3,8.83
20557,0.24,43.6,13.35
20561,0.48,43.19,9.01
20564,0.70,46.35,5.27
20566,9.92,0.07,7.67
20569,3.77,42.56,9.78
20572,4.79,40.76,9.89
20573,0.32,45.5,7.89
20576,0.81,37.7,9.23
20578,0.38,0.13,8.81
20579,1.10,43.7,10.53
20583,2.18,47.3,7.51
20616,3.65,45.39,14.06
20623,0.15,40.22,5.30
20624,3.99,42.99,7.32
20627,0.97,40.71,8.14
20629,3.22,41.1,10.84
20633,0.13,39.8,7.76
20635,1.29,44.5,11.54
20637,1.37,45,13.51
20746,1.10,39.3,13.82
20750,3.39,35.83,10.40
20751,2.25,30.3,15.81
20752,0.45,0,18.46
20765,0.13,36.51,12.44
20772,0.55,44,24.30
20791,4.75,38.7,4.60
20870,0.28,38.8,11.06
20873,0.66,45.2,11.69
20874,0.12,35.2,7.46
20880,0.13,46.4,5.76
20882,2.36,0,7.32
20883,3.19,37.13,8.56
20886,4.52,43.38,5.24
20889,0.36,37,7.86
20891,2.28,45,5.19
20896,12.33,45.12,7.13
20901,2.26,40.1,12.85
20914,0.25,41.99,7.63
20915,0.90,43.9,9.15
20923,1.31,38.1,9.00
20958,0.59,42.06,17.43
20987,0.49,44.3,5.13
20989,0.43,45.1,4.20
20990,1.20,44.8,3.94
20993,1.20,40.5,6.72
20997,1.49,41.76,8.40
21003,2.88,39.3,6.10
21006,0.23,39.5,6.50
21013,4.24,36.95,9.24
21020,1.26,42.02,9.13
21060,1.46,43,8.04
21073,1.80,25.4,6.53
21080,1.39,38.3,10.62
21082,0.46,45.8,8.34
21083,0.40,35.38,11.08
21098,0.12,36.81,13.02
21108,8.28,43.4,6.97
21111,0.77,48.1,8.51
21113,0.79,43.6,6.80
21121,0.14,38.7,15.77
21127,3.00,35.53,5.82
21128,0.27,35.85,14.94
21132,5.08,47.5,4.66
21136,0.41,41.9,9.91
21161,10.28,39.2,5.42
21168,0.17,43.3,11.79
21174,5.44,42.32,4.63
21179,0.48,40.7,18.42
21180,0.76,40.67,13.32
21186,3.59,44.3,10.01
21191,1.01,43.22,11.25
21193,3.82,44.01,6.90
21200,3.13,38.26,5.62
21210,1.56,41.31,9.91
21237,1.90,40.22,6.13
21243,2.05,48.6,18.35
21247,2.31,40.01,8.12
21250,0.83,44.43,13.43
21251,13.09,37.16,7.73
21252,5.66,39.2,6.91
21255,1.23,45.7,9.14
21258,1.59,40.8,14.37
21271,3.29,40.9,14.14
21290,3.26,36.88,5.12
21294,0.21,37.8,5.32
21305,2.50,39.03,11.29
21310,0.14,41.29,8.38
21311,1.19,45.83,7.27
21312,0.99,44.83,6.18
21314,1.09,43.7,12.52
21317,0.58,38.3,12.51
21328,4.30,41.1,7.96
21355,4.05,45.43,10.99
21361,7.30,39.24,8.12
21364,0.11,40,7.34
21366,1.28,44.8,4.28
21367,1.10,45.24,9.41
21368,0.38,40.7,8.28
21371,3.60,41.7,3.77
21372,0.46,42.35,11.81
21377,1.33,44.1,6.96
21387,2.01,47.2,8.26
21390,0.53,40,10.45
21391,11.07,42.3,8.13
21394,0.15,34.3,8.06
21395,0.64,40.44,7.02
21396,3.09,40.7,4.71
21399,0.22,44,13.55
21410,0.14,42.75,11.70
21417,0.21,40.15,6.66
21421,0.40,42.26,4.24
21424,3.74,41.06,9.56
21425,0.89,48.69,8.39
21434,0.22,42.5,6.33
21435,3.61,39.15,6.65
21441,0.71,42.7,11.73
21450,0.47,44.6,5.47
21453,2.72,41.46,5.21
21454,2.25,41.7,11.63
21457,0.30,46.9,7.31
21464,5.83,40.63,6.15
21469,0.70,41.9,8.29
21472,2.33,40.19,3.28
21473,5.54,34.56,6.78
21478,9.25,39.32,6.36
21479,0.36,43.4,6.39
21480,2.90,43.14,7.33
21482,0.17,42.43,15.36
21485,0.41,40.71,10.75
21496,0.25,39.4,5.38
21498,1.39,42.5,12.36
21505,0.15,38.3,11.65
21506,0.29,41.6,10.86
21513,0.34,45.55,5.77
21517,0.29,45.3,9.40
21535,0.11,39.67,10.04
21560,0.70,42.4,6.94
21567,0.41,42.09,10.00
21575,0.21,41.28,11.22
21589,0.73,44.57,5.94
21591,1.07,44.3,9.97
21612,0.46,47.5,17.69
21615,1.73,43.45,9.91
21626,0.96,41.2,10.14
21628,0.63,41.8,20.24
21782,8.40,48.7,7.91
21870,0.15,40.6,10.02
21902,1.18,36.8,13.64
21915,0.21,38.67,6.52
21933,1.31,48.8,7.37
21370,0.35,42.28,24.02
21414,6.35,42.66,5.42
21415,9.97,40.7,7.42
21452,2.96,31.51,10.42
21463,0.22,42.3,10.84
21474,0.50,37.7,8.32
21504,3.91,40.31,8.21
21548,0.92,41.5,18.09
21555,0.12,40.31,21.18
21556,0.18,40.9,8.52
21565,0.20,39.31,20.62
21576,5.05,46.3,6.06
21580,0.70,45.04,5.96
21590,0.97,42.3,6.39
21593,0.29,42.2,7.30
21613,4.56,37.87,5.88
21617,0.58,39.77,18.68
21639,3.16,0.01,8.27
21657,2.34,42.6,9.76
21691,1.18,37.11,8.79
21693,0.62,45.02,11.89
21704,5.86,41.09,6.73
21706,1.27,41.67,19.06
21708,0.65,42.42,18.19
21711,4.03,40.8,9.20
21716,0.88,47.5,4.95
21719,0.26,41.1,10.99
21725,0.13,36.92,9.48
21787,0.33,43.2,9.95
21788,1.82,40.03,5.49
21791,3.67,43.7,4.79
21799,0.47,30.4,31.48
21803,0.33,39.41,6.09
21808,0.94,37.32,9.77
21810,0.16,36.68,7.54
21825,5.12,36.89,9.76
21833,0.30,44.3,9.55
21834,0.19,38.2,7.85
21860,0.21,39.2,10.96
21900,0.25,43.4,14.50
21918,0.15,38.9,8.29
21928,0.86,44.3,8.69
21937,0.13,42.03,7.44
21938,0.85,44.91,7.49
21940,1.13,39.97,9.94
21959,0.41,43.4,8.29
21962,1.33,40.6,7.11
21977,4.02,41.5,14.71
21978,10.57,41.1,7.98
21979,1.84,40.7,9.04
21980,0.37,42.7,10.66
21985,0.38,39.7,7.17
22001,3.13,42.25,4.86
22003,0.31,39.1,12.93
22015,1.20,40.6,3.94
22021,0.56,39.43,11.81
22022,5.57,44,8.04
22023,0.25,41.3,6.29
22027,3.56,40.9,8.29
22030,0.23,40,10.71
22040,0.46,38.6,9.93
22055,0.22,0,7.91
22061,0.50,44.6,6.63
22062,0.78,38.8,10.30
22067,0.62,38.2,12.46
22077,3.28,44.1,9.23
22078,2.55,46.5,13.04
22081,0.66,49.7,10.05
22082,4.21,40.68,2.98
22095,8.84,41.7,6.38
22103,1.36,47.21,17.69
22121,0.23,44.4,10.60
22131,0.50,38.6,12.27
22132,0.72,44,12.83
22156,0.25,41.8,10.13
22168,1.28,49.2,6.98
22182,0.10,44.42,7.19
22198,0.38,39.79,0
22204,0.50,38.26,18.42
22214,0.78,0.02,10.50
22224,0.30,41.07,9.45
22227,4.12,40.97,5.48
22238,0.43,38.1,15.86
22242,0.73,41.91,9.44
22252,0.25,40.65,0
22257,0.50,41.1,8.07
22262,0.10,40.38,9.13
22269,3.66,41.73,3.67
22270,9.54,42.53,8.58
22271,0.50,41.8,8.91
22273,2.87,46.44,6.26
22275,0.90,41.09,24.03
22347,0.46,42.04,12.42
22354,1.46,36.2,14.90
22355,0.55,39.33,8.91
22361,1.50,46.4,10.79
22362,2.37,44.49,7.93
22375,1.64,48.8,10.16
22379,1.98,0.01,12.01
22380,8.67,39.02,5.23
22382,2.02,41.08,15.72
22451,0.95,41.65,13.43
22454,9.44,40.5,6.24
22468,0.11,41,9.09
22469,1.08,44.7,10.01
22474,0.22,43.4,10.13
22523,1.39,47,9.52
22529,1.15,43.93,6.95
22534,2.75,0.12,14.32
22536,0.22,43.9,6.49
22537,2.78,42.31,4.28
22548,0.56,38.8,5.26
22556,0.82,41.35,18.22
22593,11.18,40.5,5.70
22611,0.23,40.81,8.74
22619,1.01,44.34,8.14
22625,0.91,44.72,11.72
22626,0.55,43.2,15.17
22634,2.13,43.4,8.47
22640,0.59,44.42,10.09
22641,0.69,46.21,16.96
22644,2.30,43.04,7.71
22651,0.79,45.07,11.64
22674,0.68,37.54,10.80
22683,0.62,40.2,18.70
22687,0.44,46.66,22.75
22698,0.87,44,6.27
22703,0.19,38.1,10.21
22706,0.88,41.3,9.90
22708,0.30,47.4,13.65
22711,0.76,46.8,8.71
22730,0.20,38.2,15.20
22731,1.12,37.99,14.59
22734,1.08,44.72,8.12
22736,0.10,38.81,9.71
22738,0.48,41.09,13.65
22740,4.08,37.98,5.83
22742,0.61,40.22,14.39
22749,3.05,42.86,12.12
22751,8.56,40.32,4.64
22762,5.14,44.46,8.71
22765,0.72,46.51,14.12
22768,3.02,43.8,4.91
22783,0.41,40.19,8.97
22810,0.22,40.4,9.13
22818,0.41,40.4,10.21
22822,6.58,42.3,6.29
22836,0.21,41.9,15.89
22845,3.08,43.13,5.52
22853,0.09,35.5,8.38
22855,1.16,48,9.79
22860,10.68,39.59,5.85
22864,0.16,41.6,7.99
22871,4.41,47.1,14.62
22877,1.48,42.1,8.38
22882,2.96,44.9,4.33
22909,0.28,41.9,9.96
22912,0.31,41,6.53
22921,0.96,45.3,13.20
22925,0.28,43.85,5.21
22945,0.82,45.1,17.28
22959,0.25,44.2,5.61
22961,2.02,39.86,13.36
22962,0.54,38.61,9.77
22963,12.61,32.7,9.20
22967,0.71,40.58,0
22976,7.07,43.1,4.96
22980,0.11,31.84,13.33
23034,3.95,48.1,8.12
23037,0.34,39.7,16.71
23038,0.28,47.8,7.96
23046,0.21,36.45,14.43
23048,0.13,38.4,11.89
23051,4.78,35.28,7.95
23052,0.25,43.83,6.66
23057,0.19,37.34,11.76
23061,0.30,42.5,7.32
23073,0.46,44.72,6.81
23074,0.34,44.4,5.37
23075,1.69,51,6.58
23080,2.58,41.36,7.66
23089,0.59,44.15,8.33
23122,2.07,0,6.47
23152,6.11,41.74,7.39
23153,4.80,46.5,8.25
23163,0.22,40.74,12.62
23173,0.42,42.8,8.26
23193,1.38,42,8.38
23195,2.30,40.6,8.97
23216,1.34,44.1,9.95
23218,3.63,35.81,8.03
23219,7.95,41.98,12.12
23220,0.21,41.31,8.30
23222,4.18,40.86,3.27
23238,5.75,43.9,8.43
23251,0.19,43,10.02
23252,2.27,49.6,6.55
23253,0.22,44.5,8.29
23258,3.40,41.86,10.78
23267,0.25,39.9,8.58
23270,0.68,38.1,8.23
23284,0.37,41.5,4.69
23289,0.37,44.2,12.20
23294,1.77,35.9,8.74
23297,1.18,46.2,9.68
23334,0.16,34.1,13.56
23341,0.16,42.1,11.81
23347,0.19,41.03,18.18
23403,1.00,38.33,15.03
23424,0.66,43.71,13.23
23425,0.95,37,11.28
23430,0.22,41.7,6.70
23442,10.47,46,8.53
23452,0.37,45.39,8.23
23457,0.19,38.82,6.79
23459,0.08,0,7.74
23462,1.99,40.8,8.85
23471,1.04,43.25,8.94
23491,0.16,42.16,17.53
23492,0.10,37.91,8.21
23493,0.73,39.74,18.12
23551,0.22,40.2,9.46
23557,0.67,43.6,11.95
23566,1.72,44.1,12.81
23567,14.13,45.01,4.58
23577,2.00,38.82,5.21
23591,0.08,37.5,9.68
23593,2.38,41.89,12.26
23595,0.28,42.31,14.67
23596,3.01,43.91,8.44
23657,3.82,43.11,10.48
23660,3.56,42.21,9.45
23670,3.64,47.63,12.30
23673,0.78,43.55,12.58
23675,3.30,44.6,11.86
23680,1.92,39.99,11.17
23681,0.39,37.55,13.70
23696,0.40,42.69,21.32
23747,0.27,36.9,8.29
23752,2.09,40.7,6.32
23762,2.35,39.65,12.62
23776,9.34,35.49,12.27
23787,0.86,44.2,6.33
23808,1.17,46.8,11.63
23810,4.19,44.8,6.42
23816,0.90,42.7,7.43
23818,0.47,41.6,6.46
23835,3.49,40.2,9.86
23844,0.82,42,8.02
23854,0.71,44.93,14.30
23855,0.90,44.18,11.27
23858,0.34,40.75,7.89
23860,1.83,44.94,10.28
23864,0.43,0,7.49
23865,0.43,40.1,7.72
23869,0.22,40.7,15.25
23873,0.42,36.9,8.59
23879,6.65,39.95,4.06
23880,1.19,44.11,10.14
23889,0.45,38.93,15.15
23890,1.79,48.7,6.92
23892,8.74,41.05,19.99
23903,1.04,44.06,14.91
23928,0.21,37.7,9.04
23931,0.72,46.3,5.74
23932,0.15,33.5,7.22
23934,0.82,42.58,8.44
23936,0.22,39.9,6.72
23952,12.18,41.68,7.65
23958,0.34,44.2,7.59
23963,2.26,42.41,3.43
23964,0.45,45.3,8.39
24007,4.93,44.3,11.05
24037,0.12,41.3,10.66
24040,9.13,41.57,11.91
24053,0.51,46.4,18.81
24056,0.67,42.4,11.68
24057,0.34,43.6,11.75
24062,1.39,42.9,4.50
24066,2.65,45.7,3.71
24094,0.42,42.4,13.59
24158,0.17,37.2,5.00
24162,1.09,37.31,9.42
24168,0.18,42.36,7.56
24194,0.64,39.92,5.88
24247,0.44,44.7,8.44
24268,2.13,45.73,4.29
24345,6.10,0,4.91
24388,0.44,42.9,7.29
24426,3.27,40.4,6.14
24467,13.60,43.6,4.75
24512,3.80,41.01,9.94
24515,4.11,0,5.74
24547,3.42,42.7,8.89
23692,0.19,34.47,7.19
23757,0.13,34.92,19.73
23896,0.24,39.4,24.80
23900,0.47,41.56,7.31
24096,11.54,0.35,9.34
24156,1.12,30.2,8.85
24161,0.12,41,7.55
24177,0.57,46.5,14.36
24188,0.47,44.4,8.38
24220,1.32,44,15.10
24279,0.11,38.91,0
24313,0.23,42.2,7.11
24330,0.29,44.3,10.59
24339,1.14,45.9,6.92
24340,4.46,41.5,6.76
24350,0.18,41.39,28.71
24358,1.35,42.5,8.89
24374,0.18,41.01,6.69
24375,1.99,37.93,6.61
24385,0.77,41.37,10.57
24387,0.56,36.5,5.96
24389,0.62,45.14,8.65
24390,4.62,44.9,6.83
24391,4.73,44.69,8.99
24393,4.25,36.44,6.54
24395,0.95,40.3,10.31
24419,0.55,43.3,9.21
24432,1.07,0.12,8.28
24437,0.19,40.77,12.71
24438,2.43,41.84,9.19
24449,4.62,41.1,9.72
24465,1.98,46.2,9.37
24475,0.13,37.06,8.27
24494,5.61,43.8,7.53
24504,0.13,38.14,8.64
24513,4.24,37.02,7.04
24522,0.24,40.35,8.45
24525,3.53,41.5,10.91
24540,0.25,32.2,9.64
24551,1.19,39.8,6.80
24553,12.51,41.89,13.20
24558,4.27,41.96,5.86
24561,2.41,45.2,7.95
24566,0.25,37.2,9.87
24567,0.15,40.9,7.24
24568,4.75,42,4.47
24597,2.84,45.4,6.62
24603,4.38,44.9,8.37
24612,4.90,43.8,4.33
24639,6.64,40.1,8.01
24646,2.83,40.26,4.71
24648,0.58,45,7.54
24652,2.22,42.97,4.97
24653,0.92,43.38,8.88
24655,3.99,0,11.87
24661,0.13,37.5,6.76
24670,2.02,31.8,9.49
24675,0.10,40.26,11.96
24676,1.22,42.1,9.79
24720,0.61,44.99,10.49
24739,0.46,43.48,11.38
24741,0.45,38.17,9.53
24742,1.30,0.03,9.60
24751,5.08,41.27,7.32
24752,2.01,42.1,19.45
24759,4.26,40.65,5.87
24760,0.16,39.4,7.67
24763,7.32,44.5,6.66
24766,6.10,43.02,8.48
24774,0.55,41.7,6.71
24778,3.70,39.89,5.64
24784,0.34,44.9,13.79
24786,0.13,39.9,6.49
24847,5.32,0,7.12
24849,0.24,40.2,9.50
24851,0.72,41.5,7.81
24857,3.43,34.5,9.95
24864,0.19,42.89,15.52
24865,4.39,41.46,13.54
24869,3.06,41.3,10.42
24872,1.07,44.5,6.96
24878,13.12,39.86,0
24882,0.72,40.71,0
24883,0.39,38.1,13.04
24884,0.81,40.72,14.34
24887,0.62,40.3,12.05
24893,2.37,49.3,7.84
24914,2.85,45.5,11.64
24936,3.84,47.9,9.06
24966,9.01,40.29,3.82
24970,0.63,43.1,10.40
24978,4.99,44.6,4.52
24988,0.83,43.4,8.37
24992,3.92,46.02,5.20
24993,0.61,47.33,9.27
24997,2.42,0.01,9.45
25009,4.09,45.54,10.81
25021,3.56,43.5,4.12
25027,2.23,37.8,11.45
25033,5.34,44.3,7.20
25042,0.73,0.09,11.57
25043,5.99,39.68,8.62
25050,6.35,39.6,7.29
25051,1.24,0.01,0
25054,0.84,46.48,7.67
25061,0.83,44.6,28.82
25063,0.48,46.02,12.57
25069,4.26,41.53,5.76
25075,0.13,32.4,6.38
25078,2.15,44.5,6.33
25081,3.80,45.82,7.60
25084,0.83,41.52,7.91
25112,8.73,38.98,8.50
25113,1.72,38.2,5.62
25114,0.47,41.1,11.38
25116,8.39,42,8.65
25122,0.57,45.46,6.30
25134,2.00,47.08,21.36
25138,8.72,34.6,6.00
25140,0.50,44.9,9.44
25143,3.66,40.56,8.19
25159,0.24,47.01,14.47
25172,3.66,37.48,14.73
25204,0.55,41.9,5.08
25214,0.45,46.7,10.37
25220,2.46,42.29,10.41
25228,4.19,38.85,4.58
25235,5.56,42.35,8.58
25244,3.05,41.83,17.52
25249,1.75,42.7,6.79
25250,2.27,36.76,14.71
25252,7.94,40.6,6.99
25253,1.07,41.93,6.44
25254,2.81,46.4,13.43
25330,3.95,38,8.44
25338,0.76,38,16.16
25344,5.37,42.15,7.25
25351,1.50,49.24,12.05
25357,0.14,43.5,18.77
25358,0.50,43.74,8.38
25364,1.16,43.74,7.79
25369,6.72,43.7,6.95
25372,0.23,35.43,12.34
25375,4.80,41,10.69
25377,3.49,48.71,7.98
25384,0.19,39.51,8.05
25400,1.54,43.5,5.62
25439,3.83,44,11.29
25451,0.78,0.16,16.87
25452,2.50,41.6,11.57
25453,1.50,42.7,6.23
25460,0.56,41.8,6.07
25461,0.33,40.3,7.62
25462,0.38,43.08,17.38
25477,0.34,38.3,12.47
25482,0.67,44.05,7.96
25489,0.18,38.89,6.19
25495,6.72,39.49,11.74
25524,0.11,35.9,8.28
25530,5.07,41.2,8.12
25559,10.81,41.4,6.71
25575,2.66,42.54,11.28
25576,0.81,41.8,10.15
25583,0.80,45.37,12.93
25587,2.03,36.37,12.72
25590,0.22,42,14.70
25592,7.23,36.8,5.92
25593,0.92,48,19.63
25598,0.10,42.25,8.57
25602,1.02,42.87,13.59
25609,2.15,42.36,6.97
25646,0.78,40.1,4.34
25655,0.94,43.6,16.40
25686,0.58,44.9,4.73
25699,4.40,45.6,8.70
25700,6.34,41.34,12.90
25705,1.12,44.03,9.39
25716,0.96,45.9,6.69
25735,0.27,38.16,5.94
25738,2.28,37.06,3.98
25743,4.53,34.37,10.04
25748,0.22,39.8,5.45
25749,0.19,38.47,6.90
25764,2.60,38.53,11.29
25782,0.54,40.7,7.14
25785,0.70,38,7.84
25791,0.32,34.4,8.16
25796,0.32,36.77,13.94
25798,4.45,44.4,7.48
25799,0.27,37.98,13.34
25801,0.48,39.23,13.23
25802,0.30,41.41,12.68
25804,2.28,45.14,6.64
25811,0.27,42.6,10.54
25812,0.49,37,7.81
25869,6.28,39.1,16.38
25904,0.19,39.43,10.73
25909,2.09,38.19,8.81
25912,0.58,38.86,3.84
25913,3.79,0.12,15.85
25922,0.66,43.04,8.32
25924,3.81,0.14,14.90
25932,0.28,43.98,15.53
25939,0.59,36.8,4.58
25940,7.05,39.27,5.50
25951,3.57,41.5,4.57
25958,0.33,40.19,9.14
25988,0.34,45.7,11.59
26018,4.93,40.6,6.56
26030,2.73,0.05,7.51
26031,2.28,0.09,12.23
26033,0.18,38.7,8.40
26034,0.51,37.07,8.21
26036,6.54,45.1,11.62
26043,0.77,45.3,10.97
26046,1.93,40.65,8.75
26048,8.56,34.67,6.76
26059,0.52,45.53,5.53
26063,0.75,42.31,11.83
26066,4.56,35.9,7.97
26144,6.54,44.6,7.08
26150,1.59,40.94,17.28
26157,1.22,43,7.92
26159,0.11,37.04,6.29
26160,2.93,0.12,9.58
26169,1.87,40,10.57
26183,0.14,37.8,6.09
26191,3.58,40,6.31
26228,0.26,36.8,9.93
26263,8.30,37.81,7.20
26268,0.16,39.21,11.54
26271,1.53,36.6,7.53
26272,0.13,36.3,6.69
26279,0.63,41.9,10.07
26281,0.40,41.9,8.75
26284,2.71,42.2,5.47
26296,0.90,37.81,15.15
26297,7.47,42.43,8.20
26334,0.14,38,10.91
26341,0.85,44.9,13.45
26351,0.92,44.3,8.95
26354,0.49,43.87,18.44
26356,5.97,45.9,9.84
26359,0.12,42.4,12.03
26365,7.39,44.9,6.34
26369,0.88,39.7,8.29
26387,0.37,37.98,10.77
26389,0.11,35.72,6.97
26390,6.21,46.8,7.48
26411,5.38,41.33,12.83
26415,8.09,38.1,9.37
26454,0.17,36,6.73
26455,0.15,40.5,13.04
26463,0.20,40.8,17.70
26468,0.15,39.4,10.10
26485,4.46,38,7.93
26488,0.21,43.9,7.59
26491,1.31,45.08,13.85
26515,3.97,40.4,10.38
26525,1.67,39.19,13.43
26536,3.61,44,5.85
26587,0.13,37.3,27.03
26590,4.98,37.7,10.70
26594,1.34,48.5,12.64
26595,5.06,43.6,7.54
26597,0.44,45.46,18.26
26600,3.92,41,6.54
26605,1.53,40.13,5.46
26606,0.13,37.46,12.55
26631,3.36,41.33,5.25
26633,0.17,38.2,12.52
26634,4.28,39.68,6.64
26635,0.30,39.3,9.35
26641,8.76,47.16,12.82
26696,1.56,44.06,11.75
26697,1.21,41.7,7.67
26704,2.69,43.5,7.38
26706,0.25,41.28,11.40
26708,0.27,39.53,14.30
26711,0.20,41.36,4.61
26713,1.92,0.08,9.52
26714,0.67,41.2,7.87
26717,4.06,38.23,7.10
26720,4.08,43.7,8.09
26726,0.40,36.14,21.36
26791,2.75,46.3,8.85
26796,0.74,42.8,6.80
26802,0.78,43.04,8.32
26806,0.66,41.74,4.05
26820,0.61,41.84,8.18
26825,0.80,0.01,14.67
26827,1.81,50.37,11.35
26831,0.92,42.19,11.00
26833,3.93,40.62,6.56
26838,1.56,43.3,9.10
26842,4.63,39.06,8.15
26909,2.71,37.15,9.54
26910,0.21,39.67,22.97
26922,2.42,47.27,12.46
26926,10.19,46.9,4.23
26927,4.36,0,8.23
26928,7.30,45.66,7.23
26934,7.52,43.3,10.50
26938,2.76,40.3,14.14
26943,0.14,42.29,12.65
26993,3.47,44.38,9.73
26998,0.19,40.03,11.11
27002,0.67,43.6,7.91
27014,1.42,46.9,6.85
27022,0.17,40.4,6.01
27054,4.49,38.79,6.49
27060,10.21,0,0
27067,0.79,47.4,10.41
27073,5.65,38.26,7.86
27120,2.81,41.3,8.63
27128,4.13,0,5.09
27259,3.24,0,6.60
25636,0.64,35.2,15.82
25937,0.13,33.61,9.52
26378,5.30,35.6,8.32
26482,5.78,41.51,9.35
26626,0.23,31.54,17.08
26690,5.90,38.1,10.19
26728,1.98,45.2,11.95
26810,6.16,41.74,14.88
26904,5.99,36.8,11.38
26931,3.38,39.2,9.15
26995,0.31,42.76,18.68
27031,0.47,46,16.64
27043,6.42,42.4,5.79
27048,0.21,30.2,12.54
27056,7.36,38.4,5.42
27057,3.67,39.12,11.54
27069,2.72,37.57,7.75
27070,0.18,38,18.31
27076,8.60,41.9,8.14
27081,11.05,45.8,0
27084,6.75,39.9,6.57
27085,1.39,38.22,7.49
27087,1.00,44.3,12.77
27088,0.34,47.19,15.72
27089,4.86,41.84,14.42
27103,0.13,36.6,7.87
27121,2.07,44.11,7.41
27129,6.95,37.96,15.24
27171,0.80,45.6,13.45
27191,6.14,40.8,6.03
27225,5.33,39.76,6.91
27229,3.92,40.15,11.74
27230,5.51,40.6,8.77
27232,4.34,39.69,10.34
27238,3.58,35.75,3.71
27241,1.63,38.7,11.49
27246,4.35,38.5,5.86
27248,3.15,41.13,4.07
27249,0.19,38.51,11.71
27250,1.34,36.3,7.11
27275,10.43,47.5,4.48
27280,1.81,45.1,5.25
27281,10.18,0,5.12
27285,3.33,37.3,11.98
27295,6.26,42.2,5.73
27330,0.33,33.09,12.01
27332,6.27,40.8,7.27
27337,2.68,44.33,14.61
27347,4.16,33.63,7.42
27348,0.38,40.02,9.30
27349,1.72,41.64,11.71
27350,0.70,39.84,7.85
27353,1.07,43.7,6.00
27354,1.01,41.32,0
27362,1.00,0.27,10.45
27367,5.07,44.4,10.05
27370,1.28,41.4,8.40
27371,3.80,39.56,7.14
27375,1.31,41.21,10.28
27413,0.71,41.9,8.78
27427,4.64,43.7,9.58
27429,1.23,47.6,9.71
27436,1.41,40.1,10.64
27437,4.43,40.92,3.44
27439,0.85,41.14,5.41
27441,1.16,45.5,11.03
27448,2.10,43.1,4.78
27451,0.11,39.87,12.79
27452,0.74,0,5.12
27456,6.36,41,8.62
27462,0.20,40.33,10.62
27493,7.47,0,5.30
27498,3.03,33,8.65
27500,9.50,41.79,6.29
27505,0.16,37.7,14.04
27514,4.55,37.66,11.25
27515,0.25,42.8,16.54
27520,0.16,39.3,15.24
27542,10.20,46.4,8.10
27549,4.31,45.05,8.18
27551,4.09,43.4,6.16
27558,0.51,44.88,29.12
27561,0.64,42.3,12.47
27564,0.88,47.11,20.40
27594,0.54,40.59,8.73
27595,3.42,44.1,9.06
27597,10.55,0,3.48
27600,2.62,30.64,7.31
27605,1.51,42.5,11.64
27606,1.36,42.95,6.54
27607,1.49,39.2,12.14
27608,0.31,36.2,9.46
27611,11.09,40.4,15.00
27613,0.85,46.08,12.30
27620,0.41,44.5,9.89
27623,0.43,42.12,12.12
27663,13.57,46.6,8.36
27673,4.01,42.7,5.44
27674,3.14,43.99,9.21
27676,0.74,42.1,16.84
27698,0.35,42.31,16.79
27762,0.75,43.9,11.34
27785,0.76,45.2,5.90
27810,0.44,40.15,10.66
27811,7.89,39.3,5.61
27815,3.43,40.32,7.48
27825,3.71,45.89,16.63
27828,3.18,38.8,5.29
27830,3.96,41.91,9.43
27840,1.98,33.65,14.12
27844,0.15,36.7,11.27
27852,2.80,42.62,5.42
27913,2.94,46.3,11.61
27921,0.32,43.4,9.28
27935,3.88,39.32,14.48
27937,2.05,41.27,8.79
27943,0.65,47.2,6.33
27945,6.15,46,8.48
27948,0.25,40.58,17.00
27963,0.48,46.04,13.47
27974,2.00,46.7,8.58
28045,4.27,41.9,10.43
28053,0.30,35.8,7.00
28056,5.40,41.3,8.77
28057,7.27,38.23,9.16
28063,0.96,35.15,13.37
28072,0.26,37.58,8.39
28074,0.41,39.3,10.50
28077,3.69,44.9,3.33
28090,0.55,41.5,3.90
28091,4.45,41.6,8.38
28092,1.60,44.91,7.52
28095,4.28,48.9,10.45
28097,0.34,42.3,12.03
28145,0.35,39.3,7.82
28163,0.13,38.9,15.12
28165,0.67,40.9,9.69
28170,1.42,46.5,4.33
28173,3.25,38.9,11.95
28175,0.54,42.5,12.20
28181,0.64,44.5,13.03
28183,1.27,44.4,7.64
28189,5.05,40.1,3.42
28196,0.27,40.6,5.91
28199,2.96,40.63,4.59
28202,0.29,43.1,6.07
28215,1.55,44.41,12.23
28218,0.67,46.23,10.54
28219,4.42,38.04,7.24
28224,4.07,42.7,6.69
28260,1.02,45.92,9.52
28263,1.13,35.87,8.14
28284,4.47,44.3,8.39
28286,5.56,38.69,7.54
28294,11.12,45.4,6.05
28305,4.68,42.9,5.72
28312,0.51,44.3,6.96
28316,0.55,42.4,6.77
28331,6.62,41.92,8.29
28333,5.17,38.26,8.15
28347,3.08,35.5,4.30
28363,0.38,41.74,9.25
28369,0.40,41.84,6.92
28373,1.34,41.23,5.01
28374,8.82,44.8,10.75
28379,1.05,37.79,13.83
28385,0.88,42.67,9.00
28388,0.99,42.7,11.91
28393,4.35,0,5.36
28394,9.09,42.1,4.44
28396,0.48,42.7,11.61
28402,3.00,52.9,7.69
28404,1.41,37.66,12.10
28407,0.49,41.55,13.40
28497,0.40,42.7,12.98
28512,0.33,46.9,6.17
28515,0.32,45.66,16.45
28520,1.11,35.5,9.48
28524,1.02,45.24,10.03
28527,0.23,39.2,7.04
28530,0.19,41.2,9.71
28533,0.52,37.9,10.78
28547,0.38,40.8,5.50
28553,13.18,48.1,13.93
28555,3.39,46.23,15.74
28557,5.95,38.64,0
28617,2.79,45,7.41
28625,1.10,44.8,17.56
28644,3.14,33.64,7.31
28649,0.25,43.6,8.96
28657,1.29,46.1,14.77
28664,6.66,41.6,8.41
28671,0.29,47.79,8.81
28694,7.54,42.2,8.93
28712,0.26,41.9,10.37
28723,0.22,42.4,8.89
28727,4.28,45.52,8.46
28730,3.48,39.5,8.70
28746,0.69,46.9,9.72
28759,6.37,38.9,10.04
28772,0.52,41.2,0
28777,0.56,45.14,8.09
28785,1.61,40.8,14.16
28849,4.93,0,9.74
28857,0.54,44.79,10.98
28882,0.12,38.46,13.31
28894,4.48,39.57,8.81
28903,0.52,0,7.65
28905,2.23,48.09,19.57
28907,0.50,39.56,9.69
28910,3.53,50.81,13.69
28913,0.16,40.96,21.53
28920,0.14,33.7,11.75
28928,2.79,43.8,7.88
28951,0.51,40.6,12.97
28952,4.38,44.3,8.18
28958,0.45,43.8,9.20
28959,0.51,43.25,11.00
28973,0.56,41.95,12.45
28978,0.64,40.75,11.85
28979,0.18,38,15.30
28998,2.39,40.3,10.13
29024,0.83,42.2,7.19
29025,7.62,44.1,4.33
29027,7.88,43.9,12.13
29032,0.26,43.8,5.43
29034,0.65,42.9,10.45
29049,3.47,43,5.74
29050,1.01,44.4,9.96
29052,3.24,42.13,9.32
29055,0.18,44.38,13.78
29094,3.75,38.77,4.55
29100,1.57,41.9,9.75
29101,6.66,44.92,6.10
29102,9.64,43.4,7.56
29110,0.71,48.24,9.56
29114,0.16,38.6,8.98
29118,11.37,43.8,4.07
29122,1.55,49.1,12.15
29197,2.15,44.4,6.45
29238,4.16,37,6.07
29241,0.33,40.61,15.77
29245,0.18,38.25,16.46
29248,11.50,41.4,4.76
29254,1.33,41.69,7.86
29259,7.19,47.02,11.75
29268,3.96,40.5,7.10
29284,5.98,42.8,4.07
29290,0.76,41.5,10.32
29314,0.96,42.21,6.68
29316,6.03,45.46,9.30
29331,8.13,38.86,8.09
29346,3.90,41.63,6.54
29350,0.13,40.5,8.87
29351,3.65,42,9.66
29369,2.88,40.9,9.71
29370,8.38,42.09,6.79
29372,0.96,45.09,14.22
29396,4.77,0,7.35
29443,5.07,45.07,11.57
29444,0.53,44.9,4.93
29450,2.58,40.7,9.46
29456,3.21,41.82,10.21
29468,2.53,46.97,14.51
29469,1.23,42.4,7.19
29471,2.53,43.11,4.46
29493,6.16,41.86,8.50
29538,5.73,42.3,4.99
29551,2.33,51.01,10.28
29559,2.08,35.63,3.94
29565,3.05,47.51,7.81
29572,1.16,47.6,9.05
29573,3.21,45,10.96
29574,1.98,46.71,17.82
29603,4.38,46,5.57
29612,4.99,42.4,8.98
29614,1.08,36.4,10.56
29626,3.36,39.92,12.73
29631,0.72,45.77,11.76
29634,7.88,42.1,8.42
29640,2.47,47.5,4.83
29653,8.02,0,8.03
29658,12.11,41.13,8.39
29659,3.28,35,12.45
29669,4.91,43.8,6.03
29697,9.98,0,7.17
29710,0.10,38.22,5.42
29726,2.96,48.1,8.29
29769,5.26,46.4,7.37
29774,11.29,42.02,6.40
29778,0.12,39.2,16.23
29781,3.05,47.1,4.50
29782,0.28,45.07,6.71
29873,0.31,39.76,11.08
29882,0.36,46.5,10.29
29896,11.57,42.9,3.87
29914,1.15,39.94,4.58
29962,0.43,47,17.23
30008,8.82,37.59,5.05
30022,5.52,0,9.99
30135,1.08,46.9,10.05
30213,8.08,40.07,6.20
