1025,39.45
1054,49.11
1103,44.85
1104,37.73
1109,35
1109,40.7
1109,33
1127,44.94
1139,27.91
1163,42.67
1168,39.94
1172,45.56
1173,44.56
1211,40
1211,37
1211,27
1212,43
1213,43
1217,46
1224,50
1263,42
1271,37
1275,44
1276,42
1281,37
1281,32
1352,49
1364,44
1367,41
1431,37
1456,44
1464,41
1465,40
1516,44
1517,37
1556,39
1618,42
1650,44
1650,45
1658,43
1670,45
1687,41
1688,44
1702,43
1705,45
1756,43
1780,40
1783,39
1784,44
1821,43
1830,43
1894,45
1935,47
1944,45
1956,38
1969,42
1994,41
1996,43
2046,38
2058,44
2062,44
2063,42
2063,39
2063,33
2124,39
2133,42
2138,48
2145,30
2145,26
2145,29
2156,41
2210,43
2218,35
2219,42
2290,46
2291,40
2292,47
2297,45
2366,44
2369,40
2371,35
2387,36
2397,51
2399,30
2400,31
2401,43
2420,40
2453,47
2551,36
2587,40
2664,38
2665,37
2666,41
2667,40
2674,43
2739,31
2760,44
2782,47
2836,44
2847,44
2919,41
2921,47
2923,41
2924,36
2951,47
2964,45
2968,42
2969,40
3018,42
302,36
302,36
302,41.27
302,41.27
3031,38
3085,42.56
3111,40
3114,41
3204,47
3209,41
3216,40
3219,35
3221,45
3315,42
3382,42
3389,46
3390,43
3394,47
3399,38
3461,43
3490,40
3528,50
3531,38
3558,40
3561,42
3570,46
3583,38
3598,49
3675,41
3682,38
3689,45
3694,44
3706,46
3768,37
3768,38
3769,40
3769,36
3776,43
3787,40
3853,42
3864,38
3867,46
3946,42
3960,41
3971,46
3972,50
3974,43
3976,46
4063,45
4086,47
4092,46
4139,41
4177,51
4185,44
4201,42
4204,49
4211,39
4289,42
4290,37
4292,46
4299,46
4303,43
4315,43
4323,39
436,39.17
436,39.17
4404,40
4406,38
4408,46
4409,44
4412,38
4420,44
4425,43
4434,47
4496,42
4497,47
4500,47
4503,44
452,37.77
452,37.77
452,29.4
452,38.12
452,30.1
452,30.1
4530,37
4530,41
458,44.75
458,44.75
4600,42
4601,43
4602,40
4602,41
4604,42
461,40.61
461,40.61
4628,47
463,48.59
463,48.59
468,46.3
468,46.3
4696,43
4701,48
4704,40
4706,41
472,37.25
472,37.25
473,35.97
473,36.57
473,36.57
4744,42
4754,43
4756,41
4781,46
4817,45
4818,37
4818,35
4818,41
4819,43
483,38.45
483,38.45
4831,48
4831,47
4913,40
4914,39
4916,40
4931,40
4931,45
494,49.72
494,49.72
4989,45
501,38.96
501,38.96
5010,41
5018,46
503,46.14
503,46.14
504,46.3
504,46.3
5040,46
5105,39
5110,41
5126,43
5132,37
5137,48
5157,47
5201,40
5238,44
526,40.95
526,40.95
5261,38
5261,40
5266,42
5311,45
5317,38
5317,41
534,47.51
534,47.51
5342,45
5346,44
536,43.26
536,43.26
5368,42
5371,44
5372,38
5379,39
5383,45
5389,39
5439,44
544,42.62
544,42.62
5449,40
5450,42
5452,41
5463,40
5463,43
548,38.9
548,38.9
5548,43
5564,43
5564,43
5565,38
5569,41
5578,41
559,41.49
559,44.09
559,44.09
562,41.43
5660,40
5667,47
5668,46
5671,41
569,46.28
574,42.07
5764,39
5764,38
5770,47
5774,43
5774,45
5778,46
5782,44
5783,41
5785,50
5786,41
580,29.89
580,33.43
588,46.26
5943,38
5954,41
5958,42
5967,44
5967,44
5994,39
6018,41
6050,45
6076,42
6084,43
609,37.83
6095,39
6100,42
614,37.42
615,48.82
6163,47
617,44.11
619,44.93
6214,47
6218,46
622,40.81
6229,46
624,43.85
6270,43
6287,40
6299,47
6301,38
6308,45
6309,46
6310,42
6351,35
637,41.66
6378,42
6394,46
6415,48
646,49.7
648,46.93
6490,42
6506,42
6507,43
6518,41
6533,43
6563,33
6605,40
6628,32
665,38
667,44.34
667,45.1
6682,44
669,45.21
6699,45
6796,49
6832,43
705,39.55
723,43.34
734,40.06
739,35.5
739,37
748,37.6
758,41.1
768,39.04
773,43.46
774,40.52
787,40.43
796,44.15
801,45.04
809,39.4
817,44.56
861,44.44
871,40.54
874,45.53
877,44.87
884,43.11
890,32.49
926,50.61
935,41.13
990,39.86
993,37.47
995,42.12
10058,39.03
10139,44.67
10152,47.2
10156,44.36
10159,41.59
10210,38.74
10229,43.03
10237,42.3
10242,41.8
10242,42.54
10244,40.24
10250,44.78
10305,50.41
10312,43.78
10313,39.33
10316,41.22
10317,34.68
10321,40.58
10324,48.23
10326,44.99
10333,39.22
10375,43.22
10377,35.38
10382,46.52
10388,47.64
10405,40.44
10405,36.63
10433,44
10434,4.49E+01
10439,46.1
10445,49.93
10477,47.1
10510,40.66
10522,44.94
10567,37.31
10583,41.1
10601,40.2
10606,39.65
10670,40
10672,49.1
10681,40
10684,42
10717,46.29
10880,46.6
10899,41
10904,43
10987,42.61
10992,44.2
10994,43.4
10996,47.78
11001,47.78
11010,35.9
11012,47.8
11021,43.2
11083,41.78
11087,42.8
11094,37.4
11098,44.1
11099,43.42
11103,47.86
11105,38.5
11162,38.6
11171,46.3
11189,36.27
11204,40.21
11248,40.62
11251,49.2
11258,37.9
11348,44.08
11350,47
11391,45.47
11476,43.2
5653,38
5653,33
6186,40
6305,38
6305,30
6305,41
6305,25
6305,30
6618,39
6676,45
6685,45
6707,40
6743,40
6804,43
6895,35
6919,36
6922,43
6974,44
6975,42
6982,47
6990,41
7007,35
7023,42
7076,41
7076,42
7076,44
7130,43
7134,46
7142,45
7169,42
7175,42
7176,43
7180,39
7186,45
7212,40
7225,45
7240,45
7272,40
7272,41
7281,38
7285,42
7288,45
7297,48
7306,42
7307,49
7367,41
7371,47
7376,45
7378,40
7389,41
7422,41
7422,44
7422,40
7461,46
7463,44
7472,39
7472,42
7479,36
7481,47
7554,42
7591,44
7623,41
7626,44
7627,42
7641,39
7646,45
7702,41
7710,40
7717,47
7736,43
7736,47
7737,43
7742,44
7742,43
7746,43
7758,46
7768,42
7770,41
7784,48
7787,49
7809,44
7815,51
7816,40
7818,41
7820,47
7907,43
7909,40
7910,43
7915,45
7917,44
7917,46
7931,41
7965,41
7981,39
7994,49
8006,38
8006,37
8051,35
8054,39
8056,37
8059,38
8063,43
8063,44
8075,48
8100,42
8113,41
8123,43
8147,46
8179,39
8179,41
8187,44
8215,38
8216,45
8217,46
8231,46
8264,39
8267,37
8305,43
8307,48
8310,32
8331,43
8332,48
8346,45
8347,48
8356,45
8362,38
8363,43
8377,41
8384,41
8385,42
8393,46
8394,41
8396,46
8399,39
8400,39
8404,48
8413,50
8422,45
8422,40
8442,43
8463,40
8463,38
8464,47
8470,40
8470,39
8473,48
8517,45
8526,43
8533,39
8533,0
8582,43
8588,46
8588,46
8590,47
8590,44
8598,41
8600,38
8621,48
8621,49
8625,44
8632,38
8659,44
8668,42
8689,41
8696,45
8711,40
8720,44
8731,43
8733,44
8735,45
8745,42
8752,38
8760,44
8816,47
8831,42
8831,44
8837,43
8883,37
8892,38
8896,38
8901,38
8917,40
8953,47
8968,27
8968,34
8968,1
8980,47
8981,39
8981,33.43
8987,43
8989,46.1
8989,43
9023,44.99
9023,43
9031,0.34
9031,36
9031,34.16
9032,41
9036,39
9040,41
9040,37.51
9045,44.4
9045,43
9077,39
9088,40
9093,50
9098,42
9108,41
9111,45
9136,47
9142,40
9145,40.77
9145,43
9154,44
9154,46.8
9156,39
9165,41
9187,47
9234,41
9247,44
9252,46
9273,40.16
9275,38.68
9276,44.34
9277,44.23
9277,44.66
9282,51.31
9285,42.96
9285,49.12
9286,40.45
9288,37.9
9288,35.83
9295,39.75
9295,38.83
9306,42.49
9306,45.19
9307,46.2
9312,46.72
9315,36.81
9347,44.97
9348,44.37
9349,42.3
9350,40.7
9388,43.07
9390,38.42
9390,39.08
9397,42.15
9398,35.73
9398,40.21
9422,46.3
9422,43.6
9430,40.69
9474,32.43
9474,0.09
9477,42.9
9478,41.27
9492,45.54
9558,35.55
9560,43.76
9580,45.83
9580,46.85
9583,37.96
9640,37.15
9649,35.53
9650,43.41
9654,41.57
9655,41.82
9657,41.78
9657,41
9671,48.27
9675,43.75
9680,49.62
9680,40.17
9681,38.49
9684,37.7
9721,44.07
9734,40.84
9735,41.21
9738,48.15
9741,43.11
9746,46.1
9748,45.22
9758,41.35
9758,36.87
9763,42.72
9798,41.1
9816,44.3
9816,41.95
9821,40.4
9827,41.29
9886,39.32
9886,0.19
9886,35.58
9917,38.95
9930,41.46
9932,35.77
9947,42.62
9947,42.32
9981,0.97
9981,33.72
9983,38.55
9985,43.3
9987,46.6
9991,38.3
9996,38.27
10444,33.9
10444,20.1
10444,30.79
10520,26.3
10520,28.69
10586,35.92
10870,34.43
10870,34.3
10915,35.4
10915,33.9
10965,45
10999,40.79
11009,46.74
11013,42.66
11013,46.39
11049,36.45
11112,40.88
11142,37.3
11157,33.9
11181,37.8
11181,0.03
11186,47.2
11202,41.4
11249,40.71
11250,43.4
11256,44.2
11257,38.6
11257,40.4
11262,35
11265,42.6
11267,41.2
11270,41.3
11271,36.4
11271,34.2
11336,46.6
11337,43.1
11344,44.52
11346,28.9
11346,23.1
11346,54.3
11346,28.9
11346,41.4
11347,44.4
11357,36.6
11366,42
11371,39
11383,44.23
11385,43.83
11393,45.22
11433,41.8
11438,41.2
11449,43.07
11455,42.64
11456,47.79
11460,41.7
11466,45.48
11470,44.25
11503,54.3
11528,42.69
11537,38.5
11539,44.2
11550,42.7
11558,45.1
11575,38.63
11578,0.26
11578,29.54
11578,0.01
11578,30.65
11578,37.66
11587,42.7
11602,40.47
11611,42.6
11653,40.6
11654,41.8
11658,35.85
11664,43.71
11668,40.3
11698,38.4
11739,48.6
11740,41.72
11741,42.4
11742,47.5
11742,45.36
11746,43.15
11750,46.91
11751,40.28
11758,41.8
11763,38.14
11767,42.8
11768,40.7
11769,50.8
11798,43.5
11805,44
11808,45.95
11810,50
11824,43.03
11847,43.5
11862,40.38
11890,41.27
11890,47.71
11891,42.7
11894,42.4
11895,38.49
11895,41.45
11899,47.6
11900,0.01
11900,40.58
11901,45.41
11903,42.32
11907,37.99
11909,34.3
11957,40.06
11962,46.8
11967,44.9
11983,40.7
11991,38.19
11995,43.55
11998,41.1
12000,42.82
12001,45.3
12009,41.6
12015,41.7
12015,31.2
12030,44.1
12033,40.8
12056,39.4
12072,47.4
12077,41.92
12081,44
12084,43.63
12087,38.68
12089,40.2
12091,46.9
12094,47.6
12100,43.34
12102,40.45
12120,45.6
12127,37.6
12137,43.7
12151,36.2
12161,42.7
12175,46.3
12177,40.73
12178,50.3
12178,47.4
12178,47.7
12179,41.2
12180,46
12182,42.36
12185,44
12188,38.7
12195,42.3
12198,42.6
12201,40.21
12255,40.51
12265,32.92
12266,46.8
12269,37.46
12273,41.78
12281,43.2
12283,40.01
12286,39.1
12291,46.8
12300,42.2
12339,53
12341,43.5
12342,42.5
12343,44.78
12345,40.08
12346,39.91
12347,39.04
12360,44
12380,40.4
12386,37.66
12386,34.2
12390,46.1
12397,37.08
12404,40.9
12409,41.02
12410,40.98
12425,45.4
12465,44.5
12471,39.27
12471,0.02
12471,39.28
12472,47.9
12520,47.8
12529,45.7
12550,39
12552,42.76
12562,35.7
12573,43.8
12583,43.29
12587,42.78
12589,39.41
12590,37.5
12617,40.4
12634,43.4
12645,42.8
12649,45.7
12663,41.34
12671,41.7
12672,45.3
12686,45.16
12694,42.19
12747,35.16
12747,41
12754,46
12761,46.7
12766,46.7
12780,40.73
12789,0.09
12789,33.05
12789,33.93
12789,29.93
12790,39.66
12794,38.77
12795,0.09
12795,29.38
12795,33.31
12795,32.65
12832,39.98
12849,40.7
12852,44.95
12859,39.76
12863,41.5
12866,44.5
12869,42.69
12883,46.15
12889,35.01
12889,30.71
12893,41.56
12895,45.81
12910,37.84
12922,46.3
12941,44.9
12944,41.4
12949,38.5
12951,40.42
12954,40.6
12957,39.3
12972,35.1
12974,37.11
12976,35.23
12983,41.6
12996,0.07
12996,40.19
12997,46.4
12998,49.8
13006,36
13007,42.7
13012,0.15
13012,40.05
13012,39.57
13013,48.9
13018,46.8
13018,39.96
13020,47
13053,38.4
13066,40.74
13073,36.08
13076,30.97
13076,31.41
13080,49.9
13084,39.5
13091,44.3
13157,39.6
13172,44.49
13175,44.3
13176,38.4
13176,35.79
13177,42.01
13178,46.3
13182,33
13184,42.7
13188,39.83
13192,41.6
13201,37.7
13226,46.4
13238,39.1
13267,40.6
13274,41.1
13276,42.4
13299,43
13299,41.31
13311,42.7
13377,36.38
13380,39.8
13384,0.01
13384,44.52
13385,47.5
13393,42.25
13394,38.8
13394,43.7
13401,39.29
13405,45.97
13414,46.8
13415,39
13415,38.7
13452,42
13458,42.3
13476,36.76
13479,42.38
13486,41.18
13486,0.01
13487,49.3
13496,42.33
13496,39.41
13497,37.52
13504,50
13540,43.3
13554,42.1
13568,44.09
13587,39.03
13587,41.5
13625,45.9
13628,43.9
13633,40.62
13661,41.07
13665,51.44
13668,42.51
13694,45.3
13700,44.4
13798,36.87
13801,42.82
13804,42.2
13815,49.37
13906,42.18
13909,39.04
13920,44
13921,38.07
13929,42.61
14207,46.7
12682,38.1
13272,32
13272,37.8
13272,35.4
13272,35.9
13403,42.5
13410,42.36
13453,37.6
13472,44.9
13550,42.1
13557,43.1
13557,42
13591,40.4
13631,0.08
13631,40.16
13636,41.4
13639,36.3
13641,42
13642,42.11
13642,40
13642,0.11
13698,39.1
13702,36.3
13770,43.3
13792,42.39
13806,40.8
13808,41.1
13818,36.2
13818,31
13859,31.7
13859,39.5
13859,32.4
13866,38.4
13879,40.8
13897,46.7
13904,43.58
13910,45.62
13910,0.02
13912,41.4
13912,38.86
13923,35.36
13926,36.44
13926,38.93
13930,35.5
13931,41.92
14008,44.8
14010,30.2
14012,38.26
14017,43
14019,43.5
14021,39.4
14029,43.47
14030,44.73
14033,49.9
14033,43.7
14037,41.1
14079,41.7
14093,39.6
14112,45.28
14115,37.59
14115,50
14122,42.19
14125,44.54
14141,39.49
14179,46
14184,42
14185,32.6
14185,36.5
14186,41.74
14188,40.72
14193,45.3
14195,48.8
14199,40.6
14208,47.53
14210,46.98
14211,37.5
14219,42.2
14241,45.5
14250,42.83
14256,42.32
14260,41.85
14262,44.6
14262,39.4
14284,37.93
14284,40.8
14314,45
14316,39.73
14317,44.5
14324,45.27
14325,38.38
14327,36.37
14339,37
14340,46.1
14341,41.94
14341,0.12
14341,45.61
14403,44.2
14410,45.5
14416,35.14
14419,44.7
14423,43.9
14423,35.7
14424,32.85
14428,45.01
14428,38.98
14429,40.15
14430,43.76
14434,47.7
14435,44.64
14443,38.57
14447,36.1
14448,42.8
14464,40
14464,45.8
14464,35.6
14493,37
14496,41.1
14504,40.4
14527,47.64
14529,43.76
14531,43.6
14539,46.5
14541,43.51
14544,39.3
14547,42.11
14550,47.8
14551,45.27
14554,43.36
14554,42.27
14576,43.3
14582,41.6
14601,39.4
14605,44.5
14620,43.5
14624,36.9
14626,46.53
14630,46.8
14630,45.24
14631,44.2
14636,45.6
14644,39.3
14646,42.2
14649,41.46
14677,42.5
14682,51.49
14682,36.53
14698,38.5
14709,42
14772,39.07
14776,43.74
14783,44.1
14784,38.5
14786,40
14787,43.67
14789,44.4
14796,45.28
14801,40.4
14804,42.3
14808,44.98
14819,39.49
14820,46.38
14833,42.83
14833,37.04
14835,33.87
14835,44.4
14835,0.05
14836,47.2
14841,37.6
14846,0.02
14846,31.6
14846,37.8
14846,26.89
14846,0.01
14846,23.96
14846,28.5
14915,46.93
14918,41.2
14921,35.58
14923,42.3
14925,42
14926,39.12
14928,43.16
14928,48.27
14932,46.07
14949,39.48
14977,41.52
14985,41.57
15010,39.6
15017,44.85
15023,43.9
15026,41.55
15029,43.1
15035,44.16
15039,49.3
15042,41.5
15048,40.9
15052,40.95
15052,43.9
15056,44
15058,46.72
15130,48.3
15134,44.9
15139,49.2
15139,41.3
15145,46.64
15150,42.8
15152,42.86
15154,41.9
15156,38
15158,44.22
15160,41.2
15160,40.22
15164,0.17
15164,38.14
15164,42.22
15165,45.99
15180,47.2
15219,47.7
15241,48.02
15244,42.49
15245,47.76
15246,43.7
15247,39.46
15248,48.91
15256,40.9
15265,42.6
15273,44.1
15274,43.3
15277,37.5
15322,38.6
15322,42.3
15329,38.4
15333,34.8
15333,34.5
15338,42.5
15352,33.93
15357,44.98
15402,40.5
15411,45.12
15413,42.1
15418,47
15424,48.2
15427,40.5
15435,48.46
15442,46.8
15444,39.3
15449,43.3
15468,38
15471,38
15476,0.08
15476,39.32
15476,39.76
15480,43.77
15487,35.8
15489,44.75
15491,37.4
15499,34.3
15499,39.5
15500,43.38
15501,40.58
15506,42.5
15511,40.5
15513,42.6
15517,40.4
15547,46.3
15551,44.3
15555,38.86
15560,38.02
15563,39.15
15564,40.67
15565,44.18
15568,42.65
15570,33.6
15573,42.6
15580,38.7
15585,43
15622,44.9
15645,43.7
15665,39.9
15668,40.66
15669,0.01
15669,41.22
15672,42.3
15672,41.89
15674,42.6
15675,45.8
15676,46.65
15677,32.2
15677,39.8
15678,28.8
15678,35.1
15683,38.7
15693,42.4
15722,46.82
15754,40.5
15757,40.83
15758,44.6
15759,45.2
15765,41.94
15769,38.68
15771,49.08
15773,40.2
15773,35.6
15783,44.2
15796,39.5
15822,36.2
15845,42.4
15846,0.11
15846,32.17
15847,44.8
15850,37.5
15850,0.26
15851,46.58
15852,34.64
15856,44.7
15858,42.53
15860,41.18
15867,37.18
15867,34.9
15934,41.89
15934,0.03
15936,45.6
15943,45.45
15944,42.33
15945,42.8
15948,43.63
15951,50.2
15959,44.6
15966,47.1
15967,34.3
16011,40.4
16014,43.9
16020,44.3
16033,41.58
16035,37
16036,45.12
16048,42.9
16064,40.29
16086,44
16092,40.3
16095,42
16097,46.4
16100,42.8
16103,43.56
16105,46
16107,41.23
16121,41.1
16153,37
16163,39.3
16164,40.36
16165,37.54
16168,43.3
16171,43.5
16177,49.3
16181,41.62
16182,44.7
16183,43.85
16206,46.2
16230,46.38
16245,44.7
16254,37.2
16270,44.62
16272,43.06
16274,46.78
16281,45.99
16286,44.41
16292,33.8
16356,45.2
16361,45.03
16364,41.39
16366,40.19
16367,40.09
16368,42.64
16397,47.52
16465,41.57
16468,39.26
16470,36.01
16561,39.09
16561,40.33
16561,42.03
16608,44.4
16618,38.86
18192,37.9
18192,38.1
18192,26.3
18216,41
18479,38.6
18479,22
18791,36
18816,42.1
18816,30.8
18835,41.15
18915,35.39
18915,37.86
18999,28.3
19012,41.8
19121,0.24
19121,32.7
19147,42
19151,34
19158,45.84
19210,46.2
19221,40.35
19221,41.63
19324,42.73
19328,42.44
19329,41.3
19329,47.89
19333,35.2
19383,41
19401,40.1
19414,45.1
19415,46.2
19423,40.5
19425,39.19
19436,41.5
19439,39
19461,39.8
19478,43.4
19492,39.4
19492,39.6
19538,39.75
19538,39.84
19541,35.14
19552,39.3
19553,39.77
19560,41.13
19571,44.8
19574,38.5
19574,43.3
19611,40.1
19620,52.7
19623,41.3
19623,42.4
19632,45.9
19640,43.7
19645,53.2
19654,43.8
19657,37.68
19659,39.2
19661,35.71
19663,30.52
19663,34.87
19663,0.13
19664,46.08
19664,26.67
19669,38.44
19672,37.23
19675,38.8
19684,41.73
19726,46.7
19731,45.2
19731,0.06
19739,39.05
19742,0.14
19742,35.72
19742,39.76
19742,0.2
19743,37.74
19743,38.42
19744,44.4
19752,38.88
19756,0.14
19756,44.77
19768,38.69
19770,38.9
19773,39.81
19778,39.4
19778,41.1
19785,46.1
19798,42.3
19802,43.18
19803,0.22
19803,35.67
19803,37.54
19808,46.33
19809,37.12
19811,39
19823,41.96
19827,36.6
19868,45.5
19873,47.02
19880,45.98
19881,36.1
19887,44.03
19891,43.77
19980,39
19994,48.7
20000,35.86
20008,46.4
20008,42.6
20011,41.75
20012,43.57
20020,37.7
20024,46
20025,50.58
20026,45.9
20033,39.8
20041,39.1
20044,43.33
20046,43
20077,37.91
20102,40.4
20102,36.5
20111,47.4
20130,39.81
20130,39.81
20130,32.9
20130,0.09
20132,44.6
20140,38.47
20141,39.26
20142,37.1
20142,36.7
20147,40.4
20158,39.8
20160,43.7
20161,37.49
20176,38.55
20176,43.64
20191,46.7
20229,45.9
20247,42.5
20247,43.1
20247,41.9
20255,41.6
20263,43.3
20264,38.09
20265,39.93
20282,0.02
20282,31.05
20284,40
20290,43.51
20290,42.98
20355,39.3
20358,39
20362,40.8
20375,45.9
20378,46.2
20387,42.3
20393,41.4
20395,42.8
20397,40.9
20403,37.83
20410,48.8
20474,40.55
20478,0.05
20478,43.98
20478,0.01
20479,44.7
20482,37.3
20484,40.5
20485,39.59
20486,44.2
20489,0.07
20489,0.01
20489,36.99
20492,41.1
20495,40
20505,44.3
20509,43.6
20516,30.32
20517,47.9
20554,37.3
20557,43.6
20561,43.19
20564,46.35
20566,0.07
20566,26.22
20566,0.05
20566,38.11
20569,42.56
20572,40.76
20573,45.5
20576,37.7
20578,0.13
20578,39.62
20579,43.7
20583,47.3
20616,45.39
20623,40.22
20624,42.99
20627,40.71
20629,41.1
20633,39.8
20635,44.5
20637,45
20746,39.3
20750,35.83
20751,30.3
20765,36.51
20772,44
20791,38.7
20870,38.8
20873,45.2
20874,35.2
20880,46.4
20883,37.13
20886,43.38
20889,37
20891,45
20896,45.12
20899,46.2
20901,40.1
20914,41.99
20915,43.9
20923,38.1
20958,42.06
20987,44.3
20989,45.1
20990,44.8
20993,40.5
20997,41.76
21003,39.3
21006,39.5
21013,36.95
21013,40.29
21020,42.02
21060,43
21073,25.4
21073,20.8
21073,32.1
21073,39
21080,38.3
21082,45.8
21083,35.38
21098,36.81
21098,40.08
21108,43.4
21111,48.1
21113,43.6
21121,38.7
21123,42.71
21127,35.53
21127,37.31
21128,35.85
21132,47.5
21136,41.9
21161,39.2
21168,43.3
21174,42.32
21179,40.7
21180,40.67
21186,44.3
21188,35.9
21191,43.22
21191,43.41
21193,44.01
21200,38.26
21200,43.36
21210,41.31
21210,0.01
21210,0.01
21237,40.22
21243,48.6
21247,40.01
21247,37.02
21250,44.43
21251,37.16
21252,39.2
21255,45.7
21258,40.8
21271,40.9
21290,36.88
21294,37.8
21305,39.03
21305,38.45
21310,41.29
21311,45.83
21312,44.83
21314,43.7
21317,38.3
21328,41.1
21328,36.3
21355,45.43
21361,39.24
21364,40
21366,44.8
21367,45.24
21368,40.7
21371,41.7
21372,42.35
21377,44.1
21387,47.2
21390,40
21391,42.3
21394,34.3
21394,40.58
21395,40.44
21396,40.7
21399,44
21410,42.75
21417,40.15
21421,42.26
21424,41.06
21425,48.69
21434,42.5
21435,39.15
21441,42.7
21450,44.6
21453,41.46
21454,41.7
21457,46.9
21464,40.63
21469,41.9
21472,40.19
21473,34.56
21478,39.32
21479,43.4
21480,43.14
21482,42.43
21485,40.71
21496,39.4
21498,42.5
21505,38.3
21506,41.6
21506,36.7
21513,45.55
21517,45.3
21535,39.67
21560,42.4
21567,42.09
21575,41.28
21589,44.57
21591,44.3
21612,47.5
21615,43.45
21626,41.2
21628,41.8
21782,48.7
21870,40.6
21902,36.8
21915,38.67
21933,48.8
21370,42.28
21370,37.48
21370,38.71
21414,42.66
21414,0.02
21414,44.52
21415,40.7
21415,27.6
21415,28.1
21452,31.51
21463,42.3
21463,38.2
21474,37.7
21504,40.31
21504,37.82
21504,34.3
21548,41.5
21555,40.31
21555,35.55
21555,36.89
21555,41.43
21556,40.9
21565,39.31
21576,46.3
21580,45.04
21590,42.3
21593,42.2
21613,37.87
21617,39.77
21639,0.01
21639,44
21639,0.03
21657,42.6
21657,43.3
21691,37.11
21693,45.02
21693,42.92
21693,0.02
21704,41.09
21704,43.45
21706,41.67
21706,43.64
21708,42.42
21711,40.8
21716,47.5
21719,41.1
21725,36.92
21769,34.3
21769,38.4
21787,43.2
21788,40.03
21791,43.7
21799,30.4
21803,39.41
21808,37.32
21810,36.68
21810,40.71
21825,36.89
21833,44.3
21834,38.2
21860,39.2
21900,43.4
21918,38.9
21928,44.3
21937,42.03
21938,44.91
21940,39.97
21959,43.4
21962,40.6
21977,41.5
21978,41.1
21979,40.7
21980,42.7
21985,39.7
22001,42.25
22003,39.1
22015,40.6
22021,39.43
22022,44
22023,41.3
22023,41.1
22027,40.9
22030,40
22040,38.6
22061,44.6
22062,38.8
22067,38.2
22077,44.1
22078,46.5
22081,49.7
22082,40.68
22095,41.7
22103,47.21
22103,45.49
22121,44.4
22131,38.6
22132,44
22156,41.8
22168,49.2
22168,0.07
22182,44.42
22182,42.84
22182,41.51
22198,39.79
22204,38.26
22214,0.02
22214,37.56
22224,41.07
22227,40.97
22238,38.1
22242,41.91
22252,40.65
22257,41.1
22262,40.38
22269,41.73
22270,42.53
22270,39.13
22271,41.8
22273,46.44
22275,41.09
22347,42.04
22354,36.2
22355,39.33
22355,42.05
22361,46.4
22362,44.49
22375,48.8
22379,0.01
22379,46.95
22380,39.02
22382,41.08
22382,43.96
22451,41.65
22454,40.5
22468,41
22469,44.7
22474,43.4
22523,47
22529,43.93
22534,0.12
22534,39.5
22536,43.9
22536,43.4
22537,42.31
22548,38.8
22556,41.35
22593,40.5
22611,40.81
22619,44.34
22625,44.72
22626,43.2
22634,43.4
22640,44.42
22641,46.21
22644,43.04
22651,45.07
22674,37.54
22683,40.2
22687,46.66
22698,44
22703,38.1
22703,36.7
22706,41.3
22708,47.4
22711,46.8
22730,38.2
22731,37.99
22734,44.72
22736,38.81
22738,41.09
22738,39.13
22740,37.98
22741,43.5
22742,40.22
22749,42.86
22749,41.16
22751,40.32
22751,40.32
22762,44.46
22762,45.71
22765,46.51
22768,43.8
22783,40.19
22783,38.88
22810,40.4
22818,40.4
22822,42.3
22836,41.9
22845,43.13
22853,35.5
22855,48
22860,39.59
22864,41.6
22871,47.1
22871,32.8
22872,47.5
22877,42.1
22882,44.9
22909,41.9
22912,41
22921,45.3
22925,43.85
22945,45.1
22955,41.47
22959,44.2
22959,35.6
22961,39.86
22962,38.61
22963,32.7
22967,40.58
22976,43.1
22980,31.84
22980,33.5
22983,42.7
23034,48.1
23037,39.7
23038,47.8
23046,36.45
23048,38.4
23051,35.28
23052,43.83
23052,46.81
23057,37.34
23061,42.5
23073,44.72
23074,44.4
23075,51
23080,41.36
23080,36.77
23089,44.15
23152,41.74
23153,46.5
23157,42.35
23163,40.74
23173,42.8
23193,42
23195,40.6
23216,44.1
23218,35.81
23218,38.99
23219,41.98
23220,41.31
23220,39.34
23222,40.86
23238,43.9
23251,43
23252,49.6
23253,44.5
23258,41.86
23267,39.9
23270,38.1
23284,41.5
23284,39.03
23289,44.2
23292,40.67
23294,35.9
23297,46.2
23300,0.03
23300,46.62
23300,0.06
23300,0.11
23300,0.04
23334,34.1
23334,39.3
23341,42.1
23345,38.2
23347,41.03
23347,32.53
23347,37.34
23347,29.01
23367,45.8
23403,38.33
23424,43.71
23425,37
23430,41.7
23430,36.2
23442,46
23452,45.39
23457,38.82
23462,40.8
23464,46
23469,38.5
23470,38.76
23471,43.25
23491,42.16
23492,37.91
23493,39.74
23551,40.2
23557,43.6
23566,44.1
23567,45.01
23577,38.82
23582,48.5
23591,37.5
23593,41.89
23593,0.05
23595,42.31
23595,37.48
23596,43.91
23657,43.11
23660,42.21
23670,47.63
23673,43.55
23675,44.6
23680,39.99
23680,44.69
23681,37.55
23696,42.69
23696,44.73
23747,36.9
23752,40.7
23762,39.65
23762,46.11
23776,35.49
23776,36.61
23787,44.2
23808,46.8
23810,44.8
23816,42.7
23816,45.43
23818,41.6
23835,40.2
23844,42
23854,44.93
23855,44.18
23858,40.75
23860,44.94
23860,0.02
23860,0.01
23865,40.1
23869,40.7
23873,36.9
23879,39.95
23879,33.61
23880,44.11
23889,38.93
23890,48.7
23892,41.05
23903,44.06
23928,37.7
23931,46.3
23932,33.5
23934,42.58
23936,39.9
23952,41.68
23958,44.2
23963,42.41
23964,45.3
24007,44.3
24037,41.3
24040,41.57
24053,46.4
24056,42.4
24057,43.6
24062,42.9
24066,45.7
24090,40.9
24094,42.4
24158,37.2
24162,37.31
24168,42.36
24194,39.92
24194,42.97
24247,44.7
24268,45.73
24268,42
24388,42.9
24426,40.4
24467,43.6
24512,41.01
24547,42.7
23692,34.47
23692,42.34
23757,34.92
23757,38.47
23896,39.4
23900,41.56
24096,0.35
24096,32.96
24096,31.84
24156,30.2
24156,37
24156,31.7
24161,41
24177,46.5
24188,44.4
24220,44
24220,0.19
24279,38.91
24313,42.2
24330,44.3
24339,45.9
24340,41.5
24350,41.39
24358,42.5
24374,41.01
24375,37.93
24375,37.02
24385,41.37
24387,36.5
24389,45.14
24390,44.9
24391,44.69
24391,42.65
24393,36.44
24393,42.11
24395,40.3
24419,43.3
24432,0.12
24432,49.14
24432,0.07
24437,40.77
24438,41.84
24438,0.01
24438,0.1
24438,41.64
24449,41.1
24465,46.2
24475,37.06
24475,38.72
24494,43.8
24504,38.14
24513,37.02
24522,40.35
24522,39.66
24525,41.5
24540,32.2
24551,39.8
24551,38.2
24553,41.89
24558,41.96
24561,45.2
24566,37.2
24567,40.9
24568,42
24597,45.4
24603,44.9
24612,43.8
24639,40.1
24646,40.26
24646,37.67
24648,45
24652,42.97
24652,0.02
24652,0.05
24653,43.38
24661,37.5
24670,31.8
24670,45
24675,40.26
24676,42.1
24720,44.99
24720,45.21
24739,43.48
24741,38.17
24741,0.02
24741,0.03
24742,0.03
24742,0.07
24742,47.62
24751,41.27
24752,42.1
24759,40.65
24760,39.4
24763,44.5
24766,43.02
24766,41.9
24774,41.7
24778,39.89
24784,44.9
24786,39.9
24849,40.2
24851,41.5
24857,34.5
24864,42.89
24865,41.46
24869,41.3
24872,44.5
24878,39.86
24878,43.66
24882,40.71
24883,38.1
24884,40.72
24887,40.3
24893,49.3
24914,45.5
24936,47.9
24966,40.29
24970,43.1
24978,44.6
24988,43.4
24992,46.02
24993,47.33
24997,0.01
24997,49.69
24997,0.16
25009,45.54
25021,43.5
25027,37.8
25033,44.3
25033,37.3
25042,0.09
25042,50.1
25043,39.68
25050,39.6
25051,0.01
25051,0.13
25051,44.13
25054,46.48
25061,44.6
25061,47.4
25063,46.02
25069,41.53
25075,32.4
25078,44.5
25081,45.82
25084,41.52
25089,46.4
25112,38.98
25112,40.53
25113,38.2
25114,41.1
25116,42
25122,45.46
25124,42.99
25134,47.08
25138,34.6
25138,40.3
25140,44.9
25143,40.56
25148,44.4
25159,47.01
25159,43.48
25172,37.48
25204,41.9
25204,42.4
25214,46.7
25218,45.8
25220,42.29
25220,44.69
25228,38.85
25235,42.35
25244,41.83
25249,42.7
25250,36.76
25250,40.43
25250,37.48
25250,47.93
25250,0.11
25252,40.6
25253,41.93
25254,46.4
25330,38
25338,38
25344,42.15
25347,44
25351,49.24
25357,43.5
25357,43.4
25358,43.74
25364,43.74
25369,43.7
25372,35.43
25372,35.38
25375,41
25377,48.71
25377,50.35
25384,39.51
25400,43.5
25439,44
25451,0.16
25451,42.49
25452,41.6
25453,42.7
25460,41.8
25460,44.9
25461,40.3
25462,43.08
25477,38.3
25477,43.5
25482,44.05
25482,44.7
25482,44.21
25489,38.89
25489,34.02
25495,39.49
25495,0.05
25495,0.02
25524,35.9
25530,41.2
25559,41.4
25575,42.54
25575,0.05
25575,0.03
25576,41.8
25583,45.37
25587,36.37
25590,42
25592,36.8
25593,48
25598,42.25
25602,42.87
25609,42.36
25620,0.11
25620,30.69
25646,40.1
25655,43.6
25686,44.9
25686,38.56
25699,45.6
25700,41.34
25705,44.03
25716,45.9
25719,48
25734,50
25735,38.16
25738,37.06
25743,34.37
25748,39.8
25749,38.47
25764,38.53
25782,40.7
25785,38
25791,34.4
25792,39.5
25796,36.77
25798,44.4
25799,37.98
25801,39.23
25802,41.41
25804,45.14
25811,42.6
25812,37
25812,41.5
25858,44
25869,39.1
25904,39.43
25909,38.19
25912,38.86
25913,0.12
25913,35.87
25913,28.25
25913,0.2
25913,0.13
25922,43.04
25924,0.14
25924,40.63
25924,0.11
25932,43.98
25932,45.21
25939,36.8
25940,39.27
25951,41.5
25958,40.19
25988,45.7
26005,49.4
26008,44.7
26018,40.6
26025,40.8
26030,0.05
26030,40.06
26031,0.09
26031,43.26
26033,38.7
26034,37.07
26036,45.1
26043,45.3
26046,40.65
26048,34.67
26059,45.53
26061,44.6
26063,42.31
26066,35.9
26089,44.1
26144,44.6
26150,40.94
26157,43
26159,37.04
26159,36.57
26160,0.12
26160,30.62
26160,0.05
26160,34.75
26169,40
26169,43.5
26183,37.8
26191,40
26228,36.8
26263,37.81
26268,39.21
26271,36.6
26272,36.3
26279,41.9
26281,41.9
26284,42.2
26290,42.6
26296,37.81
26297,42.43
26334,38
26341,44.9
26351,44.3
26354,43.87
26356,45.9
26359,42.4
26363,37
26365,44.9
26369,39.7
26382,42.2
26387,37.98
26387,40.46
26389,35.72
26390,46.8
26411,41.33
26415,38.1
26454,36
26455,40.5
26463,40.8
26468,39.4
26485,38
26488,43.9
26491,45.08
26515,40.4
26525,39.19
26536,44
26587,37.3
26590,37.7
26594,48.5
26595,43.6
26597,45.46
26600,41
26605,40.13
26606,37.46
26631,41.33
26633,38.2
26634,39.68
26635,39.3
26641,47.16
26696,44.06
26697,41.7
26704,43.5
26706,41.28
26708,39.53
26711,41.36
26713,0.08
26713,39.75
26714,41.2
26717,38.23
26720,43.7
26726,36.14
26791,46.3
26796,42.8
26802,43.04
26802,44.21
26806,41.74
26820,41.84
26825,0.01
26825,45.26
26827,50.37
26831,42.19
26833,40.62
26838,43.3
26842,39.06
26909,37.15
26910,39.67
26922,47.27
26926,46.9
26928,45.66
26934,43.3
26938,40.3
26943,42.29
26993,44.38
26998,40.03
27002,43.6
27014,46.9
27022,40.4
27054,38.79
27067,47.4
27073,38.26
27120,41.3
25636,35.2
25937,33.61
25937,34.84
25937,32.48
25937,39.81
25937,36.38
25937,30.1
25937,31.28
25937,30.45
26378,35.6
26482,41.51
26626,31.54
26626,36.5
26626,36.09
26626,32.22
26626,42.14
26626,36.12
26690,38.1
26728,45.2
26728,40.8
26810,41.74
26904,36.8
26931,39.2
26995,42.76
27001,38.81
27001,39.04
27031,46
27043,42.4
27048,30.2
27048,42.7
27056,38.4
27057,39.12
27069,37.57
27069,38.23
27070,38
27076,41.9
27081,45.8
27084,39.9
27085,38.22
27087,44.3
27087,45.2
27088,47.19
27088,39.96
27089,41.84
27103,36.6
27121,44.11
27129,37.96
27171,45.6
27191,40.8
27225,39.76
27229,40.15
27230,40.6
27230,42.52
27232,39.69
27238,35.75
27241,38.7
27246,38.5
27248,41.13
27249,38.51
27250,36.3
27275,47.5
27275,31.6
27280,45.1
27285,37.3
27295,42.2
27330,33.09
27330,41.89
27332,40.8
27337,44.33
27337,51.09
27337,49.29
27347,33.63
27347,30.06
27348,40.02
27349,41.64
27350,39.84
27350,41.84
27353,43.7
27354,41.32
27362,0.27
27362,45.18
27367,44.4
27370,41.4
27371,39.56
27375,41.21
27413,41.9
27427,43.7
27429,47.6
27436,40.1
27437,40.92
27439,41.14
27441,45.5
27448,43.1
27451,39.87
27456,41
27462,40.33
27462,38.67
27498,33
27498,36.88
27500,41.79
27505,37.7
27505,40.2
27514,37.66
27514,36.86
27515,42.8
27520,39.3
27542,46.4
27549,45.05
27551,43.4
27558,44.88
27561,42.3
27561,38.1
27561,38.3
27564,47.11
27564,38.2
27570,40.09
27594,40.59
27595,44.1
27600,30.64
27600,43.36
27600,31.66
27600,33.82
27605,42.5
27606,42.95
27607,39.2
27608,36.2
27608,39.38
27608,37.21
27608,40.71
27608,37.56
27608,32.2
27611,40.4
27613,46.08
27620,44.5
27623,42.12
27623,40.33
27663,46.6
27673,42.7
27674,43.99
27676,42.1
27676,46.3
27676,49.3
27698,42.31
27762,43.9
27762,43.6
27785,45.2
27810,40.15
27811,39.3
27815,40.32
27825,45.89
27825,45.47
27828,38.8
27830,41.91
27840,33.65
27844,36.7
27852,42.62
27913,46.3
27921,43.4
27935,39.32
27937,41.27
27943,47.2
27945,46
27948,40.58
27963,46.04
27974,46.7
28045,41.9
28053,35.8
28056,41.3
28057,38.23
28063,35.15
28072,37.58
28074,39.3
28077,44.9
28090,41.5
28091,41.6
28092,44.91
28095,48.9
28097,42.3
28145,39.3
28163,38.9
28165,40.9
28170,46.5
28173,38.9
28175,42.5
28181,44.5
28183,44.4
28189,40.1
28196,40.6
28199,40.63
28202,43.1
28215,44.41
28218,46.23
28219,38.04
28224,42.7
28260,45.92
28263,35.87
28263,37.36
28284,44.3
28286,38.69
28286,38.98
28294,45.4
28305,42.9
28312,44.3
28316,42.4
28331,41.92
28333,38.26
28347,35.5
28347,41.5
28363,41.74
28369,41.84
28369,39.17
28373,41.23
28373,43.33
28374,44.8
28379,37.79
28385,42.67
28388,42.7
28394,42.1
28396,42.7
28402,52.9
28404,37.66
28407,41.55
28497,42.7
28512,46.9
28515,45.66
28520,35.5
28524,45.24
28527,39.2
28527,41.8
28530,41.2
28533,37.9
28547,40.8
28553,48.1
28555,46.23
28557,38.64
28617,45
28625,44.8
28644,33.64
28649,43.6
28657,46.1
28664,41.6
28671,47.79
28694,42.2
28712,41.9
28723,42.4
28727,45.52
28730,39.5
28746,46.9
28747,42.8
28759,38.9
28772,41.2
28777,45.14
28785,40.8
28857,44.79
28882,38.46
28894,39.57
28905,48.09
28907,39.56
28910,50.81
28913,40.96
28920,33.7
28920,35.3
28928,43.8
28951,40.6
28952,44.3
28958,43.8
28959,43.25
28973,41.95
28978,40.75
28978,36.42
28979,38
28998,40.3
28998,35.5
29024,42.2
29025,44.1
29027,43.9
29032,43.8
29034,42.9
29049,43
29050,44.4
29052,42.13
29055,44.38
29055,41.79
29094,38.77
29100,41.9
29101,44.92
29102,43.4
29110,48.24
29114,38.6
29118,43.8
29122,49.1
29197,44.4
29238,37
29241,40.61
29245,38.25
29248,41.4
29254,41.69
29259,47.02
29268,40.5
29284,42.8
29290,41.5
29314,42.21
29316,45.46
29316,40.55
29331,38.86
29331,41.02
29346,41.63
29350,40.5
29351,42
29369,40.9
29370,42.09
29370,41.14
29372,45.09
29443,45.07
29444,44.9
29450,40.7
29456,41.82
29456,40.5
29468,46.97
29469,42.4
29471,43.11
29493,41.86
29538,42.3
29551,51.01
29559,35.63
29559,38.18
29565,47.51
29572,47.6
29573,45
29574,46.71
29603,46
29612,42.4
29612,40.3
29614,36.4
29626,39.92
29631,45.77
29634,42.1
29640,47.5
29658,41.13
29659,35
29669,43.8
29710,38.22
29726,48.1
29769,46.4
29774,42.02
29774,41.79
29778,39.2
29781,47.1
29782,45.07
29873,39.76
29882,46.5
29896,42.9
29914,39.94
29962,47
30008,37.59
30135,46.9
30213,40.07
