1127.0,0.4149570,1.0000000,0.1649517,0.5697674,0.3580247,0.0125000,0.0555556,0.1228346,0.7000000,1.0000000
1364.0,0.4156188,1.0000000,0.2316807,0.5232558,0.4691358,0.0500000,0.0277778,0.1023622,0.6698718,0.0000000
1367.0,0.0582396,1.0000000,0.2790770,0.4418605,0.4444444,0.2562500,0.0722222,0.2755906,0.5737179,0.0000000
1456.0,0.5320979,1.0000000,0.2185843,0.9651163,0.0000000,0.2187500,0.0277778,0.0708661,0.6698718,0.0000000
1556.0,0.5651886,1.0000000,0.1219208,0.7093023,0.1481481,0.1500000,0.1277778,0.1732283,0.5096154,1.0000000
1705.0,0.2283256,1.0000000,0.2313689,0.7674419,0.2098765,0.1562500,0.0222222,0.1181102,0.7019231,0.0000000
1756.0,0.1369954,1.0000000,0.2135953,0.5930233,0.3580247,0.0000000,0.0277778,0.2677165,0.6378205,0.0000000
1780.0,0.7339510,1.0000000,0.1200499,0.7441860,0.5061728,0.0500000,0.0222222,0.0708661,0.5416667,0.0000000
1783.0,0.3778954,1.0000000,0.0767072,0.1860465,0.7407407,0.0312500,0.0555556,0.1574803,0.5096154,0.0000000
1996.0,0.2263402,1.0000000,0.2095416,0.6511628,0.3703704,0.0625000,0.0111111,0.1496063,0.6378205,1.0000000
2046.0,0.4765056,1.0000000,0.0929217,0.6860465,0.2962963,0.0750000,0.0555556,0.1181102,0.4775641,0.0000000
2062.0,0.0555923,1.0000000,0.1858435,0.4069767,0.4567901,0.0687500,0.0555556,0.2598425,0.6698718,0.0000000
2063.0,0.2495036,1.0000000,0.2316807,0.2790698,0.5308642,0.0625000,0.2611111,0.1417323,0.6057692,0.0000000
2124.0,0.4003971,1.0000000,0.1418771,0.7558140,0.2222222,0.1250000,0.0444444,0.1811024,0.5096154,1.0000000
2156.0,0.3448048,1.0000000,0.3161833,0.4418605,0.5555556,0.0625000,0.0333333,0.0944882,0.5737179,1.0000000
2218.0,0.5996029,1.0000000,0.2329280,0.7441860,0.1851852,0.1500000,0.1277778,0.1417323,0.3814103,1.0000000
2219.0,0.1158173,1.0000000,0.2781416,0.0813953,0.9012346,0.4437500,0.1444444,0.3070866,0.6057692,1.0000000
2399.0,0.2620781,1.0000000,0.2425943,0.6511628,0.0740741,0.0250000,0.1111111,0.2834646,0.2211538,1.0000000
2400.0,0.4718729,1.0000000,0.2173371,0.6162791,0.2839506,0.0062500,0.0444444,0.1338583,0.2532051,1.0000000
2420.0,0.1489080,1.0000000,0.1216090,0.4418605,0.3086420,0.0625000,0.0222222,0.1732283,0.5416667,0.0000000
2551.0,0.3110523,1.0000000,0.3691924,0.7906977,0.1728395,0.1562500,0.0444444,0.1417323,0.4134615,0.0000000
2587.0,0.4434150,1.0000000,0.1465544,0.7325581,0.2222222,0.2000000,0.0444444,0.1574803,0.5416667,1.0000000
2666.0,0.1608206,1.0000000,0.2965388,0.6046512,0.3333333,0.0437500,0.2777778,0.3858268,0.5737179,0.0000000
2739.0,0.6922568,1.0000000,0.3626442,0.6744186,0.2345679,0.0062500,0.1611111,0.4566929,0.2532051,1.0000000
2924.0,0.2872270,1.0000000,0.2076707,0.7093023,0.3086420,0.2562500,0.0388889,0.1968504,0.4134615,0.0000000
2968.0,0.2799471,1.0000000,0.1490490,0.5581395,0.3950617,0.0312500,0.0444444,0.1653543,0.6057692,0.0000000
3018.0,0.1700860,1.0000000,0.0854381,0.4883721,0.5308642,0.2937500,0.0555556,0.1889764,0.6057692,0.0000000
302.0,0.1720715,0.0000000,0.2435298,0.6976744,0.2592593,0.0375000,0.0700000,0.0543307,0.4134615,0.0000000
3114.0,0.3620119,1.0000000,0.2086062,0.5348837,0.4567901,0.0187500,0.0277778,0.1259843,0.5737179,0.0000000
3216.0,0.3990735,1.0000000,0.1138135,0.7558140,0.2469136,0.0250000,0.0444444,0.1653543,0.5416667,1.0000000
3221.0,0.2481800,1.0000000,0.1035235,0.5581395,0.4444444,0.0062500,0.0388889,0.1811024,0.7019231,0.0000000
3382.0,0.2183984,1.0000000,0.1802307,0.6395349,0.2098765,0.0562500,0.0388889,0.1968504,0.6057692,0.0000000
3706.0,0.2878888,1.0000000,0.0514500,0.4302326,0.6666667,0.0625000,0.1388889,0.4330709,0.7339744,0.0000000
3768.0,0.5764394,1.0000000,0.0898036,0.7790698,0.3950617,0.2812500,0.1611111,0.2913386,0.4455128,1.0000000
3853.0,0.2389146,1.0000000,0.1824135,0.4302326,0.5555556,0.0375000,0.0611111,0.1732283,0.6057692,0.0000000
3864.0,0.4202515,1.0000000,0.1917680,0.6046512,0.3333333,0.0250000,0.0277778,0.0787402,0.4775641,0.0000000
3976.0,0.1343481,1.0000000,0.3264733,0.3372093,0.3209877,0.0687500,0.1166667,0.0629921,0.7339744,0.0000000
4289.0,0.5076109,1.0000000,0.1771126,0.4883721,0.2469136,0.0250000,0.0555556,0.0944882,0.6057692,0.0000000
4315.0,0.1588352,1.0000000,0.2416589,0.4418605,0.5061728,0.0625000,0.0611111,0.2598425,0.6378205,0.0000000
436.0,0.0569159,0.0000000,0.1278453,0.0465116,0.8888889,0.0062500,0.0744444,0.1897638,0.5150641,0.0000000
4602.0,0.4162806,1.0000000,0.0991581,0.5581395,0.3827160,0.0187500,0.0166667,0.0629921,0.5416667,0.0000000
4706.0,0.1489080,1.0000000,0.1864671,0.2906977,0.6913580,0.0437500,0.0333333,0.1417323,0.5737179,0.0000000
472.0,0.1985440,0.0000000,0.1315872,0.2209302,0.7160494,0.0125000,0.1066667,0.3259843,0.4535256,0.0000000
473.0,0.0225017,0.0000000,0.7284066,0.5697674,0.2962963,0.2750000,0.1361111,0.1488189,0.4125000,0.0000000
4781.0,0.1601588,1.0000000,0.2132834,0.7209302,0.2098765,0.0937500,0.0833333,0.1574803,0.7339744,0.0000000
483.0,0.8299140,0.0000000,0.1789835,0.6046512,0.3950617,0.0312500,0.0988889,0.1125984,0.4919872,1.0000000
4831.0,0.1932495,1.0000000,0.1733708,0.4069767,0.5925926,0.0187500,0.0500000,0.3070866,0.7660256,0.0000000
4913.0,0.2693580,1.0000000,0.1774244,0.6279070,0.2839506,0.0687500,0.0166667,0.0629921,0.5416667,0.0000000
4914.0,0.1065520,1.0000000,0.1577799,0.3255814,0.6419753,0.0250000,0.0500000,0.3070866,0.5096154,0.0000000
4916.0,0.1230973,1.0000000,0.2790770,0.7093023,0.2098765,0.0187500,0.0333333,0.1496063,0.5416667,1.0000000
5040.0,0.5592323,1.0000000,0.3093234,0.8372093,0.1234568,0.3375000,0.1833333,0.1259843,0.7339744,1.0000000
5126.0,0.0972866,1.0000000,0.2335516,0.6511628,0.3456790,0.0625000,0.0333333,0.0866142,0.6378205,0.0000000
5157.0,0.0708140,1.0000000,0.1403181,0.6511628,0.3703704,0.0375000,0.0222222,0.3543307,0.7660256,0.0000000
5201.0,0.1019193,1.0000000,0.2248207,0.3139535,0.5679012,0.0375000,0.0388889,0.2047244,0.5416667,0.0000000
5238.0,0.4162806,1.0000000,0.2505769,0.6511628,0.2592593,0.0846750,0.0500000,0.1259843,0.6698718,0.0000000
5261.0,0.2250165,1.0000000,0.2575616,0.8023256,0.1234568,0.0437500,0.0222222,0.1181102,0.4775641,1.0000000
5342.0,0.0330907,1.0000000,0.3252261,0.0348837,0.9753086,0.0000000,0.1888889,0.3858268,0.7019231,0.0000000
5371.0,0.1118465,1.0000000,0.2503898,0.3372093,0.6296296,0.0562500,0.0388889,0.2204724,0.6698718,0.0000000
5372.0,0.4010589,1.0000000,0.2282507,0.7441860,0.2345679,0.0062500,0.0388889,0.1259843,0.4775641,1.0000000
548.0,0.0847121,0.0000000,0.1278453,0.2093023,0.7530864,0.1437500,0.0855556,0.4102362,0.5064103,0.0000000
5564.0,0.1608206,1.0000000,0.1883380,0.4069767,0.5802469,0.0500000,0.0166667,0.1102362,0.6378205,0.0000000
5569.0,0.4030443,1.0000000,0.2510134,0.7325581,0.1975309,0.0875000,0.0333333,0.0866142,0.5737179,0.0000000
5578.0,0.6962277,1.0000000,0.1116308,0.6395349,0.2716049,0.1687500,0.0944444,0.1653543,0.5737179,0.0000000
562.0,0.7531436,0.0000000,0.1624571,0.6976744,0.2469136,0.0437500,0.0277778,0.0653543,0.5875000,1.0000000
569.0,0.0264725,0.0000000,0.3055815,0.0000000,1.0000000,0.0000000,0.0850000,0.2551181,0.7429487,0.0000000
5786.0,0.3481138,1.0000000,0.1771126,0.6976744,0.2962963,0.1937500,0.0333333,0.1496063,0.5737179,1.0000000
5954.0,0.0595632,1.0000000,0.4773932,0.7441860,0.2222222,0.0500000,0.0500000,0.1968504,0.5737179,0.0000000
6084.0,0.1045665,1.0000000,0.2198316,0.3488372,0.5802469,0.0000000,0.0611111,0.2204724,0.6378205,0.0000000
609.0,0.2634017,1.0000000,0.1178672,0.3372093,0.1975309,0.0375000,0.0327778,0.1094488,0.4721154,0.0000000
614.0,0.0681668,1.0000000,0.5618959,0.3953488,0.5555556,0.2312500,0.0394444,0.1330709,0.4589744,0.0000000
617.0,0.0363997,1.0000000,0.1200499,0.0232558,0.9012346,0.0312500,0.1088889,0.2755906,0.6733974,0.0000000
6214.0,0.0516214,1.0000000,0.2806361,0.2906977,0.6666667,0.0000000,0.1944444,0.2834646,0.7660256,0.0000000
6218.0,0.1952349,1.0000000,0.1540380,0.5930233,0.3580247,0.0375000,0.0222222,0.2125984,0.7339744,0.0000000
624.0,0.4592985,1.0000000,0.1225444,0.4767442,0.4691358,0.0562500,0.0250000,0.0787402,0.6650641,1.0000000
6287.0,0.1039047,1.0000000,0.4016215,0.4418605,0.5185185,0.6062500,0.0388889,0.1259843,0.5416667,0.0000000
6628.0,0.1330245,1.0000000,0.3311506,0.2441860,0.4938272,0.0312500,0.0833333,0.1023622,0.2852564,0.0000000
665.0,0.6743878,1.0000000,0.2505769,0.4415349,0.5272469,0.0846750,0.1261111,0.2763780,0.4775641,1.0000000
723.0,0.7809398,1.0000000,0.2505769,0.4415349,0.5272469,0.0846750,0.1205944,0.2365669,0.5970513,0.0000000
773.0,0.0000000,1.0000000,0.6657312,0.6162791,0.2962963,0.1187500,0.0494444,0.1464567,0.6525641,0.0000000
787.0,0.5023163,1.0000000,0.0654818,0.5232558,0.4567901,0.0875000,0.0483333,0.1818898,0.5554487,0.0000000
10567.0,0.3216413,1.0000000,0.1568444,0.5348837,0.3950617,0.0562500,0.0833333,0.2204724,0.4554487,0.0000000
10681.0,0.1317009,1.0000000,0.3133770,0.3139535,0.5061728,0.0187500,0.0333333,0.0944882,0.5416667,1.0000000
10804.0,0.2097948,1.0000000,0.2229498,0.8255814,0.2098765,0.1125000,0.1205944,0.2365669,0.5970513,0.0000000
10820.0,0.2177366,1.0000000,0.2505769,0.4415349,0.5272469,0.0846750,0.1205944,0.2365669,0.5970513,0.0000000
11001.0,0.0178690,1.0000000,0.3080761,0.1511628,0.8641975,0.0000000,0.0944444,0.2519685,0.7910256,0.0000000
11099.0,0.0655195,1.0000000,0.6417212,0.6395349,0.3086420,0.2187500,0.3555556,0.6456693,0.6512821,0.0000000
11105.0,0.1005956,1.0000000,0.1998753,0.4767442,0.5308642,0.0375000,0.1205944,0.2365669,0.5970513,0.0000000
11162.0,0.0344143,1.0000000,0.3682569,0.2558140,0.7654321,0.0562500,0.0722222,0.1417323,0.4967949,0.0000000
11189.0,0.0039709,1.0000000,0.4187714,0.1860465,0.6790123,0.0187500,0.1555556,0.5196850,0.4221154,0.0000000
11248.0,0.0575778,1.0000000,0.2241971,0.1395349,0.8395062,0.0312500,0.1611111,0.3700787,0.5615385,0.0000000
5653.0,0.0033091,1.0000000,0.2026816,0.4186047,0.5308642,0.0846750,0.1166667,0.2598425,0.4775641,0.0000000
6186.0,0.0251489,1.0000000,0.2778297,0.5930233,0.3827160,0.5625000,0.0444444,0.2519685,0.5416667,0.0000000
6305.0,0.0522833,1.0000000,0.2011225,0.7093023,0.2716049,0.0625000,0.1222222,0.1574803,0.4775641,1.0000000
6618.0,0.3666446,1.0000000,0.3454942,0.5465116,0.2962963,0.1875000,0.1722222,0.3937008,0.5096154,0.0000000
6707.0,0.2018531,1.0000000,0.2298098,0.8837209,0.1111111,0.0687500,0.0222222,0.1653543,0.5416667,1.0000000
6743.0,0.4765056,1.0000000,0.3826006,0.5697674,0.3950617,0.0000000,0.0777778,0.1968504,0.5416667,0.0000000
6975.0,0.0979484,1.0000000,0.3804178,0.6511628,0.3456790,0.0562500,0.0500000,0.2755906,0.6057692,0.0000000
7076.0,0.3289212,1.0000000,0.1446835,0.6395349,0.3086420,0.0687500,0.0111111,0.0629921,0.5737179,0.0000000
7134.0,0.0635341,1.0000000,0.3320861,0.1860465,0.7777778,0.0125000,0.1388889,0.4173228,0.7339744,0.0000000
7169.0,0.7399073,1.0000000,0.1824135,0.6046512,0.3333333,0.2562500,0.0277778,0.0472441,0.6057692,0.0000000
7176.0,0.2097948,1.0000000,0.1147490,0.6046512,0.3580247,0.1000000,0.0611111,0.2047244,0.6378205,1.0000000
7180.0,0.4295169,1.0000000,0.1393826,0.7093023,0.2469136,0.0000000,0.0222222,0.1732283,0.5096154,1.0000000
7272.0,0.0926539,1.0000000,0.3529779,0.4534884,0.5308642,0.0562500,0.4500000,0.5433071,0.5416667,0.0000000
7285.0,0.2144275,1.0000000,0.2505769,0.4415349,0.8641975,0.0000000,0.0611111,0.3228346,0.6057692,0.0000000
7306.0,0.1912641,1.0000000,0.1855316,0.4418605,0.5555556,0.0125000,0.0333333,0.1417323,0.6057692,0.0000000
7307.0,0.0456651,1.0000000,0.2787652,0.1744186,0.7901235,0.0000000,0.0944444,0.2677165,0.8301282,0.0000000
7367.0,0.1555261,1.0000000,0.1431244,0.4418605,0.5555556,0.0000000,0.1205944,0.2365669,0.5970513,0.0000000
7378.0,0.3653210,1.0000000,0.1069535,0.5930233,0.3333333,0.0250000,0.0444444,0.1574803,0.5416667,1.0000000
7463.0,0.1628061,1.0000000,0.1739944,0.1511628,0.8148148,0.0125000,0.1205944,0.2365669,0.5970513,0.0000000
7481.0,0.0158835,1.0000000,0.3844715,0.0697674,0.9382716,0.0000000,0.1611111,0.4015748,0.7660256,0.0000000
7746.0,0.1965586,1.0000000,0.0623636,0.1744186,0.7283951,0.0625000,0.0500000,0.1968504,0.6378205,0.0000000
7815.0,0.3044341,1.0000000,0.4649205,1.0000000,0.0123457,0.0312500,0.1205944,0.2365669,0.5970513,0.0000000
7965.0,0.2336201,1.0000000,0.2089180,0.1395349,0.8518519,0.0187500,0.0166667,0.0708661,0.5737179,0.0000000
7981.0,0.3024487,1.0000000,0.2572498,0.6511628,0.3086420,0.0312500,0.0222222,0.0551181,0.5096154,1.0000000
8059.0,0.2720053,1.0000000,0.1300281,0.4418605,0.5061728,0.1375000,0.1205944,0.2365669,0.5970513,0.0000000
8179.0,0.4645930,1.0000000,0.2176489,0.7906977,0.1728395,0.2562500,0.0555556,0.1259843,0.5096154,0.0000000
8332.0,0.3997353,1.0000000,0.1874026,0.4302326,0.5555556,0.1812500,0.1205944,0.2365669,0.5970513,0.0000000
8356.0,0.0708140,1.0000000,0.2709698,0.1860465,0.7530864,0.0000000,0.0611111,0.2755906,0.7019231,0.0000000
8377.0,0.1588352,1.0000000,0.1303399,0.6046512,0.3333333,0.0437500,0.1222222,0.2677165,0.5737179,0.0000000
8463.0,0.1409662,1.0000000,0.8116620,0.8604651,0.1481481,0.5437500,0.0500000,0.2365669,0.5970513,0.0000000
8588.0,0.0661813,1.0000000,0.3520424,0.6744186,0.3086420,0.0000000,0.1205944,0.2365669,0.5970513,0.0000000
8598.0,0.0416942,1.0000000,0.0539445,0.4534884,0.5925926,0.0000000,0.1500000,0.2519685,0.5737179,0.0000000
8816.0,0.0251489,1.0000000,0.1010290,0.5930233,0.4320988,0.0187500,0.0777778,0.2440945,0.7660256,0.0000000
8837.0,0.1661152,1.0000000,0.1172435,0.3953488,0.6049383,0.0000000,0.1205944,0.2365669,0.5970513,0.0000000
8981.0,0.0059563,1.0000000,0.3785469,0.2209302,0.7530864,0.0125000,0.0888889,0.2677165,0.5096154,0.0000000
8989.0,0.0152217,1.0000000,0.1484253,0.2674419,0.7654321,0.0000000,0.0833333,0.2598425,0.7371795,0.0000000
9031.0,0.2620781,1.0000000,0.1434362,0.6162791,0.3086420,0.0187500,0.1205944,0.2365669,0.5970513,1.0000000
9093.0,0.2084712,1.0000000,0.2023698,0.8720930,0.1481481,0.0937500,0.0500000,0.1811024,0.8621795,0.0000000
9247.0,0.1383190,1.0000000,0.4028687,0.7325581,0.2098765,0.4562500,0.0277778,0.0708661,0.6698718,0.0000000
9252.0,0.0542687,1.0000000,0.3476770,0.3372093,0.6666667,0.0062500,0.0944444,0.1102362,0.7339744,0.0000000
9273.0,0.3547320,1.0000000,0.1661989,0.6162791,0.3827160,0.0625000,0.0222222,0.1023622,0.5467949,1.0000000
9275.0,0.5327598,1.0000000,0.5500468,0.8139535,0.1111111,0.6875000,0.0500000,0.0787402,0.4993590,0.0000000
9285.0,0.1952349,1.0000000,0.1375117,0.3255814,0.6172840,0.0000000,0.0222222,0.1338583,0.6365385,0.0000000
9286.0,0.4851092,1.0000000,0.1347053,0.8372093,0.1481481,0.1687500,0.0888889,0.1811024,0.5560897,1.0000000
9295.0,0.2276638,1.0000000,0.4349860,0.8837209,0.0987654,0.7500000,0.0444444,0.1338583,0.5336538,1.0000000
9307.0,0.1376572,1.0000000,0.3395697,0.8720930,0.1604938,0.0187500,0.0833333,0.1181102,0.5970513,1.0000000
9349.0,0.1654533,1.0000000,0.2176489,0.7209302,0.2469136,0.0187500,0.1205944,0.2365669,0.5970513,0.0000000
9350.0,0.0423561,1.0000000,0.3367633,0.7441860,0.2345679,0.0250000,0.0611111,0.2047244,0.5641026,0.0000000
9390.0,0.1992058,1.0000000,0.2369816,0.4767442,0.4567901,0.0750000,0.0500000,0.1338583,0.4910256,0.0000000
9397.0,0.2726671,1.0000000,0.1325226,0.4302326,0.5185185,0.0437500,0.0277778,0.1338583,0.6105769,0.0000000
9422.0,0.6512244,1.0000000,0.1418771,0.6860465,0.2469136,0.0875000,0.0222222,0.0787402,0.7435897,1.0000000
9474.0,0.3911317,1.0000000,0.3607733,0.6627907,0.1851852,0.0062500,0.0611111,0.1259843,0.2990385,1.0000000
9478.0,0.2600927,1.0000000,0.3317742,0.6627907,0.1851852,0.0312500,0.0111111,0.0629921,0.5823718,0.0000000
9492.0,0.2111185,1.0000000,0.0620518,0.2790698,0.5925926,0.0125000,0.0444444,0.2440945,0.7192308,1.0000000
9558.0,0.4387823,1.0000000,0.1646399,0.5232558,0.3333333,0.0500000,0.0222222,0.0787402,0.3990385,1.0000000
9583.0,0.4480477,1.0000000,0.2977861,0.6627907,0.2716049,0.0625000,0.0333333,0.1181102,0.4762821,1.0000000
9649.0,0.2402383,1.0000000,0.1646399,0.5000000,0.4938272,0.0937500,0.0333333,0.1023622,0.3983974,1.0000000
9675.0,0.3309067,1.0000000,0.2505769,0.4415349,0.5272469,0.0846750,0.0388889,0.0472441,0.6618590,1.0000000
9681.0,0.2885506,1.0000000,0.2419707,0.4883721,0.4814815,0.0937500,0.0500000,0.1889764,0.4932692,0.0000000
9721.0,0.1343481,1.0000000,0.2235734,0.7093023,0.2962963,0.1062500,0.0611111,0.1574803,0.6721154,0.0000000
9734.0,0.2137657,1.0000000,0.1630808,0.6860465,0.2222222,0.0687500,0.0333333,0.1181102,0.5685897,1.0000000
9735.0,0.2634017,1.0000000,0.1019645,0.3023256,0.6666667,0.0375000,0.0500000,0.2913386,0.5804487,0.0000000
9741.0,0.1720715,1.0000000,0.3479888,0.5000000,0.4074074,0.0437500,0.0444444,0.2047244,0.6413462,1.0000000
9748.0,0.2078094,1.0000000,0.1864671,0.7209302,0.2345679,0.0625000,0.0388889,0.2047244,0.7089744,1.0000000
9758.0,0.0999338,1.0000000,0.4100405,0.3720930,0.6049383,0.0562500,0.0444444,0.1338583,0.5849359,0.0000000
9763.0,0.5565850,1.0000000,0.2505769,0.4415349,0.5272469,0.0846750,0.0666667,0.2519685,0.6288462,1.0000000
9798.0,0.0807412,1.0000000,0.1400062,0.5348837,0.3950617,0.0312500,0.1205944,0.2365669,0.5970513,0.0000000
9821.0,0.0820649,1.0000000,0.2450889,0.5465116,0.3703704,0.0312500,0.0500000,0.1968504,0.5544872,0.0000000
9827.0,0.2183984,1.0000000,0.1705644,0.5930233,0.3580247,0.0687500,0.1205944,0.2365669,0.5970513,1.0000000
9981.0,0.6333554,1.0000000,0.1889616,0.8023256,0.1481481,0.0937500,0.1205944,0.2365669,0.5970513,1.0000000
9996.0,0.4288551,1.0000000,0.1153726,0.5930233,0.3827160,0.0437500,0.0222222,0.0787402,0.4862179,1.0000000
10444.0,0.4434150,1.0000000,0.3086997,0.5581395,0.3950617,0.1250000,0.0611111,0.1968504,0.3461538,1.0000000
10520.0,0.4281932,1.0000000,0.3317742,0.6860465,0.2469136,0.2187500,0.1333333,0.2992126,0.1025641,0.0000000
10870.0,0.2475182,1.0000000,0.3626442,0.4302326,0.5432099,0.0500000,0.1205944,0.2365669,0.5970513,1.0000000
10999.0,0.4228987,1.0000000,0.0717181,0.2790698,0.7407407,0.0750000,0.1205944,0.2365669,0.5970513,1.0000000
11049.0,0.1700860,1.0000000,0.2505769,0.4415349,0.5272469,0.0846750,0.1333333,0.4173228,0.4278846,1.0000000
11142.0,0.3282594,1.0000000,0.1808544,0.6627907,0.3086420,0.0812500,0.1111111,0.1496063,0.4551282,1.0000000
11181.0,0.3322303,1.0000000,0.2126598,0.5232558,0.4567901,0.0000000,0.0444444,0.1023622,0.4711538,1.0000000
11186.0,0.0714758,1.0000000,0.3741815,0.8023256,0.2098765,0.0437500,0.0722222,0.2047244,0.7724359,0.0000000
11250.0,0.4599603,1.0000000,0.1078890,0.6860465,0.3333333,0.1250000,0.0388889,0.0472441,0.6506410,0.0000000
11336.0,0.0324289,1.0000000,0.1973807,0.2209302,0.7654321,0.0000000,0.1888889,0.2125984,0.7532051,0.0000000
11346.0,0.0271343,1.0000000,0.3598379,0.6279070,0.3333333,1.0000000,0.0333333,0.0078740,0.0000000,0.0000000
11366.0,0.5446724,1.0000000,0.2400998,0.8837209,0.1234568,0.0625000,0.0222222,0.2047244,0.6057692,1.0000000
11371.0,0.3798809,1.0000000,0.2139071,0.5465116,0.3580247,0.0312500,0.1205944,0.1496063,0.5096154,1.0000000
11449.0,0.1661152,1.0000000,0.3838478,0.5348837,0.4197531,0.0375000,0.0722222,0.3228346,0.6400641,0.0000000
11503.0,0.0661813,1.0000000,0.1300281,0.2441860,0.7530864,0.0312500,0.0833333,0.1811024,1.0000000,0.0000000
11528.0,0.0119126,1.0000000,0.1184908,0.2790698,0.7037037,0.0250000,0.1055556,0.1968504,0.6278846,0.0000000
11578.0,0.4281932,1.0000000,0.0957281,0.8372093,0.1358025,0.0125000,0.0611111,0.2913386,0.4666667,1.0000000
11653.0,0.0906684,1.0000000,0.7252884,0.7325581,0.2716049,0.4312500,0.0555556,0.1259843,0.5608974,0.0000000
11654.0,0.2759762,1.0000000,0.2594325,0.7790698,0.1851852,0.0500000,0.0222222,0.0944882,0.5993590,0.0000000
11658.0,0.5062872,1.0000000,0.1300281,0.6395349,0.2098765,0.0500000,0.1833333,0.3228346,0.4086538,0.0000000
11668.0,0.2660490,1.0000000,0.0997817,0.5465116,0.4567901,0.0375000,0.0333333,0.1811024,0.5512821,0.0000000
11698.0,0.3123759,1.0000000,0.4748987,0.7674419,0.2098765,0.2187500,0.1205944,0.2365669,0.5970513,0.0000000
11767.0,0.2078094,1.0000000,0.1331462,0.3488372,0.6666667,0.0125000,0.0500000,0.2362205,0.6314103,0.0000000
11768.0,0.3739246,1.0000000,0.0929217,0.7674419,0.2345679,0.5437500,0.1205944,0.2365669,0.5970513,1.0000000
11798.0,0.1952349,1.0000000,0.1537262,0.2790698,0.7283951,0.0625000,0.0444444,0.1732283,0.6538462,0.0000000
11805.0,0.2124421,1.0000000,0.3127534,0.6744186,0.3209877,0.0812500,0.0111111,0.0787402,0.6698718,0.0000000
11847.0,0.0416942,1.0000000,0.2772061,0.6046512,0.3456790,0.0312500,0.1055556,0.1889764,0.6538462,0.0000000
11890.0,0.0780940,1.0000000,0.1010290,0.5581395,0.4691358,0.0312500,0.1388889,0.3858268,0.5823718,0.0000000
11891.0,0.5850430,1.0000000,0.1421890,0.8953488,0.0864198,0.3562500,0.0444444,0.1181102,0.6282051,1.0000000
11895.0,0.6187955,1.0000000,0.1443717,0.7558140,0.2098765,0.1000000,0.0555556,0.1181102,0.4932692,0.0000000
11900.0,0.3368630,1.0000000,0.1216090,0.6279070,0.3333333,0.0187500,0.1205944,0.2365669,0.5970513,1.0000000
11909.0,0.1839841,1.0000000,0.3813533,0.4883721,0.4814815,0.2000000,0.1666667,0.1259843,0.3589744,0.0000000
11957.0,0.3540702,1.0000000,0.0779545,0.4651163,0.3580247,0.0375000,0.0611111,0.2125984,0.5435897,1.0000000
11983.0,0.2223693,1.0000000,0.1331462,0.6395349,0.3580247,0.0437500,0.0388889,0.1889764,0.5641026,0.0000000
12000.0,0.4540040,1.0000000,0.1365762,0.7906977,0.1604938,0.0750000,0.0333333,0.1023622,0.6320513,1.0000000
12015.0,0.1555261,1.0000000,0.5453695,0.9651163,0.4444444,0.0500000,0.0555556,0.1732283,0.5961538,1.0000000
12030.0,0.1939113,1.0000000,0.0829436,0.2790698,0.7160494,0.0312500,0.0500000,0.0944882,0.6730769,0.0000000
12072.0,0.1740569,1.0000000,0.2675398,0.6279070,0.3333333,0.0812500,0.0388889,0.2125984,0.7788462,0.0000000
12084.0,0.7564527,1.0000000,0.2263798,0.6744186,0.2716049,0.1375000,0.0000000,0.0314961,0.6580128,0.0000000
12178.0,0.5671741,1.0000000,0.2082944,0.7209302,0.2839506,0.0437500,0.1205944,0.2365669,0.5970513,1.0000000
12180.0,0.1098610,1.0000000,0.3994387,0.7674419,0.2345679,0.1187500,0.1205944,0.2365669,0.5970513,0.0000000
12185.0,0.9980146,1.0000000,0.3295915,0.8488372,0.1111111,0.2000000,0.1205944,0.2365669,0.5970513,1.0000000
12195.0,0.5797485,1.0000000,0.1278453,0.7674419,0.1728395,0.0812500,0.1222222,0.1811024,0.6153846,0.0000000
12265.0,0.0079418,1.0000000,0.6030558,0.7674419,0.2222222,0.0846750,0.0666667,0.0393701,0.3147436,0.0000000
12339.0,0.2693580,1.0000000,0.2722170,0.8953488,0.1234568,0.0312500,0.0666667,0.1417323,0.9583333,0.0000000
12386.0,0.0052945,1.0000000,0.4078578,0.4767442,0.5185185,0.0125000,0.1205944,0.2365669,0.5970513,0.0000000
12471.0,0.5234944,1.0000000,0.0869972,0.6627907,0.2592593,0.0750000,0.1722222,0.1732283,0.5182692,1.0000000
12550.0,0.2567836,1.0000000,0.0533209,0.5000000,0.5061728,0.0375000,0.0555556,0.1968504,0.5096154,0.0000000
12671.0,0.2336201,1.0000000,0.2743998,0.7093023,0.2962963,0.0625000,0.0222222,0.1102362,0.5961538,0.0000000
12694.0,0.4129715,1.0000000,0.2828188,0.7209302,0.2098765,0.1062500,0.0944444,0.1259843,0.5970513,0.0000000
12794.0,0.1455989,1.0000000,0.2544434,0.4302326,0.4444444,0.7000000,0.0222222,0.0787402,0.5022436,0.0000000
12866.0,0.0502978,1.0000000,0.1028999,0.7325581,0.2716049,0.0937500,0.0555556,0.1338583,0.6858974,0.0000000
12889.0,0.2541363,1.0000000,0.2326162,0.7790698,0.1234568,0.2187500,0.1000000,0.1259843,0.3817308,0.0000000
12910.0,0.2825943,1.0000000,0.2460243,0.7093023,0.2222222,0.2625000,0.0388889,0.0236220,0.4724359,0.0000000
12922.0,0.2422237,1.0000000,0.2703461,0.8720930,0.1111111,0.0250000,0.0611111,0.0866142,0.7435897,0.0000000
12944.0,0.2415619,1.0000000,0.3748051,0.6511628,0.3703704,0.0500000,0.0166667,0.0314961,0.5865385,1.0000000
12996.0,0.4348114,1.0000000,0.1792953,0.5813953,0.4074074,0.0687500,0.1205944,0.1338583,0.5970513,1.0000000
12997.0,0.1290536,1.0000000,0.3323979,0.6744186,0.3086420,0.0500000,0.0611111,0.1181102,0.7467949,0.0000000
13013.0,0.0363997,1.0000000,0.3691924,0.0348837,1.0000000,0.0125000,0.1166667,0.2834646,0.8269231,0.0000000
13066.0,0.5545996,1.0000000,0.2505769,0.4415349,0.5272469,0.0846750,0.0611111,0.2365669,0.5653846,1.0000000
13080.0,0.0754467,1.0000000,0.1375117,0.1860465,0.7654321,0.0000000,0.1277778,0.2047244,0.8589744,0.0000000
13084.0,0.1436135,1.0000000,0.2179607,0.4651163,0.5185185,0.1187500,0.0333333,0.1732283,0.5256410,0.0000000
13172.0,0.1005956,1.0000000,0.1580917,0.4418605,0.3950617,0.0187500,0.1205944,0.2365669,0.5970513,0.0000000
13176.0,0.0006618,1.0000000,0.1867789,0.1046512,0.8641975,0.0000000,0.0555556,0.1259843,0.4067308,0.0000000
13188.0,0.0119126,1.0000000,0.1462426,0.0232558,0.9506173,0.0125000,0.1205944,0.2365669,0.5970513,0.0000000
13238.0,0.0496360,1.0000000,0.2092298,0.3488372,0.6172840,0.0000000,0.0611111,0.1181102,0.5128205,0.0000000
13299.0,0.1833223,1.0000000,0.2896788,0.6162791,0.3333333,0.0250000,0.1205944,0.2365669,0.5970513,1.0000000
13311.0,0.1442753,1.0000000,0.1159963,0.2209302,0.8024691,0.0187500,0.1205944,0.2365669,0.5970513,0.0000000
13384.0,0.5254798,1.0000000,0.1428126,0.7325581,0.2098765,0.0750000,0.0277778,0.1338583,0.6865385,1.0000000
13405.0,0.3527465,1.0000000,0.1188026,0.3139535,0.6666667,0.0312500,0.0222222,0.2283465,0.7330128,0.0000000
13414.0,0.2203839,1.0000000,0.2809479,0.8720930,0.1111111,0.0500000,0.1205944,0.2365669,0.5970513,0.0000000
13415.0,0.0363997,1.0000000,0.1976925,0.5813953,0.3333333,0.1312500,0.1205944,0.2365669,0.5970513,0.0000000
13458.0,0.0641959,1.0000000,0.4614905,0.7558140,0.1975309,0.0687500,0.2833333,0.5669291,0.6153846,0.0000000
13496.0,0.6644606,1.0000000,0.1958216,0.6744186,0.2592593,0.0687500,0.1888889,0.1102362,0.6163462,1.0000000
13504.0,0.5320979,1.0000000,0.2416589,0.8372093,0.1728395,0.2750000,0.1111111,0.1023622,0.8621795,0.0000000
13554.0,0.2680344,1.0000000,0.0913626,0.5930233,0.3580247,0.2187500,0.0444444,0.0787402,0.6089744,1.0000000
13568.0,0.0767704,1.0000000,0.1727471,0.0813953,0.9506173,0.0562500,0.1205944,0.2365669,0.5970513,0.0000000
13625.0,0.1297154,1.0000000,0.3348924,0.6162791,0.3703704,0.1562500,0.0888889,0.1417323,0.7307692,0.0000000
13798.0,0.3024487,1.0000000,0.1771126,0.4186047,0.5432099,0.0562500,0.0444444,0.0944882,0.4413462,0.0000000
13801.0,0.1270682,1.0000000,0.2505769,0.4415349,0.5272469,0.0846750,0.0777778,0.3228346,0.6320513,0.0000000
12682.0,0.5069490,1.0000000,0.1817898,0.7790698,0.2469136,0.0187500,0.1205944,0.2365669,0.5970513,1.0000000
13472.0,0.3229649,1.0000000,0.2379171,0.4418605,0.5061728,0.0125000,0.0777778,0.1496063,0.6987179,0.0000000
13550.0,0.4162806,1.0000000,0.0922981,0.6744186,0.3333333,0.0500000,0.0333333,0.1574803,0.6089744,1.0000000
13639.0,0.3818663,1.0000000,0.2223262,0.7325581,0.2345679,0.0187500,0.1205944,0.2365669,0.5970513,1.0000000
13641.0,0.5671741,1.0000000,0.1216090,0.7209302,0.2592593,0.2500000,0.0388889,0.0472441,0.6057692,0.0000000
13642.0,0.5036400,1.0000000,0.1496726,0.6860465,0.2222222,0.0000000,0.0222222,0.0866142,0.6092949,1.0000000
13770.0,0.5923230,1.0000000,0.2123480,0.6279070,0.3456790,0.0625000,0.1205944,0.2365669,0.5970513,1.0000000
13806.0,0.1303772,1.0000000,0.3517306,0.4651163,0.5308642,0.2812500,0.0333333,0.1496063,0.5673077,1.0000000
13818.0,0.5665122,1.0000000,0.2775179,0.7906977,0.1851852,0.0625000,0.1111111,0.1102362,0.4198718,1.0000000
13904.0,0.2713435,1.0000000,0.2229498,0.6395349,0.3456790,0.0187500,0.0388889,0.1259843,0.6564103,1.0000000
13923.0,0.1270682,1.0000000,0.1546617,0.3488372,0.5802469,0.0000000,0.2055556,0.2992126,0.3929487,0.0000000
14029.0,0.0483124,1.0000000,0.3701278,0.3488372,0.6296296,0.0000000,0.1055556,0.2283465,0.6528846,0.0000000
14037.0,0.4063534,1.0000000,0.1412535,0.6046512,0.3333333,0.2000000,0.0444444,0.1102362,0.5769231,1.0000000
14122.0,0.2402383,1.0000000,0.1350171,0.3372093,0.6296296,0.0250000,0.0333333,0.1102362,0.6118590,0.0000000
14184.0,0.0469887,1.0000000,0.1212972,0.2558140,0.7160494,0.1000000,0.0666667,0.2047244,0.6057692,0.0000000
14211.0,0.3236267,1.0000000,0.1824135,0.7209302,0.2592593,0.1625000,0.1205944,0.2365669,0.5970513,0.0000000
14340.0,0.0456651,1.0000000,0.3189897,0.3720930,0.6296296,0.0312500,0.1205944,0.2365669,0.5970513,0.0000000
14410.0,0.1634679,0.0000000,0.5821640,0.7674419,0.2469136,0.3250000,0.2388889,0.2677165,0.7179487,0.0000000
14429.0,0.0536069,0.0000000,0.2154662,0.2674419,0.6666667,0.0562500,0.1205944,0.2365669,0.5970513,0.0000000
14448.0,0.0430179,0.0000000,0.2694107,0.2325581,0.7654321,0.0687500,0.0777778,0.1338583,0.6314103,0.0000000
14493.0,0.4367968,0.0000000,0.0801372,0.2558140,0.7037037,0.2625000,0.0222222,0.0787402,0.4455128,0.0000000
14529.0,0.2164130,0.0000000,0.2505769,0.4415349,0.5272469,0.0846750,0.0388889,0.1811024,0.6621795,0.0000000
14605.0,0.0992720,0.0000000,0.0963517,0.4767442,0.5555556,0.0312500,0.0888889,0.2125984,0.6858974,0.0000000
14611.0,0.2157512,0.0000000,0.1175553,0.4767442,0.5061728,0.0000000,0.1205944,0.2365669,0.5970513,0.0000000
14646.0,0.0033091,0.0000000,0.1596508,0.1162791,0.8148148,0.0187500,0.1944444,0.4015748,0.6121795,0.0000000
14682.0,0.1932495,0.0000000,0.3158715,0.3953488,0.4814815,0.0937500,0.0722222,0.2755906,0.9099359,0.0000000
14787.0,0.0866976,0.0000000,0.1418771,0.3139535,0.6419753,0.0562500,0.0666667,0.2755906,0.6592949,0.0000000
14836.0,0.0330907,0.0000000,0.2351107,0.0465116,0.8888889,0.0187500,0.1205944,0.2365669,0.5970513,0.0000000
14841.0,0.0311052,0.0000000,0.2192080,0.3604651,0.5432099,0.0375000,0.1444444,0.2283465,0.4647436,0.0000000
14918.0,0.0344143,0.0000000,0.1484253,0.6627907,0.3456790,0.0625000,0.0777778,0.0708661,0.5801282,1.0000000
14977.0,0.0641959,0.0000000,0.1318990,0.0813953,0.8395062,0.0250000,0.1222222,0.3622047,0.5903846,0.0000000
15029.0,0.0496360,0.0000000,0.0826317,0.5813953,0.4567901,0.0000000,0.1205944,0.2365669,0.5970513,1.0000000
15042.0,0.0893448,0.0000000,0.2307452,0.5348837,0.3703704,0.0875000,0.1000000,0.3543307,0.5897436,0.0000000
15150.0,0.1204500,0.0000000,0.0916745,0.5930233,0.3950617,0.2750000,0.0611111,0.2047244,0.6314103,0.0000000
15154.0,0.1972204,0.0000000,0.2454007,0.8720930,0.1358025,0.0312500,0.1000000,0.2440945,0.6025641,0.0000000
15156.0,0.0225017,0.0000000,0.1493608,0.3837209,0.6049383,0.0125000,0.0388889,0.0472441,0.4775641,0.0000000
15158.0,0.0244871,0.0000000,0.2045525,0.1976744,0.7777778,0.0187500,0.1277778,0.2598425,0.6769231,0.0000000
15164.0,0.3957644,0.0000000,0.1312753,0.6162791,0.3703704,0.0312500,0.0444444,0.0866142,0.4820513,0.0000000
15175.0,0.0344143,0.0000000,0.2123480,0.3488372,0.7160494,0.0000000,0.1205944,0.2365669,0.5970513,0.0000000
15180.0,0.0886830,0.0000000,0.1945744,0.6976744,0.3209877,0.0312500,0.0722222,0.1968504,0.7724359,0.0000000
15247.0,0.2574454,0.0000000,0.1141254,0.6511628,0.3456790,0.0250000,0.0333333,0.1496063,0.5243590,0.0000000
15248.0,0.0635341,0.0000000,0.4156533,0.2325581,0.7530864,0.0250000,0.0666667,0.2125984,0.8272436,0.0000000
15256.0,0.1224355,0.0000000,0.1721235,0.5000000,0.4938272,0.0750000,0.0222222,0.1338583,0.5705128,0.0000000
15277.0,0.0483124,0.0000000,0.2797007,0.3953488,0.6172840,0.0562500,0.1388889,0.2519685,0.4615385,0.0000000
15333.0,0.4228987,0.0000000,0.0801372,0.6976744,0.3209877,0.9250000,0.1666667,0.0314961,0.3750000,0.0000000
15352.0,0.5320979,0.0000000,0.1297162,0.5813953,0.2469136,0.0375000,0.1722222,0.2598425,0.3471154,0.0000000
15357.0,0.0489742,0.0000000,0.1577799,0.5581395,0.3456790,0.0000000,0.0777778,0.2125984,0.7012821,0.0000000
15424.0,0.1489080,0.0000000,0.3691924,0.6511628,0.3703704,0.1437500,0.0722222,0.1496063,0.8044872,0.0000000
15442.0,0.1383190,0.0000000,0.1602744,0.5232558,0.3950617,0.0312500,0.0388889,0.1496063,0.7596154,0.0000000
15471.0,0.4043680,0.0000000,0.2609916,0.7790698,0.1604938,0.0187500,0.0888889,0.2440945,0.4775641,0.0000000
15500.0,0.1581734,0.0000000,0.0308700,0.1860465,0.7777778,0.0187500,0.0388889,0.3464567,0.6500000,0.0000000
15506.0,0.2852416,0.0000000,0.2051762,0.7093023,0.2839506,0.1687500,0.0333333,0.1338583,0.6217949,0.0000000
15513.0,0.2144275,0.0000000,0.1861553,0.9302326,0.0987654,0.1125000,0.1000000,0.2047244,0.6250000,0.0000000
15517.0,0.4559894,0.0000000,0.1156844,0.7209302,0.2839506,0.0312500,0.0444444,0.0944882,0.5544872,0.0000000
15551.0,0.0569159,0.0000000,0.2139071,0.6046512,0.4567901,0.1812500,0.0666667,0.1496063,0.6794872,0.0000000
15560.0,0.2700199,0.0000000,0.1540380,0.3139535,0.6543210,0.0312500,0.0277778,0.1102362,0.4782051,0.0000000
15570.0,0.3275976,0.0000000,0.3302152,0.4186047,0.5061728,0.0500000,0.1166667,0.2047244,0.3365385,1.0000000
15585.0,0.0516214,0.0000000,0.4006860,0.8604651,0.1604938,0.0000000,0.0666667,0.1496063,0.6378205,0.0000000
15645.0,0.3692919,0.0000000,0.1222326,0.8139535,0.0987654,0.0062500,0.1205944,0.2365669,0.5970513,0.0000000
15678.0,0.0463269,0.0000000,0.2837543,0.3488372,0.5802469,0.2812500,0.0500000,0.4173228,0.1826923,0.0000000
15722.0,0.0324289,0.0000000,0.2809479,0.1627907,0.8395062,0.0187500,0.1555556,0.3779528,0.7602564,0.0000000
15846.0,0.3441430,0.0000000,0.0399127,0.4883721,0.3950617,0.0750000,0.1611111,0.5196850,0.2907051,1.0000000
15867.0,0.0496360,0.0000000,0.2304334,0.5000000,0.4444444,0.0750000,0.3333333,0.8346457,0.3782051,0.0000000
15951.0,0.1740569,0.0000000,0.2956034,0.3837209,0.6296296,0.0000000,0.0500000,0.0708661,0.8685897,0.0000000
15966.0,0.0079418,0.0000000,0.1646399,0.5116279,0.5308642,0.0375000,0.2277778,0.4251969,0.7692308,0.0000000
16014.0,0.0231635,0.0000000,0.0629872,0.3953488,0.6419753,0.0187500,0.1833333,0.2834646,0.6666667,0.0000000
16035.0,0.0079418,0.0000000,0.7726848,0.6279070,0.4074074,0.3062500,0.0944444,0.1811024,0.4455128,0.0000000
16206.0,0.3831899,0.0000000,0.1390708,0.4302326,0.5432099,0.0187500,0.1205944,0.2365669,0.5970513,1.0000000
16292.0,0.0026473,0.0000000,0.2357343,0.1976744,0.8024691,0.0312500,0.4388889,0.5118110,0.3429487,0.0000000
16470.0,0.1178028,0.0000000,0.0969754,0.5348837,0.4567901,0.0750000,0.1000000,0.3622047,0.4137821,0.0000000
16608.0,0.2362674,0.0000000,0.0389772,0.1279070,0.8641975,0.0000000,0.0333333,0.1811024,0.6826923,0.0000000
15660.0,0.0708140,0.0000000,0.1191144,0.5813953,0.4320988,0.0250000,0.1205944,0.2365669,0.5970513,0.0000000
15797.0,0.3348776,0.0000000,0.1088244,0.5697674,0.3703704,0.0187500,0.0277778,0.1574803,0.4455128,1.0000000
16099.0,0.2097948,0.0000000,0.2098534,0.7093023,0.2592593,0.0500000,0.0777778,0.1259843,0.5576923,1.0000000
16210.0,0.1939113,0.0000000,0.2444652,0.6627907,0.3209877,0.0250000,0.0500000,0.0314961,0.3044872,1.0000000
16355.0,0.4917273,0.0000000,0.1936389,0.7558140,0.1851852,0.0312500,0.0277778,0.1338583,0.4583333,1.0000000
16571.0,0.4533422,0.0000000,0.1861553,0.6627907,0.3209877,0.0187500,0.1205944,0.2365669,0.5970513,1.0000000
16574.0,0.4010589,0.0000000,0.2840661,0.7906977,0.1728395,0.0250000,0.1205944,0.2365669,0.5970513,1.0000000
16704.0,0.1449371,0.0000000,0.2840661,0.6511628,0.3456790,0.0750000,0.0722222,0.2519685,0.7371795,0.0000000
16755.0,0.3024487,0.0000000,0.1209853,0.3604651,0.6296296,0.0375000,0.0277778,0.1181102,0.6496795,0.0000000
16766.0,0.3328921,0.0000000,0.0000000,0.3488372,0.6543210,0.0250000,0.0888889,0.2204724,0.4897436,0.0000000
16772.0,0.0264725,0.0000000,0.1886498,0.2790698,0.7037037,0.0187500,0.5111111,0.4094488,0.5169872,0.0000000
16790.0,0.0297816,0.0000000,0.3305270,0.3953488,0.6049383,0.0312500,0.1500000,0.2047244,0.6185897,0.0000000
16792.0,0.0324289,0.0000000,0.2001871,0.3139535,0.6419753,0.0000000,0.2111111,0.4173228,0.5929487,0.0000000
16901.0,0.2203839,0.0000000,0.2357343,0.3023256,0.6049383,0.0625000,0.1333333,0.1732283,0.4128205,0.0000000
16988.0,0.1422899,0.0000000,0.1830371,0.5232558,0.4567901,0.0000000,0.0611111,0.3385827,0.5131410,0.0000000
17008.0,0.1052283,0.0000000,0.1870907,0.7558140,0.2345679,0.1000000,0.1000000,0.1968504,0.7096154,0.0000000
17028.0,0.0767704,0.0000000,0.3701278,0.2790698,0.7283951,0.0125000,0.0611111,0.1338583,0.6153846,0.0000000
17042.0,1.0000000,0.0000000,0.0664172,0.5116279,0.4567901,0.0312500,0.2111111,0.1968504,0.6730769,0.0000000
17111.0,0.4784911,0.0000000,0.1350171,0.6279070,0.3580247,0.0750000,0.0388889,0.1023622,0.5205128,0.0000000
17115.0,0.0152217,0.0000000,0.1976925,0.2674419,0.7654321,0.0812500,0.0777778,0.1968504,0.6602564,0.0000000
17128.0,0.0953011,0.0000000,0.0807608,0.3488372,0.6172840,0.0000000,0.0777778,0.2440945,0.5673077,0.0000000
17150.0,0.1515553,0.0000000,0.0536327,0.3372093,0.5555556,0.0750000,0.0500000,0.2047244,0.6756410,0.0000000
17155.0,0.0119126,0.0000000,0.2307452,0.1511628,0.8765432,0.0000000,0.2555556,0.4094488,0.5608974,0.0000000
17195.0,0.0443415,0.0000000,0.6460867,0.4418605,0.4814815,0.0000000,0.0166667,0.1338583,0.6602564,0.0000000
17199.0,0.4612839,0.0000000,0.2266916,0.6511628,0.3209877,0.0625000,0.1205944,0.2365669,0.5970513,1.0000000
17201.0,0.1429517,0.0000000,0.1733708,0.3837209,0.6049383,0.0000000,0.0277778,0.1968504,0.6858974,0.0000000
17227.0,0.0886830,0.0000000,0.1537262,0.4418605,0.5061728,0.0500000,0.3666667,0.5826772,0.5849359,0.0000000
17252.0,0.0734613,0.0000000,0.3632679,0.4534884,0.5061728,0.0562500,1.0000000,0.8346457,0.5948718,1.0000000
17268.0,0.4665784,0.0000000,0.2170253,0.6046512,0.3456790,0.1750000,0.1205944,0.2365669,0.5970513,1.0000000
17277.0,0.5632032,0.0000000,0.1802307,0.7558140,0.1728395,0.1437500,0.1205944,0.2365669,0.5970513,0.0000000
17302.0,0.0138981,0.0000000,0.2703461,0.3720930,0.6172840,0.0187500,0.1205944,0.2365669,0.5970513,0.0000000
17355.0,0.0714758,0.0000000,0.1144372,0.1627907,0.8271605,0.0187500,0.0722222,0.3700787,0.6474359,0.0000000
17356.0,0.2217075,0.0000000,0.1381353,0.5813953,0.3580247,0.0187500,0.0722222,0.1968504,0.6759615,1.0000000
17444.0,0.3084050,0.0000000,0.3713751,0.8139535,0.1851852,0.5375000,0.0333333,0.1574803,0.3788462,0.0000000
17483.0,0.0628723,0.0000000,0.3383224,0.5697674,0.3703704,0.7062500,0.1205944,0.2365669,0.5970513,1.0000000
17491.0,0.1733951,0.0000000,0.3376988,0.4767442,0.4320988,0.0000000,0.0555556,0.1496063,0.4108974,0.0000000
17569.0,0.0039709,0.0000000,0.2257562,0.3720930,0.6296296,0.0625000,0.1444444,0.2440945,0.6282051,0.0000000
17570.0,0.0304434,0.0000000,0.1449953,0.2558140,0.6790123,0.0187500,0.0777778,0.1811024,0.4464744,0.0000000
17583.0,0.0039709,0.0000000,0.1640162,0.3372093,0.5555556,0.0125000,0.1205944,0.2365669,0.5970513,0.0000000
17621.0,0.0840503,0.0000000,0.2472716,0.5465116,0.4320988,0.0375000,0.1222222,0.2834646,0.5766026,0.0000000
17639.0,0.0013236,0.0000000,0.2641098,0.1395349,0.7530864,0.0312500,0.1166667,0.1417323,0.5961538,0.0000000
17651.0,0.0125745,0.0000000,0.2170253,0.6279070,0.3580247,0.0125000,0.2055556,0.3070866,0.8894231,1.0000000
17825.0,0.6326936,0.0000000,0.1942626,0.8023256,0.1975309,0.0000000,0.0388889,0.0787402,0.4871795,1.0000000
17840.0,0.0066181,0.0000000,0.1874026,0.0348837,0.9382716,0.0312500,0.1000000,0.1259843,0.5961538,0.0000000
17841.0,0.0026473,0.0000000,0.2853134,0.1511628,0.7654321,0.0250000,0.0555556,0.0472441,0.4878205,0.0000000
17846.0,0.2395764,0.0000000,0.0358591,0.1395349,0.7654321,0.5625000,0.9666667,0.3464567,0.4262821,1.0000000
17848.0,0.3368630,0.0000000,0.1219208,0.3604651,0.5925926,0.0250000,0.0222222,0.1496063,0.6121795,1.0000000
17912.0,0.1396426,0.0000000,0.2213907,0.5930233,0.3580247,0.0000000,0.1500000,0.2283465,0.6762821,0.0000000
17919.0,0.7279947,0.0000000,0.2142189,0.6046512,0.3827160,0.0437500,0.1205944,0.2365669,0.5970513,1.0000000
17946.0,0.0086036,0.0000000,0.1702526,0.4069767,0.4567901,0.0937500,0.1205944,0.2365669,0.5970513,0.0000000
17972.0,0.3825281,0.0000000,0.1811662,0.6395349,0.3086420,0.0312500,0.0277778,0.0708661,0.5673077,1.0000000
17975.0,0.1985440,0.0000000,0.1375117,0.3604651,0.6049383,0.0812500,0.0555556,0.1811024,0.5929487,0.0000000
18011.0,0.0622105,0.0000000,0.1958216,0.4534884,0.5432099,0.1375000,0.0888889,0.2440945,0.4775641,0.0000000
18068.0,0.4626075,0.0000000,0.2616152,0.8604651,0.0987654,0.1562500,0.0777778,0.0314961,0.4166667,1.0000000
18076.0,0.2045003,0.0000000,0.2029935,0.7209302,0.2839506,0.2125000,0.0444444,0.1181102,0.4480769,1.0000000
18210.0,0.1495698,0.0000000,0.0854381,0.6627907,0.3703704,0.0250000,0.0444444,0.1023622,0.7189103,0.0000000
18216.0,0.0019854,0.0000000,0.2503898,0.3953488,0.5061728,0.0875000,0.4111111,0.3543307,0.5737179,0.0000000
18219.0,0.0602250,0.0000000,0.1013408,0.2674419,0.7283951,0.0000000,0.1111111,0.2047244,0.6592949,0.0000000
18278.0,0.0953011,0.0000000,0.2812597,0.1279070,0.8641975,0.0000000,0.0833333,0.2834646,0.8525641,0.0000000
18306.0,0.1065520,0.0000000,0.3221079,0.6162791,0.3456790,0.0312500,0.0722222,0.2913386,0.7211538,0.0000000
18316.0,0.5036400,0.0000000,0.2987215,0.8255814,0.1728395,0.1687500,0.0166667,0.0000000,0.3685897,0.0000000
18376.0,0.3957644,0.0000000,0.0760836,0.3604651,0.6172840,0.0000000,0.1833333,0.2519685,0.6538462,0.0000000
18394.0,0.1892786,0.0000000,0.0851263,0.7093023,0.3209877,0.0312500,0.0500000,0.1496063,0.7051282,0.0000000
18427.0,0.2150893,0.0000000,0.3202370,0.6046512,0.3333333,0.2125000,0.0555556,0.1653543,0.2557692,0.0000000
18432.0,0.1158173,0.0000000,0.1534144,0.2558140,0.7530864,0.0000000,0.0666667,0.1968504,0.6628205,0.0000000
18479.0,0.6505625,0.0000000,0.1269099,0.7325581,0.2716049,0.4375000,0.1888889,0.2047244,0.4967949,1.0000000
18488.0,0.1455989,0.0000000,0.3638915,0.8139535,0.2222222,0.0875000,0.1166667,0.1889764,0.7919872,0.0000000
18610.0,0.0178690,0.0000000,0.2376052,0.3953488,0.5679012,0.0250000,0.1277778,0.2677165,0.5448718,0.0000000
18614.0,0.2448709,0.0000000,0.1375117,0.8139535,0.2098765,0.0000000,0.0444444,0.0314961,0.6506410,1.0000000
18698.0,0.1601588,0.0000000,0.1035235,0.2790698,0.7407407,0.0000000,0.0611111,0.2204724,0.6794872,0.0000000
18704.0,0.0496360,0.0000000,0.2204553,0.5581395,0.4444444,0.0312500,0.1166667,0.2204724,0.7403846,0.0000000
18712.0,0.0436797,0.0000000,0.1035235,0.4534884,0.5802469,0.0000000,0.1388889,0.3228346,0.7086538,0.0000000
18723.0,0.3957644,0.0000000,0.1889616,0.6046512,0.1975309,0.0437500,0.1205944,0.2365669,0.5970513,0.0000000
18791.0,0.1343481,0.0000000,0.1677580,0.5000000,0.5061728,0.0250000,0.1222222,0.1259843,0.4134615,0.0000000
18810.0,0.2045003,0.0000000,0.1072654,0.5116279,0.4444444,0.0437500,0.0277778,0.2362205,0.5644231,0.0000000
18815.0,0.2078094,0.0000000,0.0629872,0.2906977,0.6666667,0.0250000,0.0500000,0.1732283,0.5243590,0.0000000
18819.0,0.1786896,0.0000000,0.0339882,0.2093023,0.8024691,0.1125000,0.0388889,0.1811024,0.5846154,1.0000000
18820.0,0.0112508,0.0000000,0.1883380,0.5697674,0.3086420,0.0000000,0.2000000,0.3858268,0.6560897,0.0000000
18835.0,0.0284580,0.0000000,0.4901777,0.8255814,0.1851852,0.0250000,0.1444444,0.2283465,0.5785256,0.0000000
18850.0,0.0999338,0.0000000,0.7664484,0.6279070,0.3703704,0.5750000,0.0388889,0.1181102,0.5897436,0.0000000
18911.0,0.0033091,0.0000000,0.3769878,0.2674419,0.7037037,0.0250000,0.3500000,0.3622047,0.1987179,0.0000000
18994.0,0.0635341,0.0000000,0.0558154,0.4186047,0.6049383,0.0562500,0.0555556,0.1811024,0.7788462,0.0000000
18999.0,0.4533422,0.0000000,0.1262862,0.7093023,0.2222222,0.6625000,0.0333333,0.0944882,0.1666667,1.0000000
19012.0,0.3878226,0.0000000,0.0352354,0.3837209,0.5802469,0.0312500,0.0277778,0.0866142,0.5993590,0.0000000
19104.0,0.2581072,0.0000000,0.1047708,0.4302326,0.5679012,0.0312500,0.0500000,0.2204724,0.4256410,0.0000000
19115.0,0.1283918,0.0000000,0.1883380,0.3720930,0.5925926,0.0187500,0.0222222,0.2440945,0.8076923,0.0000000
19131.0,0.1396426,0.0000000,0.1936389,0.5813953,0.3209877,0.0000000,0.3444444,0.3937008,0.7125000,0.0000000
19151.0,0.0086036,0.0000000,0.1509199,0.1627907,0.6913580,0.0312500,0.4722222,0.7716535,0.3493590,0.0000000
19157.0,0.2521509,0.0000000,0.1253508,0.3372093,0.6666667,0.0500000,0.0555556,0.1889764,0.5064103,0.0000000
19212.0,0.3289212,0.0000000,0.1371999,0.3604651,0.5061728,0.0312500,0.1205944,0.2365669,0.5970513,0.0000000
19324.0,0.1111846,0.0000000,0.1284690,0.3953488,0.6172840,0.0000000,0.1277778,0.4094488,0.6291667,0.0000000
19329.0,0.5823958,0.0000000,0.1250390,0.5465116,0.4320988,0.0375000,0.1205944,0.2365669,0.5970513,1.0000000
19333.0,0.2878888,0.0000000,0.3757406,0.6279070,0.2839506,0.3812500,0.1205944,0.2365669,0.5970513,0.0000000
19645.0,0.2329583,0.0000000,0.2185843,0.6046512,0.3580247,0.0250000,0.0388889,0.1259843,0.9647436,0.0000000
19661.0,0.3606883,0.0000000,0.0611163,0.2674419,0.7283951,0.0375000,0.0722222,0.1259843,0.4041667,0.0000000
19663.0,0.4718729,0.0000000,0.3199252,0.6511628,0.3086420,0.0625000,0.0388889,0.1496063,0.2378205,0.0000000
19672.0,0.0125745,0.0000000,0.2210789,0.0813953,0.8148148,0.0000000,0.1333333,0.2755906,0.4528846,0.0000000
19731.0,0.0132363,0.0000000,0.2120362,0.3255814,0.5925926,0.0000000,0.1388889,0.2204724,0.7083333,0.0000000
19739.0,0.4176042,0.0000000,0.1178672,0.5697674,0.3950617,0.0250000,0.1205944,0.2365669,0.5970513,0.0000000
19742.0,0.0774322,0.0000000,0.4530714,0.6511628,0.3086420,0.1062500,0.1205944,0.2365669,0.5970513,1.0000000
19743.0,0.3606883,0.0000000,0.1637044,0.6046512,0.3580247,0.0875000,0.1205944,0.2365669,0.5970513,1.0000000
19752.0,0.1720715,0.0000000,0.0776427,0.3953488,0.6296296,0.0750000,0.0833333,0.3149606,0.5057692,0.0000000
19768.0,0.3223031,0.0000000,0.1191144,0.6976744,0.2839506,0.0875000,0.1205944,0.2365669,0.5970513,1.0000000
19770.0,0.1813369,0.0000000,0.1506080,0.6162791,0.3333333,0.0000000,0.1666667,0.3228346,0.5064103,0.0000000
19773.0,0.0013236,0.0000000,0.1668226,0.1627907,0.7901235,0.0000000,0.1205944,0.2365669,0.5970513,0.0000000
19802.0,0.2779616,0.0000000,0.1842844,0.7906977,0.2222222,0.0375000,0.0388889,0.1417323,0.6435897,0.0000000
19803.0,0.5572469,0.0000000,0.2759588,0.8139535,0.1728395,0.0875000,0.0888889,0.1574803,0.4628205,1.0000000
19881.0,0.0019854,0.0000000,0.3196133,0.3139535,0.6296296,0.0000000,0.1205944,0.2365669,0.5970513,1.0000000
20000.0,0.0919921,0.0000000,0.1789835,0.5930233,0.3580247,0.1687500,0.0333333,0.0708661,0.4089744,0.0000000
20011.0,0.1608206,0.0000000,0.1512317,0.8023256,0.1481481,0.0375000,0.0611111,0.2047244,0.5977564,0.0000000
20020.0,0.0675050,0.0000000,0.2747116,0.3139535,0.6913580,0.1125000,0.0888889,0.1968504,0.4679487,0.0000000
20077.0,0.0860357,0.0000000,0.5413159,0.6279070,0.3086420,0.1812500,0.0500000,0.1496063,0.4746795,0.0000000
20102.0,0.1495698,0.0000000,0.0698472,0.3023256,0.6543210,0.0562500,0.0500000,0.2440945,0.4294872,1.0000000
20142.0,0.0059563,0.0000000,0.2915497,0.3953488,0.5432099,0.0000000,0.3388889,0.2677165,0.4487179,0.0000000
20147.0,0.0701522,0.0000000,0.2731525,0.3372093,0.6419753,0.0187500,0.1444444,0.1968504,0.5544872,0.0000000
20282.0,0.5572469,0.0000000,0.3164952,0.5813953,0.2592593,0.0000000,0.1205944,0.2365669,0.5970513,1.0000000
20355.0,0.0648577,0.0000000,0.1063299,0.6860465,0.2839506,0.0125000,0.0555556,0.1417323,0.5192308,0.0000000
20358.0,0.4533422,0.0000000,0.2017462,0.8488372,0.1604938,0.0437500,0.0055556,0.0866142,0.5096154,1.0000000
20362.0,0.3183322,0.0000000,0.1580917,0.7906977,0.2098765,0.1375000,0.1205944,0.1338583,0.5673077,0.0000000
20403.0,0.2918597,0.0000000,0.0991581,0.6860465,0.2592593,0.0375000,0.0777778,0.4015748,0.4721154,0.0000000
20474.0,0.0410324,0.0000000,0.2715934,0.7325581,0.1481481,0.0500000,0.1055556,0.3622047,0.5592949,0.0000000
20486.0,0.0807412,0.0000000,0.1967571,0.6976744,0.3086420,0.0000000,0.0944444,0.1653543,0.6762821,0.0000000
20489.0,0.2799471,0.0000000,0.2500780,0.6976744,0.2592593,0.0187500,0.1205944,0.2365669,0.5970513,1.0000000
20505.0,0.0476506,0.0000000,0.1537262,0.2906977,0.6172840,0.0500000,0.1205944,0.2992126,0.6794872,0.0000000
20573.0,0.0145599,0.0000000,0.1409417,0.1976744,0.8148148,0.0312500,0.1944444,0.2598425,0.7179487,0.0000000
20576.0,0.0469887,0.0000000,0.2394761,0.2674419,0.7283951,0.0625000,0.1388889,0.2047244,0.4679487,1.0000000
20583.0,0.1376572,0.0000000,0.1506080,0.6162791,0.3703704,0.0562500,0.0944444,0.1259843,0.7756410,0.0000000
20616.0,0.2349437,0.0000000,0.5715622,0.8139535,0.1851852,0.2250000,0.1205944,0.2365669,0.5970513,0.0000000
20752.0,0.0231635,0.0000000,0.3716869,0.3837209,0.6049383,0.0562500,0.1205944,0.2365669,0.5970513,0.0000000
20882.0,0.1495698,0.0000000,0.1930153,0.3837209,0.4567901,0.0000000,0.1205944,0.2365669,0.5970513,1.0000000
20883.0,0.2045003,0.0000000,0.1403181,0.2558140,0.7283951,0.0312500,0.1111111,0.2362205,0.4496795,0.0000000
21003.0,0.1839841,0.0000000,0.1527908,0.5697674,0.4444444,0.1625000,0.0555556,0.2992126,0.5192308,1.0000000
21006.0,0.0086036,0.0000000,0.1306517,0.1046512,0.9135802,0.0250000,0.1555556,0.2283465,0.5256410,0.0000000
21013.0,0.2739907,0.0000000,0.2251325,0.8372093,0.1234568,0.5750000,0.0111111,0.1968504,0.5509615,0.0000000
21020.0,0.0767704,0.0000000,0.2033053,0.5465116,0.4074074,0.0125000,0.1555556,0.2125984,0.6064103,0.0000000
21060.0,0.0900066,0.0000000,0.2341752,0.4069767,0.5679012,0.0000000,0.1500000,0.1732283,0.6378205,0.0000000
21161.0,0.6737260,0.0000000,0.1122544,0.6627907,0.3086420,0.0750000,0.0611111,0.0708661,0.5160256,1.0000000
21174.0,0.3534083,0.0000000,0.0651699,0.3953488,0.5679012,0.0312500,0.0888889,0.1496063,0.6160256,0.0000000
21200.0,0.2005295,0.0000000,0.1294044,0.1046512,0.9012346,0.0312500,0.1205944,0.2365669,0.5970513,1.0000000
21247.0,0.1462608,0.0000000,0.1163081,0.0930233,0.9135802,0.0312500,0.1000000,0.2362205,0.5419872,0.0000000
21251.0,0.8596956,0.0000000,0.1842844,0.5581395,0.2962963,0.0812500,0.1222222,0.1338583,0.4506410,1.0000000
21294.0,0.0072799,0.0000000,0.1761771,0.2790698,0.5925926,0.0375000,0.1722222,0.1417323,0.4711538,0.0000000
21311.0,0.0721377,0.0000000,0.1646399,0.1511628,0.8641975,0.0000000,0.0777778,0.1811024,0.7285256,0.0000000
21328.0,0.2779616,0.0000000,0.1693171,0.8372093,0.1358025,0.0250000,0.2277778,0.3070866,0.4230769,1.0000000
21361.0,0.4765056,0.0000000,0.1964453,0.6046512,0.3209877,0.0812500,0.1205944,0.2365669,0.5970513,0.0000000
21371.0,0.2316347,0.0000000,0.0804490,0.2790698,0.7407407,0.0687500,0.1277778,0.2913386,0.5961538,0.0000000
21394.0,0.0033091,0.0000000,0.1057063,0.2674419,0.6790123,0.0312500,0.1611111,0.2519685,0.3589744,0.0000000
21395.0,0.0357379,0.0000000,0.1621453,0.2325581,0.7530864,0.0437500,0.1166667,0.3622047,0.5557692,0.0000000
21450.0,0.0244871,0.0000000,0.1512317,0.3488372,0.6790123,0.0250000,0.0722222,0.1259843,0.6891026,1.0000000
21472.0,0.1475844,0.0000000,0.0455254,0.7441860,0.2839506,0.0375000,0.0500000,0.1968504,0.5477564,0.0000000
21473.0,0.3600265,0.0000000,0.1443717,0.8139535,0.0987654,0.1812500,0.0500000,0.1732283,0.3673077,0.0000000
21479.0,0.0172071,0.0000000,0.1425008,0.1976744,0.7777778,0.0500000,0.0666667,0.1417323,0.6506410,0.0000000
21505.0,0.0033091,0.0000000,0.2921734,0.2093023,0.6790123,0.0437500,0.1205944,0.2365669,0.5970513,0.0000000
21548.0,0.0542687,0.0000000,0.2575616,0.2790698,0.7160494,0.2687500,0.0611111,0.1102362,0.5897436,0.0000000
21628.0,0.0350761,0.0000000,0.4356096,0.4418605,0.5185185,0.1312500,0.0388889,0.0787402,0.5993590,0.0000000
21657.0,0.1482462,0.0000000,0.4081696,0.6395349,0.3209877,0.0562500,0.1222222,0.1968504,0.6250000,0.0000000
21704.0,0.3812045,0.0000000,0.1914562,0.7674419,0.2345679,0.4125000,0.0777778,0.1653543,0.5766026,1.0000000
21708.0,0.0363997,0.0000000,0.2213907,0.3255814,0.6543210,0.0250000,0.0888889,0.1889764,0.6192308,0.0000000
21716.0,0.0516214,0.0000000,0.1128781,0.3488372,0.6543210,0.0250000,0.0722222,0.2913386,0.7820513,0.0000000
21719.0,0.0105890,0.0000000,0.2366698,0.3604651,0.6419753,0.1437500,0.1055556,0.0708661,0.5769231,1.0000000
21788.0,0.1138319,0.0000000,0.0960399,0.2093023,0.7530864,0.0500000,0.1000000,0.4645669,0.5426282,0.0000000
21918.0,0.0033091,0.0000000,0.2853134,0.1511628,0.8148148,0.0000000,0.1388889,0.1811024,0.5064103,0.0000000
21938.0,0.0496360,0.0000000,0.2800125,0.3720930,0.5679012,0.5750000,0.0722222,0.1889764,0.6990385,0.0000000
21962.0,0.0814030,0.0000000,0.1655753,0.5930233,0.3950617,0.1312500,0.1222222,0.2362205,0.5608974,0.0000000
22001.0,0.2005295,0.0000000,0.0838790,0.7558140,0.2222222,0.0687500,0.1205944,0.2365669,0.5970513,0.0000000
22015.0,0.0727995,0.0000000,0.0795136,0.3255814,0.6172840,0.0000000,0.1333333,0.1417323,0.5608974,0.0000000
22022.0,0.3620119,0.0000000,0.1983162,0.3953488,0.5925926,0.0187500,0.0333333,0.0629921,0.6698718,0.0000000
22040.0,0.0238253,0.0000000,0.2943561,0.1627907,0.8271605,0.0000000,0.0555556,0.2204724,0.4967949,0.0000000
22061.0,0.0264725,0.0000000,0.1197381,0.4186047,0.5555556,0.1000000,0.0944444,0.2283465,0.6891026,0.0000000
22067.0,0.0344143,0.0000000,0.4190833,0.8139535,0.1975309,0.0250000,0.1055556,0.2204724,0.4839744,0.0000000
22078.0,0.1621443,0.0000000,0.1521671,0.1046512,0.8148148,0.0312500,0.0555556,0.1732283,0.7500000,0.0000000
22131.0,0.0264725,0.0000000,0.3738697,0.5465116,0.3703704,0.2250000,0.1888889,0.2440945,0.4967949,0.0000000
22204.0,0.0264725,0.0000000,1.0000000,0.6744186,0.2962963,0.4500000,0.1205944,0.2365669,0.5970513,0.0000000
22227.0,0.2660490,0.0000000,0.1845962,0.3372093,0.6666667,0.0312500,0.1205944,0.2365669,0.5970513,0.0000000
22238.0,0.0218398,0.0000000,0.2164016,0.1627907,0.7777778,0.0500000,0.0222222,0.0629921,0.4807692,0.0000000
22270.0,0.6247518,0.0000000,0.2865606,0.7558140,0.1728395,0.5187500,0.0444444,0.0787402,0.6227564,0.0000000
22271.0,0.0264725,0.0000000,0.2210789,0.7441860,0.2222222,0.0500000,0.1055556,0.2519685,0.5993590,0.0000000
22354.0,0.0900066,0.0000000,0.1768007,0.4186047,0.5555556,0.0312500,0.1205944,0.2365669,0.5970513,0.0000000
22379.0,0.1244209,0.0000000,0.1627689,0.4069767,0.5679012,0.0125000,0.0666667,0.1259843,0.7644231,0.0000000
22454.0,0.6181337,0.0000000,0.1116308,0.6744186,0.2345679,0.0875000,0.1111111,0.1968504,0.5576923,0.0000000
22469.0,0.0648577,0.0000000,0.2057998,0.3139535,0.6296296,0.2062500,0.0611111,0.2834646,0.6923077,0.0000000
22529.0,0.0694904,0.0000000,0.1599626,0.1627907,0.8518519,0.0000000,0.1111111,0.3937008,0.6676282,0.0000000
22534.0,0.1753805,0.0000000,0.4621141,0.3255814,0.6790123,0.0000000,0.0888889,0.1417323,0.5256410,0.0000000
22640.0,0.0324289,0.0000000,0.2850016,0.1976744,0.7283951,0.0500000,0.1055556,0.2440945,0.6833333,0.0000000
22641.0,0.0390470,0.0000000,0.6217649,0.6162791,0.2962963,0.0625000,0.1666667,0.1496063,0.7407051,0.0000000
22703.0,0.0059563,0.0000000,0.2952915,0.1744186,0.8641975,0.0437500,0.3055556,0.4173228,0.4807692,0.0000000
22706.0,0.0516214,0.0000000,0.1768007,0.3837209,0.6172840,0.0375000,0.0388889,0.1181102,0.5833333,1.0000000
22783.0,0.0205162,0.0000000,0.2977861,0.2209302,0.7160494,0.0000000,0.1000000,0.3385827,0.5477564,0.0000000
22836.0,0.0072799,0.0000000,0.4518241,0.2209302,0.7530864,0.0187500,0.1055556,0.1417323,0.6025641,0.0000000
22845.0,0.1972204,0.0000000,0.1172435,0.5930233,0.3086420,0.2062500,0.0444444,0.1259843,0.6419872,0.0000000
22860.0,0.7001985,0.0000000,0.1256626,0.6627907,0.2592593,0.1750000,0.1205944,0.2365669,0.5970513,0.0000000
22882.0,0.1892786,0.0000000,0.0626754,0.3720930,0.5802469,0.0562500,0.0777778,0.3307087,0.6987179,0.0000000
22959.0,0.0099272,0.0000000,0.1184908,0.2093023,0.8024691,0.0312500,0.1388889,0.1181102,0.6762821,0.0000000
22963.0,0.8279285,0.0000000,0.3046461,0.7093023,0.2716049,0.0187500,0.0222222,0.0944882,0.3076923,0.0000000
22976.0,0.4612839,0.0000000,0.1038354,0.5348837,0.4444444,0.0500000,0.1055556,0.1811024,0.6410256,0.0000000
23034.0,0.2547981,0.0000000,0.1683817,0.3255814,0.6913580,0.0187500,0.0222222,0.1889764,0.8012821,0.0000000
23048.0,0.0019854,0.0000000,0.3140006,0.3023256,0.6790123,0.0000000,0.0111111,0.0472441,0.4903846,0.0000000
23051.0,0.3097287,0.0000000,0.1387590,0.1860465,0.7654321,0.0562500,0.1205944,0.2365669,0.5970513,0.0000000
23080.0,0.1641297,0.0000000,0.1821017,0.6860465,0.2962963,0.0562500,0.0166667,0.1653543,0.5852564,1.0000000
23122.0,0.1303772,0.0000000,0.1434362,0.2209302,0.7901235,0.0687500,0.1205944,0.2365669,0.5970513,0.0000000
23193.0,0.0847121,0.0000000,0.2379171,0.8488372,0.1234568,0.0687500,0.0444444,0.1417323,0.6057692,0.0000000
23218.0,0.2336201,0.0000000,0.2397880,0.6395349,0.2716049,0.3875000,0.0444444,0.0787402,0.4073718,0.0000000
23258.0,0.2183984,0.0000000,0.2379171,0.9302326,0.0740741,0.1375000,0.1666667,0.3228346,0.6012821,0.0000000
23334.0,0.0039709,0.0000000,0.4246960,0.1279070,0.8518519,0.0250000,0.1388889,0.2755906,0.3525641,0.0000000
23403.0,0.0595632,0.0000000,0.1886498,0.1627907,0.8024691,0.0437500,0.1205944,0.2365669,0.5970513,0.0000000
23425.0,0.0562541,0.0000000,0.2588089,0.3604651,0.6172840,0.1937500,0.1111111,0.1417323,0.4455128,0.0000000
23442.0,0.6863005,0.0000000,0.1902089,0.7325581,0.2839506,0.0875000,0.0722222,0.0393701,0.7339744,0.0000000
23452.0,0.0178690,0.0000000,0.0626754,0.3255814,0.6790123,0.0375000,0.1205944,0.2365669,0.5970513,0.0000000
23462.0,0.1250827,0.0000000,0.2316807,0.5232558,0.4567901,0.2000000,0.0444444,0.0866142,0.5673077,0.0000000
23471.0,0.0622105,0.0000000,0.2220143,0.3488372,0.6049383,0.0312500,0.1205944,0.2365669,0.5970513,0.0000000
23557.0,0.0377234,0.0000000,0.2878079,0.3023256,0.6913580,0.0000000,0.1888889,0.2913386,0.6570513,0.0000000
23566.0,0.1072138,0.0000000,0.4427814,0.5813953,0.4074074,0.1625000,0.0944444,0.1338583,0.6730769,0.0000000
23577.0,0.1257445,0.0000000,0.0424072,0.5000000,0.4074074,0.0312500,0.0444444,0.2362205,0.5038462,0.0000000
23670.0,0.2342819,0.0000000,0.7128157,0.8372093,0.1358025,0.0000000,0.0500000,0.1023622,0.7862179,0.0000000
23680.0,0.1204500,0.0000000,0.2915497,0.4302326,0.4567901,0.0000000,0.0444444,0.1023622,0.5413462,0.0000000
23810.0,0.2706817,0.0000000,0.1184908,0.3604651,0.6419753,0.0375000,0.1444444,0.1653543,0.6955128,0.0000000
23860.0,0.1144937,0.0000000,0.1967571,0.5581395,0.3827160,0.6812500,0.0333333,0.1889764,0.7000000,0.0000000
23892.0,0.5718068,0.0000000,0.8905519,1.0000000,0.0246914,0.9562500,0.0333333,0.0314961,0.5753205,0.0000000
23936.0,0.0079418,0.0000000,0.1440599,0.1976744,0.7654321,0.0750000,0.2111111,0.1811024,0.5384615,0.0000000
23964.0,0.0231635,0.0000000,0.2048644,0.3372093,0.7037037,0.0312500,0.2111111,0.2598425,0.7115385,0.0000000
24094.0,0.0211780,0.0000000,0.1758653,0.2209302,0.7777778,0.0000000,0.0944444,0.0787402,0.6185897,0.0000000
24096.0,0.7571145,0.0000000,0.1343935,0.8604651,0.1111111,0.0625000,0.1333333,0.7165354,0.3160256,1.0000000
24156.0,0.0675050,0.0000000,0.2457125,0.3488372,0.6666667,0.0000000,0.2277778,0.9291339,0.2275641,0.0000000
24162.0,0.0655195,0.0000000,0.3414406,0.4767442,0.4814815,0.2687500,0.1205944,0.2365669,0.5970513,0.0000000
24313.0,0.0086036,0.0000000,0.1902089,0.1976744,0.7901235,0.0250000,0.2000000,0.2913386,0.6121795,0.0000000
24339.0,0.0688286,0.0000000,0.1590271,0.4767442,0.5061728,0.0250000,0.0777778,0.2047244,0.7307692,0.0000000
24340.0,0.2885506,0.0000000,0.0826317,0.7674419,0.1604938,0.1250000,0.0222222,0.0393701,0.5897436,0.0000000
24375.0,0.1250827,0.0000000,0.1343935,0.5232558,0.3950617,0.0000000,0.0500000,0.1574803,0.4753205,0.0000000
24385.0,0.0443415,0.0000000,0.2728407,0.3720930,0.5679012,0.0187500,0.0500000,0.1889764,0.5855769,0.0000000
24387.0,0.0304434,0.0000000,0.1306517,0.1046512,0.7901235,0.0000000,0.0944444,0.1889764,0.4294872,0.0000000
24393.0,0.2746525,0.0000000,0.2385407,0.6511628,0.3456790,0.0000000,0.0500000,0.2362205,0.4275641,0.0000000
24438.0,0.1542025,0.0000000,0.2488307,0.5813953,0.3333333,0.4500000,0.0555556,0.1732283,0.6006410,1.0000000
24475.0,0.0019854,0.0000000,0.2503898,0.3604651,0.6049383,0.0000000,0.1444444,0.4015748,0.4474359,0.0000000
24540.0,0.0099272,0.0000000,0.2556907,0.3139535,0.6172840,0.0562500,0.1166667,0.1889764,0.2916667,0.0000000
24566.0,0.0099272,0.0000000,0.3065170,0.4302326,0.5432099,0.7187500,0.0944444,0.0944882,0.4519231,0.0000000
24568.0,0.3077432,0.0000000,0.0838790,0.2558140,0.7530864,0.0250000,0.0500000,0.1023622,0.6057692,0.0000000
24639.0,0.4328259,0.0000000,0.1409417,0.7093023,0.3086420,0.0562500,0.0111111,0.0944882,0.5448718,0.0000000
24646.0,0.1806750,0.0000000,0.0991581,0.5697674,0.3950617,0.1250000,0.1205944,0.2365669,0.5970513,1.0000000
24720.0,0.0337525,0.0000000,0.3193015,0.3604651,0.7160494,0.0000000,0.3555556,0.9212598,0.7016026,0.0000000
24742.0,0.0794176,0.0000000,0.4265669,0.8488372,0.1111111,0.0750000,0.1205944,0.2365669,0.5970513,0.0000000
24766.0,0.3970880,0.0000000,0.1284690,0.5465116,0.3333333,0.0000000,0.1111111,0.1889764,0.6384615,1.0000000
24778.0,0.2382528,0.0000000,0.1674462,0.2674419,0.7037037,0.0000000,0.1205944,0.3149606,0.5381410,0.0000000
24857.0,0.2203839,0.0000000,0.1983162,0.9302326,0.0864198,0.0846750,0.0666667,0.2204724,0.3653846,0.0000000
24992.0,0.2528127,0.0000000,0.1053944,0.5000000,0.3827160,0.0687500,0.0166667,0.1653543,0.7346154,0.0000000
25021.0,0.2289874,0.0000000,0.1237917,0.1511628,0.8641975,0.0000000,0.0555556,0.4173228,0.6538462,0.0000000
25043.0,0.3898081,0.0000000,0.3233552,0.7441860,0.1728395,0.3562500,0.0333333,0.0787402,0.5314103,0.0000000
25051.0,0.0754467,0.0000000,0.2505769,0.4415349,0.5272469,0.0846750,0.0833333,0.1889764,0.6740385,0.0000000
25069.0,0.2753144,0.0000000,0.1574680,0.3488372,0.6296296,0.0312500,0.0666667,0.4724409,0.5907051,0.0000000
25112.0,0.5711449,0.0000000,0.1194263,0.5930233,0.3456790,0.0437500,0.0388889,0.1417323,0.5089744,1.0000000
25214.0,0.0231635,0.0000000,0.2341752,0.2790698,0.7283951,0.2125000,0.0833333,0.1496063,0.7564103,0.0000000
25228.0,0.2706817,0.0000000,0.0614281,0.5930233,0.4444444,0.0187500,0.1205944,0.2365669,0.5970513,0.0000000
25250.0,0.1436135,0.0000000,0.8378547,0.7441860,0.2345679,0.0000000,0.0555556,0.1496063,0.7958333,1.0000000
25330.0,0.2547981,0.0000000,0.3735578,0.8720930,0.1358025,0.3000000,0.1444444,0.2283465,0.4775641,0.0000000
25364.0,0.0701522,0.0000000,0.1406299,0.5348837,0.4074074,0.1000000,0.1205944,0.2365669,0.5970513,0.0000000
25377.0,0.2243547,0.0000000,0.1920798,0.7325581,0.1975309,0.0000000,0.0277778,0.1259843,0.8208333,0.0000000
25400.0,0.0953011,0.0000000,0.1833489,0.6395349,0.3456790,0.1750000,0.0333333,0.1732283,0.6538462,0.0000000
25451.0,0.0450033,0.0000000,0.4331151,0.4883721,0.3950617,0.0000000,0.1205944,0.2365669,0.5970513,0.0000000
25460.0,0.0304434,0.0000000,0.1256626,0.3720930,0.5925926,0.0000000,0.3722222,0.2755906,0.6987179,0.0000000
25559.0,0.7088021,0.0000000,0.2067353,0.8488372,0.1234568,0.0250000,0.0833333,0.1181102,0.5865385,0.0000000
25583.0,0.0463269,0.0000000,0.1630808,0.1860465,0.8024691,0.0875000,0.0388889,0.1811024,0.5970513,0.0000000
25609.0,0.1356717,0.0000000,0.1605862,0.2906977,0.7283951,0.0250000,0.1205944,0.3070866,0.5970513,0.0000000
25705.0,0.0675050,0.0000000,0.2360461,0.0581395,0.9506173,0.0375000,0.1444444,0.4173228,0.6708333,0.0000000
25743.0,0.2931833,0.0000000,0.1275335,0.3372093,0.6543210,0.0312500,0.1205944,0.2365669,0.5970513,1.0000000
25799.0,0.0112508,0.0000000,0.6557530,0.6162791,0.2592593,0.9500000,0.1777778,0.1732283,0.4769231,0.0000000
25802.0,0.0132363,0.0000000,0.4689741,0.1395349,0.9012346,0.0000000,0.1205944,0.2365669,0.5970513,0.0000000
25804.0,0.1442753,0.0000000,0.1228563,0.6976744,0.3209877,0.0687500,0.0500000,0.3543307,0.7064103,0.0000000
25909.0,0.1317009,0.0000000,0.1602744,0.4418605,0.5308642,0.0625000,0.0666667,0.1574803,0.4836538,0.0000000
25913.0,0.2442091,0.0000000,0.3077643,0.6046512,0.3580247,0.0687500,0.1205944,0.2365669,0.5970513,0.0000000
25940.0,0.4599603,0.0000000,0.1381353,0.6744186,0.2592593,0.2687500,0.0444444,0.1338583,0.5182692,1.0000000
25951.0,0.2296492,0.0000000,0.0838790,0.1395349,0.8271605,0.0187500,0.1388889,0.3228346,0.5897436,0.0000000
26031.0,0.1442753,0.0000000,0.1612099,0.6395349,0.2592593,0.0250000,0.1205944,0.2365669,0.5970513,0.0000000
26043.0,0.0443415,0.0000000,0.2497661,0.3953488,0.6049383,0.0875000,0.1205944,0.2365669,0.5970513,0.0000000
26046.0,0.1211118,0.0000000,0.2909261,0.4651163,0.5185185,0.1812500,0.1205944,0.2365669,0.5970513,0.0000000
26066.0,0.2951688,0.0000000,0.2263798,0.7325581,0.2222222,0.0312500,0.0277778,0.1023622,0.4102564,1.0000000
26359.0,0.0013236,0.0000000,0.3476770,0.1744186,0.7777778,0.0000000,0.1166667,0.2598425,0.6185897,0.0000000
26378.0,0.3441430,0.0000000,0.1752417,0.8023256,0.1728395,0.0000000,0.0666667,0.5905512,0.4006410,1.0000000
26482.0,0.3759100,0.0000000,0.1340817,0.7209302,0.2345679,0.1750000,0.1205944,0.2365669,0.5970513,1.0000000
26485.0,0.2885506,0.0000000,0.3788587,0.6860465,0.3209877,0.3125000,0.0166667,0.0629921,0.4775641,0.0000000
26515.0,0.2561218,0.0000000,0.2603679,0.7674419,0.2345679,0.2750000,0.0222222,0.0629921,0.5544872,0.0000000
26525.0,0.1039047,0.0000000,0.5235423,0.5348837,0.4444444,0.5812500,0.0500000,0.1811024,0.5157051,0.0000000
26595.0,0.3282594,0.0000000,0.1462426,0.7325581,0.2839506,0.1437500,0.0166667,0.0787402,0.6570513,1.0000000
26605.0,0.0946393,0.0000000,0.1135017,0.5116279,0.3209877,0.0000000,0.1205944,0.2365669,0.5970513,0.0000000
26634.0,0.2766380,0.0000000,0.1802307,0.6860465,0.2839506,0.2375000,0.1205944,0.2365669,0.5970513,0.0000000
26690.0,0.3838518,0.0000000,0.3467415,0.7674419,0.1358025,0.0937500,0.0944444,0.2519685,0.4807692,1.0000000
26717.0,0.2620781,0.0000000,0.1646399,0.1744186,0.8271605,0.0687500,0.0833333,0.2365669,0.4849359,0.0000000
26728.0,0.1244209,0.0000000,0.1849080,0.6046512,0.4074074,0.0187500,0.0166667,0.1259843,0.7083333,0.0000000
26806.0,0.0370615,0.0000000,0.0695354,0.4302326,0.5432099,0.0000000,0.0944444,0.3307087,0.5974359,0.0000000
26827.0,0.1131701,0.0000000,0.2971625,0.5000000,0.3950617,0.0000000,0.1205944,0.2365669,0.5970513,0.0000000
26833.0,0.2534745,0.0000000,0.1948862,0.3372093,0.6172840,0.0375000,0.0555556,0.2992126,0.5615385,0.0000000
26904.0,0.3898081,0.0000000,0.3835360,0.8139535,0.1851852,0.0000000,0.0444444,0.0629921,0.4391026,0.0000000
26922.0,0.1535407,0.0000000,0.4365451,0.6046512,0.3703704,0.1875000,0.1205944,0.2365669,0.5970513,0.0000000
26938.0,0.1760424,0.0000000,0.3439351,0.6860465,0.3086420,0.1562500,0.0388889,0.1023622,0.5512821,0.0000000
27048.0,0.0072799,0.0000000,0.2223262,0.0465116,0.9629630,0.0250000,0.1777778,0.1968504,0.2275641,0.0000000
27056.0,0.4804765,0.0000000,0.0623636,0.5813953,0.3950617,0.0000000,0.0500000,0.0708661,0.4903846,1.0000000
27057.0,0.2362674,0.0000000,0.2510134,0.5348837,0.4074074,0.0000000,0.0444444,0.2283465,0.5134615,1.0000000
27076.0,0.5625414,0.0000000,0.1970689,0.6860465,0.2962963,0.0437500,0.0833333,0.2204724,0.6025641,0.0000000
27084.0,0.4401059,0.0000000,0.1958216,0.5581395,0.4320988,0.0375000,0.0444444,0.1023622,0.5384615,1.0000000
27120.0,0.1793514,0.0000000,0.2388525,0.1627907,0.8518519,0.0000000,0.1000000,0.2204724,0.5833333,0.0000000
27121.0,0.1303772,0.0000000,0.1796071,0.1279070,0.9012346,0.0000000,0.0777778,0.5669291,0.6733974,0.0000000
27129.0,0.4533422,0.0000000,0.2164016,0.4883721,0.4691358,0.0500000,0.1205944,0.2365669,0.5970513,0.0000000
27171.0,0.0463269,0.0000000,0.2578734,0.3837209,0.5802469,0.0562500,0.0611111,0.1259843,0.7211538,0.0000000
27191.0,0.3997353,0.0000000,0.1658871,0.3837209,0.6049383,0.0375000,0.0444444,0.2125984,0.5673077,1.0000000
27229.0,0.2528127,0.0000000,0.3910196,0.6627907,0.2839506,0.3250000,0.1205944,0.2365669,0.5970513,0.0000000
27230.0,0.3580410,0.0000000,0.2407234,0.7209302,0.2469136,0.1062500,0.0055556,0.1102362,0.5608974,1.0000000
27232.0,0.2806089,0.0000000,0.3411288,0.6976744,0.2839506,0.2562500,0.0222222,0.1023622,0.5317308,0.0000000
27238.0,0.2303111,0.0000000,0.0452136,0.4883721,0.5432099,0.0937500,0.1205944,0.2365669,0.5970513,0.0000000
27248.0,0.2018531,0.0000000,0.0754599,0.8023256,0.1851852,0.0687500,0.0611111,0.1653543,0.5778846,0.0000000
27285.0,0.2137657,0.0000000,0.4405987,0.7558140,0.2345679,0.0250000,0.0944444,0.1417323,0.4551282,0.0000000
27295.0,0.4076770,0.0000000,0.1262862,0.4302326,0.6296296,0.0250000,0.0666667,0.1496063,0.6121795,1.0000000
27332.0,0.4083388,0.0000000,0.1159963,0.3953488,0.5679012,0.0500000,0.0277778,0.0866142,0.5673077,0.0000000
27347.0,0.2686962,0.0000000,0.2045525,0.5000000,0.4814815,0.0187500,0.3555556,0.2440945,0.3375000,1.0000000
27349.0,0.1072138,0.0000000,0.3716869,0.3837209,0.5802469,0.1000000,0.1205944,0.2365669,0.5970513,0.0000000
27350.0,0.0397088,0.0000000,0.2117244,0.2093023,0.8148148,0.0375000,0.0888889,0.1653543,0.5365385,1.0000000
27353.0,0.0641959,0.0000000,0.1378235,0.2906977,0.7407407,0.1062500,0.1205944,0.2365669,0.5970513,0.0000000
27354.0,0.0602250,0.0000000,0.2505769,0.4415349,0.5272469,0.0846750,0.0611111,0.1338583,0.5839744,0.0000000
27367.0,0.3289212,0.0000000,0.2566261,0.8720930,0.1111111,0.0500000,0.0777778,0.1417323,0.6826923,0.0000000
27371.0,0.2448709,0.0000000,0.1658871,0.6279070,0.3209877,0.0312500,0.0555556,0.2598425,0.5275641,0.0000000
27413.0,0.0403706,0.0000000,0.2709698,0.3604651,0.6543210,0.0000000,0.2722222,0.3700787,0.6025641,0.0000000
27439.0,0.0496360,0.0000000,0.1119426,0.1162791,0.9259259,0.0437500,0.3166667,0.3070866,0.5782051,0.0000000
27441.0,0.0701522,0.0000000,0.2871843,0.4651163,0.4691358,0.0437500,0.0777778,0.0944882,0.7179487,0.0000000
27498.0,0.1939113,0.0000000,0.2878079,0.6046512,0.3703704,0.0625000,0.1555556,0.2677165,0.4416667,1.0000000
27500.0,0.6221046,0.0000000,0.1169317,0.5930233,0.3209877,0.1437500,0.2222222,0.3228346,0.5990385,0.0000000
27514.0,0.2945069,0.0000000,0.1867789,0.2674419,0.6296296,0.1062500,0.0500000,0.1574803,0.4666667,1.0000000
27551.0,0.2640635,0.0000000,0.1353290,0.7325581,0.1728395,0.0250000,0.0388889,0.0944882,0.6506410,1.0000000
27564.0,0.0516214,0.0000000,0.2853134,0.2325581,0.7407407,0.0187500,0.0888889,0.2598425,0.7695513,1.0000000
27595.0,0.2197220,0.0000000,0.2560025,0.6627907,0.3333333,0.1875000,0.1205944,0.2365669,0.5970513,0.0000000
27605.0,0.0933157,0.0000000,0.2715934,0.3720930,0.5308642,0.0312500,0.0277778,0.1023622,0.6217949,1.0000000
27608.0,0.0138981,0.0000000,0.2800125,0.3139535,0.5925926,0.0125000,0.1205944,0.2365669,0.5970513,0.0000000
27611.0,0.7273329,0.0000000,0.5397568,0.9186047,0.0987654,0.5812500,0.1205944,0.2365669,0.5970513,0.0000000
27762.0,0.0430179,0.0000000,0.3317742,0.0813953,0.9382716,0.0312500,0.0611111,0.1338583,0.6666667,0.0000000
27811.0,0.5155526,0.0000000,0.0576863,0.5581395,0.3086420,0.1187500,0.0166667,0.1181102,0.5192308,1.0000000
27840.0,0.1244209,0.0000000,0.1980044,0.2441860,0.6913580,0.0562500,0.1205944,0.2365669,0.5970513,1.0000000
27921.0,0.0145599,0.0000000,0.2472716,0.2093023,0.7654321,0.0187500,0.2055556,0.3622047,0.6506410,0.0000000
28056.0,0.3507611,0.0000000,0.4493296,0.9651163,0.5432099,0.6312500,0.0444444,0.1023622,0.5833333,1.0000000
28063.0,0.0569159,0.0000000,0.3342688,0.2674419,0.5925926,0.0000000,0.1205944,0.2365669,0.5970513,0.0000000
28091.0,0.2878888,0.0000000,0.1131899,0.6162791,0.3209877,0.1312500,0.0333333,0.1023622,0.5929487,1.0000000
28145.0,0.0165453,0.0000000,0.1690053,0.9302326,0.7160494,0.0000000,0.0777778,0.1417323,0.5192308,0.0000000
28170.0,0.0873594,0.0000000,0.1156844,0.5465116,0.4567901,0.0187500,0.0500000,0.1968504,0.7500000,0.0000000
28173.0,0.2084712,0.0000000,0.2485189,0.4651163,0.4938272,0.0375000,0.1277778,0.0866142,0.5064103,0.0000000
28189.0,0.3275976,0.0000000,0.0127845,0.2906977,0.6666667,0.0625000,0.0277778,0.0866142,0.5448718,0.0000000
28305.0,0.3031105,0.0000000,0.0910508,0.3372093,0.5925926,0.0000000,0.0277778,0.0787402,0.6346154,0.0000000
28333.0,0.3355394,0.0000000,0.1512317,0.7790698,0.2098765,0.0500000,0.0277778,0.1574803,0.4858974,0.0000000
28347.0,0.1972204,0.0000000,0.0873090,0.6744186,0.3086420,0.0125000,0.0277778,0.1181102,0.3974359,0.0000000
28373.0,0.0820649,0.0000000,0.1094481,0.1162791,0.8518519,0.0375000,0.1205944,0.2365669,0.5970513,0.0000000
28379.0,0.0628723,0.0000000,0.3894606,0.5930233,0.3827160,0.1937500,0.1205944,0.2365669,0.5970513,1.0000000
28385.0,0.0516214,0.0000000,0.0374181,0.6976744,0.2716049,0.0437500,0.1444444,0.2440945,0.6272436,0.0000000
28402.0,0.1919259,0.0000000,0.1730589,0.3837209,0.6172840,0.0125000,0.0777778,0.2125984,0.9551282,0.0000000
28644.0,0.2011913,0.0000000,0.1739944,0.4767442,0.4567901,0.0125000,0.0722222,0.1574803,0.3378205,0.0000000
28649.0,0.0099272,0.0000000,0.2039289,0.3953488,0.6049383,0.0000000,0.3555556,0.4173228,0.6570513,0.0000000
28664.0,0.4341496,0.0000000,0.2220143,0.4418605,0.5802469,0.0250000,0.0166667,0.0472441,0.5929487,0.0000000
28730.0,0.2236929,0.0000000,0.2319925,0.7558140,0.2469136,0.0062500,0.0444444,0.1181102,0.5256410,0.0000000
28907.0,0.0264725,0.0000000,0.2454007,0.4302326,0.5308642,0.0500000,0.0500000,0.3070866,0.5275641,0.0000000
28920.0,0.0026473,0.0000000,0.3333333,0.2325581,0.6419753,0.0000000,0.0166667,0.0944882,0.3397436,0.0000000
28952.0,0.2832561,0.0000000,0.1265981,0.4883721,0.4814815,0.0500000,0.0111111,0.0393701,0.6794872,0.0000000
28978.0,0.0357379,0.0000000,0.3492360,0.3255814,0.6172840,0.0312500,0.1205944,0.2365669,0.5970513,0.0000000
28979.0,0.0052945,0.0000000,0.4652323,0.1744186,0.8271605,0.0000000,0.1111111,0.1181102,0.4775641,0.0000000
28998.0,0.1515553,0.0000000,0.3411288,0.1744186,0.7283951,0.0375000,0.1722222,0.1259843,0.5512821,0.0000000
29027.0,0.5148908,0.0000000,0.3464297,0.8372093,0.0864198,0.2312500,0.0722222,0.1653543,0.6666667,0.0000000
29050.0,0.0602250,0.0000000,0.3451824,0.5813953,0.4074074,0.0500000,0.0666667,0.1732283,0.6826923,0.0000000
29052.0,0.2078094,0.0000000,0.2023698,0.3720930,0.5679012,0.0000000,0.0333333,0.0866142,0.6099359,0.0000000
29055.0,0.0052945,0.0000000,0.6158403,0.5581395,0.3703704,0.0625000,0.6611111,1.0000000,0.6820513,0.0000000
29102.0,0.6313700,0.0000000,0.1705644,0.6395349,0.3333333,0.1500000,0.0277778,0.0629921,0.6506410,1.0000000
29118.0,0.7458637,0.0000000,0.0782663,0.7325581,0.2592593,0.2562500,0.0500000,0.0629921,0.6634615,0.0000000
29122.0,0.0959629,0.0000000,0.2737761,0.1744186,0.8641975,0.0187500,0.0888889,0.1496063,0.8333333,0.0000000
29197.0,0.1356717,0.0000000,0.1493608,0.5930233,0.3827160,0.0375000,0.0277778,0.1023622,0.6826923,0.0000000
29254.0,0.0814030,0.0000000,0.1016526,0.3720930,0.5802469,0.0312500,0.1205944,0.2365669,0.5970513,0.0000000
29259.0,0.4692257,0.0000000,0.3532897,0.8953488,0.0864198,0.0812500,0.1205944,0.2365669,0.5970513,0.0000000
29268.0,0.2554600,0.0000000,0.0957281,0.4302326,0.5802469,0.0062500,0.0777778,0.2125984,0.5576923,0.0000000
29290.0,0.0436797,0.0000000,0.1864671,0.4069767,0.6049383,0.0437500,0.0888889,0.1338583,0.5897436,0.0000000
29314.0,0.0569159,0.0000000,0.2285625,0.5465116,0.4197531,0.1562500,0.1205944,0.2365669,0.5970513,0.0000000
29316.0,0.3924553,0.0000000,0.2273152,0.5697674,0.3950617,0.0625000,0.1205944,0.2365669,0.5970513,0.0000000
29331.0,0.5314361,0.0000000,0.2310571,0.5813953,0.2839506,0.0562500,0.0611111,0.0866142,0.5051282,1.0000000
29351.0,0.2349437,0.0000000,0.5179295,0.8255814,0.1604938,0.6375000,0.0500000,0.0629921,0.6057692,0.0000000
29369.0,0.1839841,0.0000000,0.2404116,0.7209302,0.2469136,0.6437500,0.0611111,0.1181102,0.5705128,0.0000000
29370.0,0.5479815,0.0000000,0.1998753,0.7441860,0.1975309,0.0250000,0.0611111,0.0787402,0.6086538,0.0000000
29372.0,0.0569159,0.0000000,0.3866542,0.2558140,0.7283951,0.0312500,0.0944444,0.2047244,0.7048077,0.0000000
29471.0,0.1608206,0.0000000,0.1016526,0.4418605,0.4691358,0.0750000,0.1205944,0.2365669,0.5970513,0.0000000
29493.0,0.4010589,0.0000000,0.1817898,0.5232558,0.4691358,0.0687500,0.1205944,0.2365669,0.5970513,0.0000000
29551.0,0.1475844,0.0000000,0.2637979,0.5348837,0.3703704,0.0687500,0.1205944,0.2365669,0.5970513,0.0000000
29559.0,0.1310390,0.0000000,0.0480200,0.4418605,0.5679012,0.3250000,0.1205944,0.2365669,0.5970513,0.0000000
29572.0,0.0701522,0.0000000,0.1228563,0.4186047,0.5679012,0.0312500,0.1388889,0.1338583,0.7852564,0.0000000
29614.0,0.0648577,0.0000000,0.1945744,0.3139535,0.6790123,0.0500000,0.0333333,0.1023622,0.4262821,0.0000000
29640.0,0.1568498,0.0000000,0.1287808,0.6046512,0.3703704,0.0187500,0.0555556,0.1574803,0.7820513,0.0000000
29669.0,0.3183322,0.0000000,0.1415653,0.5697674,0.4074074,0.0437500,0.0333333,0.0787402,0.6634615,0.0000000
29896.0,0.7590999,0.0000000,0.0639227,0.4883721,0.5061728,0.0250000,0.0611111,0.0236220,0.6346154,0.0000000
29962.0,0.0218398,0.0000000,0.3691924,0.1279070,0.9259259,0.0687500,0.0833333,0.1811024,0.7660256,0.0000000
30008.0,0.5771013,0.0000000,0.1153726,0.7209302,0.1728395,0.0187500,0.1205944,0.2365669,0.5970513,0.0000000
